row_index,source,year,dat_score,between_unit_posaware,uniqueness_human_agnostic,in_reference_pool,matched
0,olson_pnas2021,2022,83.030685,82.571199,82.241250,1,1
1,olson_pnas2021,2022,80.903122,78.391485,79.374172,1,1
2,olson_pnas2021,2022,68.284599,76.899896,78.471882,0,1
3,olson_pnas2021,2022,73.696213,77.301073,77.843534,1,1
4,olson_pnas2021,2022,75.083206,79.112457,78.830415,0,1
5,olson_pnas2021,2022,78.344742,76.987774,77.625156,0,1
6,olson_pnas2021,2022,78.988998,79.822560,79.545103,0,1
7,olson_pnas2021,2022,78.967384,77.633349,79.413453,0,1
8,olson_pnas2021,2022,75.998947,81.961425,82.386201,0,1
9,olson_pnas2021,2022,86.238068,81.652724,82.819595,1,1
10,olson_pnas2021,2022,83.758232,82.980858,82.838544,1,1
11,olson_pnas2021,2022,67.228439,77.854887,78.488622,1,1
12,olson_pnas2021,2022,84.367592,80.616042,82.102970,1,1
13,olson_pnas2021,2022,79.477463,80.103547,80.319837,0,1
14,olson_pnas2021,2022,69.728104,75.150045,76.086143,0,1
15,olson_pnas2021,2022,83.777710,80.183892,81.136689,0,1
16,olson_pnas2021,2022,88.254845,85.353138,85.282786,1,1
17,olson_pnas2021,2022,79.728958,82.527175,82.398284,0,1
18,olson_pnas2021,2022,81.018349,80.433078,81.913198,0,1
19,olson_pnas2021,2022,86.789062,81.846332,82.419310,1,1
20,olson_pnas2021,2022,69.791382,76.339311,77.607136,0,1
21,olson_pnas2021,2022,81.275574,79.399655,79.746697,1,1
22,olson_pnas2021,2022,85.616562,81.888513,83.052492,0,1
23,olson_pnas2021,2022,71.918266,77.315444,79.937497,1,1
24,olson_pnas2021,2022,70.520561,74.883808,76.101446,0,1
25,olson_pnas2021,2022,71.392715,78.308251,77.874648,1,1
26,olson_pnas2021,2022,76.379875,78.381168,78.456387,1,1
27,olson_pnas2021,2022,76.334732,77.997645,78.309134,0,1
28,olson_pnas2021,2022,79.944054,79.167225,79.904534,1,1
29,olson_pnas2021,2022,86.415031,,,0,0
30,olson_pnas2021,2022,84.180016,80.759651,81.768628,0,1
31,olson_pnas2021,2022,78.338066,79.970488,80.789936,0,1
32,olson_pnas2021,2022,75.980789,77.788559,78.471431,0,1
33,olson_pnas2021,2022,82.318069,82.225181,82.419734,1,1
34,olson_pnas2021,2022,74.284622,78.799706,78.868598,1,1
35,olson_pnas2021,2022,76.106522,79.245048,78.803242,0,1
36,olson_pnas2021,2022,89.723030,85.284153,86.130339,0,1
37,olson_pnas2021,2022,79.078117,79.841061,80.839127,0,1
38,olson_pnas2021,2022,86.110291,81.078487,81.808026,0,1
39,olson_pnas2021,2022,81.593674,82.724273,84.192102,1,1
40,olson_pnas2021,2022,84.569641,84.173412,83.374321,1,1
41,olson_pnas2021,2022,86.084076,88.012515,87.518046,1,1
42,olson_pnas2021,2022,76.493851,77.675846,78.691312,0,1
43,olson_pnas2021,2022,78.570160,81.093576,80.881232,1,1
44,olson_pnas2021,2022,86.445564,83.332241,83.674943,1,1
45,olson_pnas2021,2022,82.800552,80.975435,80.613310,1,1
46,olson_pnas2021,2022,74.026138,77.756233,77.314915,0,1
47,olson_pnas2021,2022,81.814590,81.257555,81.676175,1,1
48,olson_pnas2021,2022,73.588608,80.726823,81.838942,1,1
49,olson_pnas2021,2022,80.172852,82.850797,83.546369,0,1
50,olson_pnas2021,2022,82.380020,80.603965,80.440525,1,1
51,olson_pnas2021,2022,79.492462,78.786416,79.205454,0,1
52,olson_pnas2021,2022,73.671898,81.200231,80.869446,0,1
53,olson_pnas2021,2022,70.459267,76.418823,76.667613,0,1
54,olson_pnas2021,2022,84.922218,81.321625,82.321869,0,1
55,olson_pnas2021,2022,77.528503,79.176463,78.782922,0,1
56,olson_pnas2021,2022,84.191895,84.512564,85.149456,0,1
57,olson_pnas2021,2022,77.355110,78.792129,78.319807,1,1
58,olson_pnas2021,2022,81.233368,82.806691,82.676436,1,1
59,olson_pnas2021,2022,79.548195,80.755171,81.878618,0,1
60,olson_pnas2021,2022,72.361977,75.965237,77.029485,0,1
61,olson_pnas2021,2022,78.235382,79.113087,78.901493,0,1
62,olson_pnas2021,2022,75.486557,78.072460,78.122137,0,1
63,olson_pnas2021,2022,79.691574,79.266340,79.424478,0,1
64,olson_pnas2021,2022,88.215080,84.265407,86.328052,1,1
65,olson_pnas2021,2022,90.300858,83.047391,83.669656,1,1
66,olson_pnas2021,2022,80.528732,85.561669,86.707062,0,1
67,olson_pnas2021,2022,79.516739,79.213200,79.598544,0,1
68,olson_pnas2021,2022,80.972191,79.626087,80.365978,0,1
69,olson_pnas2021,2022,85.070839,84.116361,85.079708,1,1
70,olson_pnas2021,2022,72.920052,77.870538,77.958443,1,1
71,olson_pnas2021,2022,82.814552,82.405676,81.921392,0,1
72,olson_pnas2021,2022,79.985344,81.665413,81.331043,0,1
73,olson_pnas2021,2022,79.684898,81.271393,80.690612,0,1
74,olson_pnas2021,2022,88.459435,90.204984,90.530679,1,1
75,olson_pnas2021,2022,77.641335,78.633254,79.231907,0,1
76,olson_pnas2021,2022,81.392342,79.799969,80.256913,1,1
77,olson_pnas2021,2022,81.488472,79.618665,79.255130,0,1
78,olson_pnas2021,2022,85.325798,80.110554,80.703138,0,1
79,olson_pnas2021,2022,89.807007,86.311849,86.155070,0,1
80,olson_pnas2021,2022,82.705498,80.324656,80.381264,1,1
81,olson_pnas2021,2022,77.189293,78.874996,78.986359,0,1
82,olson_pnas2021,2022,78.614632,79.182969,79.497787,1,1
83,olson_pnas2021,2022,87.695923,82.324079,82.601771,1,1
84,olson_pnas2021,2022,77.400368,80.301903,80.134496,1,1
85,olson_pnas2021,2022,85.412857,81.065535,81.236764,0,1
86,olson_pnas2021,2022,87.820244,83.362257,83.811588,0,1
87,olson_pnas2021,2022,77.279190,77.992921,78.259727,1,1
88,olson_pnas2021,2022,80.331024,80.063887,80.116723,0,1
89,olson_pnas2021,2022,78.220970,78.662503,78.945785,0,1
90,olson_pnas2021,2022,79.160469,79.786403,79.478175,0,1
91,olson_pnas2021,2022,62.775452,75.362242,76.261872,1,1
92,olson_pnas2021,2022,74.585686,79.904825,79.824039,0,1
93,olson_pnas2021,2022,71.127113,80.043178,80.767792,1,1
94,olson_pnas2021,2022,83.924454,80.829738,80.931439,1,1
95,olson_pnas2021,2022,78.936523,78.187837,79.679224,1,1
96,olson_pnas2021,2022,83.794556,82.023664,82.399422,1,1
97,olson_pnas2021,2022,71.981415,78.873911,79.714406,1,1
98,olson_pnas2021,2022,76.099548,78.448158,78.734326,1,1
99,olson_pnas2021,2022,78.376991,77.185094,78.813528,0,1
100,olson_pnas2021,2022,74.476936,78.123249,78.241614,0,1
101,olson_pnas2021,2022,88.059059,84.670849,84.862902,1,1
102,olson_pnas2021,2022,82.345131,81.679776,81.946716,1,1
103,olson_pnas2021,2022,83.667404,81.423996,82.872931,0,1
104,olson_pnas2021,2022,72.902908,77.190092,79.284674,1,1
105,olson_pnas2021,2022,86.129288,83.028311,83.096418,1,1
106,olson_pnas2021,2022,74.482925,75.814619,76.606213,1,1
107,olson_pnas2021,2022,71.585396,76.421211,77.093412,1,1
108,olson_pnas2021,2022,90.762558,88.018455,87.961139,1,1
109,olson_pnas2021,2022,77.118149,78.540538,78.994407,1,1
110,olson_pnas2021,2022,72.921738,76.677311,77.268920,0,1
111,olson_pnas2021,2022,85.361496,86.444650,86.558063,0,1
112,olson_pnas2021,2022,85.426453,79.861668,81.331448,0,1
113,olson_pnas2021,2022,78.251984,79.248971,79.581615,0,1
114,olson_pnas2021,2022,87.485001,82.253942,82.500596,1,1
115,olson_pnas2021,2022,81.614426,81.150752,80.504477,1,1
116,olson_pnas2021,2022,72.141174,75.642689,76.561635,0,1
117,olson_pnas2021,2022,84.234253,79.418359,81.097558,1,1
118,olson_pnas2021,2022,86.313217,82.406981,82.696786,1,1
119,olson_pnas2021,2022,85.892815,83.927718,84.132816,0,1
120,olson_pnas2021,2022,85.473442,,,0,0
121,olson_pnas2021,2022,74.107758,76.369715,76.912805,1,1
122,olson_pnas2021,2022,74.658859,77.449853,78.338945,1,1
123,olson_pnas2021,2022,81.205124,79.078372,80.134001,0,1
124,olson_pnas2021,2022,87.080605,84.617038,84.450635,0,1
125,olson_pnas2021,2022,74.943306,77.446759,78.276615,0,1
126,olson_pnas2021,2022,87.339317,82.338340,83.189934,1,1
127,olson_pnas2021,2022,72.975189,79.789641,79.397801,0,1
128,olson_pnas2021,2022,87.076065,85.878078,86.383098,1,1
129,olson_pnas2021,2022,51.018097,75.440463,76.571889,0,1
130,olson_pnas2021,2022,89.913956,86.866362,87.881048,0,1
131,olson_pnas2021,2022,74.720505,78.857568,78.986306,1,1
132,olson_pnas2021,2022,76.947510,78.850293,78.964207,1,1
133,olson_pnas2021,2022,75.004425,80.387530,81.751937,0,1
134,olson_pnas2021,2022,78.434990,79.563148,79.369476,1,1
135,olson_pnas2021,2022,79.267975,78.063705,79.733298,1,1
136,olson_pnas2021,2022,88.541031,83.558985,82.885727,0,1
137,olson_pnas2021,2022,71.254036,76.950394,77.999131,1,1
138,olson_pnas2021,2022,76.381645,79.530084,79.356149,1,1
139,olson_pnas2021,2022,82.359283,79.453582,81.052928,1,1
140,olson_pnas2021,2022,75.161591,79.365598,79.039864,0,1
141,olson_pnas2021,2022,82.641876,81.256531,81.376656,1,1
142,olson_pnas2021,2022,84.851372,81.331539,82.679450,1,1
143,olson_pnas2021,2022,92.673218,85.093769,85.375693,1,1
144,olson_pnas2021,2022,77.574745,77.468738,79.291824,0,1
145,olson_pnas2021,2022,80.008629,82.017844,82.261596,0,1
146,olson_pnas2021,2022,83.295563,86.202328,85.850394,1,1
147,olson_pnas2021,2022,88.462639,84.955364,86.194753,1,1
148,olson_pnas2021,2022,86.467346,81.053481,81.093568,0,1
149,olson_pnas2021,2022,83.948616,82.190753,82.386604,1,1
150,olson_pnas2021,2022,88.556496,82.470914,82.866798,0,1
151,olson_pnas2021,2022,82.718124,83.732399,85.039181,0,1
152,olson_pnas2021,2022,75.436073,77.866078,77.920146,0,1
153,olson_pnas2021,2022,74.864418,80.270896,79.911213,1,1
154,olson_pnas2021,2022,84.564606,83.996780,84.123156,1,1
155,olson_pnas2021,2022,81.646484,82.080986,81.992913,0,1
156,olson_pnas2021,2022,91.545609,86.436126,87.086758,0,1
157,olson_pnas2021,2022,76.936897,77.789238,78.729585,1,1
158,olson_pnas2021,2022,75.923416,77.812975,79.007877,1,1
159,olson_pnas2021,2022,80.273193,78.478167,78.428058,0,1
160,olson_pnas2021,2022,70.950645,78.582042,78.114362,0,1
161,olson_pnas2021,2022,73.897812,78.294272,77.963813,1,1
162,olson_pnas2021,2022,84.062813,80.557574,81.092061,1,1
163,olson_pnas2021,2022,74.735748,79.226867,78.945680,1,1
164,olson_pnas2021,2022,78.455780,77.295366,78.248676,0,1
165,olson_pnas2021,2022,81.449860,80.741837,80.748241,0,1
166,olson_pnas2021,2022,69.262383,75.132870,75.297436,0,1
167,olson_pnas2021,2022,78.102150,80.580955,81.364287,0,1
168,olson_pnas2021,2022,78.737396,80.731787,82.999325,1,1
169,olson_pnas2021,2022,72.386314,74.868223,76.121371,1,1
170,olson_pnas2021,2022,68.205048,78.264375,78.960589,1,1
171,olson_pnas2021,2022,71.309784,77.407615,78.206901,1,1
172,olson_pnas2021,2022,73.335350,78.103162,77.403910,1,1
173,olson_pnas2021,2022,83.199158,83.116878,83.252576,0,1
174,olson_pnas2021,2022,82.796875,81.533281,81.492297,0,1
175,olson_pnas2021,2022,57.060539,73.112107,75.053945,1,1
176,olson_pnas2021,2022,82.603821,80.256078,80.423411,1,1
177,olson_pnas2021,2022,80.184647,80.073685,79.535848,1,1
178,olson_pnas2021,2022,84.668159,84.132560,83.844777,1,1
179,olson_pnas2021,2022,74.745522,77.462541,79.407657,0,1
180,olson_pnas2021,2022,60.934948,78.765894,79.506878,0,1
181,olson_pnas2021,2022,76.076935,77.850969,77.555911,1,1
182,olson_pnas2021,2022,83.115646,83.814258,84.430764,1,1
183,olson_pnas2021,2022,83.742958,80.274513,81.216205,0,1
184,olson_pnas2021,2022,86.887810,84.083868,85.044718,0,1
185,olson_pnas2021,2022,74.126503,78.953831,78.704636,1,1
186,olson_pnas2021,2022,76.903816,77.351040,78.398604,1,1
187,olson_pnas2021,2022,84.452354,80.733377,81.713861,0,1
188,olson_pnas2021,2022,80.784157,81.637922,81.978617,0,1
189,olson_pnas2021,2022,77.922874,79.284106,79.539201,1,1
190,olson_pnas2021,2022,73.620750,76.835720,77.241880,1,1
191,olson_pnas2021,2022,78.357628,79.993214,79.141192,0,1
192,olson_pnas2021,2022,86.556244,80.884895,82.054056,0,1
193,olson_pnas2021,2022,76.056412,81.807942,83.286529,1,1
194,olson_pnas2021,2022,82.788849,79.595345,80.808206,1,1
195,olson_pnas2021,2022,81.900177,80.091108,81.555356,1,1
196,olson_pnas2021,2022,69.703247,77.315115,77.441026,0,1
197,olson_pnas2021,2022,83.835899,81.404698,80.875349,1,1
198,olson_pnas2021,2022,79.009148,80.225583,81.027991,1,1
199,olson_pnas2021,2022,80.916512,83.841208,83.676927,0,1
200,olson_pnas2021,2022,75.920830,78.111740,77.441598,1,1
201,olson_pnas2021,2022,82.191132,87.982590,87.340635,0,1
202,olson_pnas2021,2022,77.998940,79.186320,78.473623,0,1
203,olson_pnas2021,2022,78.793457,78.296854,78.885333,1,1
204,olson_pnas2021,2022,82.246307,80.504408,80.951802,0,1
205,olson_pnas2021,2022,84.277046,80.654603,82.017368,0,1
206,olson_pnas2021,2022,81.235626,83.203189,84.037050,1,1
207,olson_pnas2021,2022,85.314468,81.533184,81.801022,0,1
208,olson_pnas2021,2022,55.320007,76.227773,76.391185,0,1
209,olson_pnas2021,2022,87.286812,83.210189,83.577440,0,1
210,olson_pnas2021,2022,84.276703,80.848027,81.393697,1,1
211,olson_pnas2021,2022,70.637863,76.552854,76.645242,0,1
212,olson_pnas2021,2022,63.518505,78.122481,79.069895,0,1
213,olson_pnas2021,2022,79.932938,83.933186,83.231793,0,1
214,olson_pnas2021,2022,77.237083,80.084385,80.166858,1,1
215,olson_pnas2021,2022,74.168617,77.916695,78.246445,0,1
216,olson_pnas2021,2022,77.566322,77.288436,78.675277,1,1
217,olson_pnas2021,2022,76.150826,76.587351,77.689488,1,1
218,olson_pnas2021,2022,78.019249,78.454635,78.105607,0,1
219,olson_pnas2021,2022,81.316063,78.781705,79.259100,1,1
220,olson_pnas2021,2022,85.121254,82.062870,82.009799,0,1
221,olson_pnas2021,2022,75.053825,78.648407,78.081096,0,1
222,olson_pnas2021,2022,72.587570,77.249138,77.215439,1,1
223,olson_pnas2021,2022,79.471985,78.874527,79.018173,0,1
224,olson_pnas2021,2022,77.070587,79.179922,80.503800,0,1
225,olson_pnas2021,2022,71.943581,74.642680,76.185219,1,1
226,olson_pnas2021,2022,79.226250,80.182227,80.363330,0,1
227,olson_pnas2021,2022,79.240707,80.224267,80.608719,0,1
228,olson_pnas2021,2022,82.089134,82.638020,82.205563,1,1
229,olson_pnas2021,2022,81.742432,82.093283,81.449445,0,1
230,olson_pnas2021,2022,78.337219,78.314623,79.955460,0,1
231,olson_pnas2021,2022,85.573990,81.881868,82.646903,0,1
232,olson_pnas2021,2022,73.387321,76.428604,77.147386,1,1
233,olson_pnas2021,2022,75.622360,78.503579,78.511967,1,1
234,olson_pnas2021,2022,76.633629,77.402592,79.307115,0,1
235,olson_pnas2021,2022,83.104012,79.953455,80.430197,1,1
236,olson_pnas2021,2022,80.504623,83.451578,82.929542,0,1
237,olson_pnas2021,2022,80.433228,81.132316,81.220010,0,1
238,olson_pnas2021,2022,83.539688,87.726680,87.335249,0,1
239,olson_pnas2021,2022,77.906418,77.214649,77.503462,0,1
240,olson_pnas2021,2022,75.497108,77.758071,77.401786,0,1
241,olson_pnas2021,2022,84.732384,81.374145,82.880283,1,1
242,olson_pnas2021,2022,80.449608,82.055790,81.569569,0,1
243,olson_pnas2021,2022,70.731041,76.395023,76.896056,0,1
244,olson_pnas2021,2022,76.724884,77.627867,78.679417,0,1
245,olson_pnas2021,2022,85.327133,80.900945,81.263391,0,1
246,olson_pnas2021,2022,74.179390,76.077219,77.325331,1,1
247,olson_pnas2021,2022,69.753609,78.011380,78.004123,0,1
248,olson_pnas2021,2022,82.793045,80.311249,80.503487,0,1
249,olson_pnas2021,2022,86.557816,83.553044,83.380964,0,1
250,olson_pnas2021,2022,73.514954,80.509474,80.695099,1,1
251,olson_pnas2021,2022,86.730675,82.582570,83.096118,0,1
252,olson_pnas2021,2022,78.483185,79.410798,80.655355,1,1
253,olson_pnas2021,2022,80.673370,79.835394,79.190934,1,1
254,olson_pnas2021,2022,76.291000,78.667665,78.872738,1,1
255,olson_pnas2021,2022,74.277946,79.204027,79.734818,0,1
256,olson_pnas2021,2022,72.546669,77.284511,77.058926,0,1
257,olson_pnas2021,2022,82.906967,80.565757,81.368049,0,1
258,olson_pnas2021,2022,76.295647,77.874083,78.414082,1,1
259,olson_pnas2021,2022,76.794762,78.273442,79.784250,0,1
260,olson_pnas2021,2022,79.511436,78.143132,79.939475,0,1
261,olson_pnas2021,2022,84.702698,82.715884,82.977401,0,1
262,olson_pnas2021,2022,78.805313,79.621842,78.922215,1,1
263,olson_pnas2021,2022,67.601303,75.594484,76.846770,0,1
264,olson_pnas2021,2022,75.488762,79.337679,79.152973,1,1
265,olson_pnas2021,2022,78.378883,79.715313,79.883502,1,1
266,olson_pnas2021,2022,88.009125,83.541386,83.861314,0,1
267,olson_pnas2021,2022,85.024734,83.153032,83.339781,1,1
268,olson_pnas2021,2022,83.592697,82.359187,82.236981,0,1
269,olson_pnas2021,2022,80.033493,,,0,0
270,olson_pnas2021,2022,80.262520,80.842505,81.621558,1,1
271,olson_pnas2021,2022,81.472939,80.310572,80.516504,1,1
272,olson_pnas2021,2022,73.307976,79.444076,78.997626,1,1
273,olson_pnas2021,2022,72.688538,76.047746,76.744318,0,1
274,olson_pnas2021,2022,73.124672,77.451601,77.419824,0,1
275,olson_pnas2021,2022,83.588570,79.904393,80.433141,0,1
276,olson_pnas2021,2022,75.729317,79.753012,80.267516,0,1
277,olson_pnas2021,2022,76.699814,78.426882,78.610926,1,1
278,olson_pnas2021,2022,71.391762,77.739657,79.245738,1,1
279,olson_pnas2021,2022,78.310822,78.774202,79.450955,1,1
280,olson_pnas2021,2022,78.352600,77.463889,78.174058,1,1
281,olson_pnas2021,2022,77.665298,80.275570,79.637324,1,1
282,olson_pnas2021,2022,83.550598,81.050903,82.032370,1,1
283,olson_pnas2021,2022,80.989998,79.424524,80.561008,0,1
284,olson_pnas2021,2022,78.028366,80.657281,80.190231,1,1
285,olson_pnas2021,2022,75.746567,76.066766,76.843820,1,1
286,olson_pnas2021,2022,82.853470,83.321924,82.868938,1,1
287,olson_pnas2021,2022,83.783562,80.785179,81.505590,0,1
288,olson_pnas2021,2022,79.360947,80.790087,80.847494,1,1
289,olson_pnas2021,2022,77.800385,,,0,0
290,olson_pnas2021,2022,81.604507,80.372983,80.383377,1,1
291,olson_pnas2021,2022,93.919167,89.679335,90.445681,0,1
292,olson_pnas2021,2022,86.075455,81.265789,82.578844,1,1
293,olson_pnas2021,2022,81.108383,79.871688,80.341268,0,1
294,olson_pnas2021,2022,71.154060,78.782800,79.218790,1,1
295,olson_pnas2021,2022,81.678596,79.927708,79.943469,1,1
296,olson_pnas2021,2022,71.876030,79.957461,81.362330,1,1
297,olson_pnas2021,2022,80.827400,78.935979,80.058715,0,1
298,olson_pnas2021,2022,74.212753,76.696135,77.593199,0,1
299,olson_pnas2021,2022,84.177986,81.284806,82.071186,1,1
300,olson_pnas2021,2022,82.615616,80.735553,81.571240,1,1
301,olson_pnas2021,2022,76.946419,77.286159,78.483900,1,1
302,olson_pnas2021,2022,87.271980,83.534012,83.371331,0,1
303,olson_pnas2021,2022,71.528519,78.415241,77.608736,1,1
304,olson_pnas2021,2022,72.856972,78.416578,77.832449,1,1
305,olson_pnas2021,2022,78.106346,78.629943,78.659790,1,1
306,olson_pnas2021,2022,70.609352,77.063067,76.646399,0,1
307,olson_pnas2021,2022,79.536491,79.926298,79.646935,0,1
308,olson_pnas2021,2022,70.685928,74.869482,77.363609,0,1
309,olson_pnas2021,2022,77.726707,77.602978,79.568074,0,1
310,olson_pnas2021,2022,73.015129,75.842843,76.111930,0,1
311,olson_pnas2021,2022,76.378250,78.419396,78.464196,0,1
312,olson_pnas2021,2022,87.127182,83.728919,83.833562,0,1
313,olson_pnas2021,2022,76.309303,80.447387,80.368881,1,1
314,olson_pnas2021,2022,84.632584,81.876169,81.748338,0,1
315,olson_pnas2021,2022,84.997955,81.546598,81.433842,0,1
316,olson_pnas2021,2022,57.127319,80.502177,80.785632,1,1
317,olson_pnas2021,2022,72.527573,75.455891,76.689840,1,1
318,olson_pnas2021,2022,74.236732,76.884672,77.404503,1,1
319,olson_pnas2021,2022,80.815750,80.789321,80.186271,1,1
320,olson_pnas2021,2022,77.834801,80.227251,79.360357,0,1
321,olson_pnas2021,2022,76.590485,78.545213,78.791534,1,1
322,olson_pnas2021,2022,82.216980,79.602353,80.379459,0,1
323,olson_pnas2021,2022,73.495102,76.813947,76.611525,0,1
324,olson_pnas2021,2022,79.219536,79.541265,80.494300,0,1
325,olson_pnas2021,2022,88.312256,83.677278,85.027608,1,1
326,olson_pnas2021,2022,77.826363,79.611569,80.020920,0,1
327,olson_pnas2021,2022,83.895340,81.275187,81.841826,0,1
328,olson_pnas2021,2022,88.548691,81.048920,81.452701,1,1
329,olson_pnas2021,2022,79.572884,81.465005,81.920199,1,1
330,olson_pnas2021,2022,76.386681,77.715153,78.265123,0,1
331,olson_pnas2021,2022,77.315712,77.869789,78.812552,1,1
332,olson_pnas2021,2022,76.161156,78.022707,78.520223,0,1
333,olson_pnas2021,2022,86.538872,84.526185,84.570375,0,1
334,olson_pnas2021,2022,78.117332,79.257380,80.101971,1,1
335,olson_pnas2021,2022,77.769554,77.751124,78.625208,0,1
336,olson_pnas2021,2022,77.500954,79.900013,79.637348,1,1
337,olson_pnas2021,2022,88.095047,84.927286,84.722048,0,1
338,olson_pnas2021,2022,73.382919,80.580481,81.768289,1,1
339,olson_pnas2021,2022,75.447372,76.915217,77.801007,1,1
340,olson_pnas2021,2022,72.400597,76.120968,76.815456,1,1
341,olson_pnas2021,2022,66.090599,76.070363,75.987916,1,1
342,olson_pnas2021,2022,74.877266,77.548673,78.597880,0,1
343,olson_pnas2021,2022,78.153259,78.615190,78.489490,1,1
344,olson_pnas2021,2022,79.575661,80.703257,80.719229,1,1
345,olson_pnas2021,2022,81.295792,81.553778,81.429855,1,1
346,olson_pnas2021,2022,86.167198,82.719608,84.030734,0,1
347,olson_pnas2021,2022,82.434151,79.290604,80.300459,0,1
348,olson_pnas2021,2022,83.186768,81.826867,82.594534,0,1
349,olson_pnas2021,2022,82.991776,79.238081,79.916997,0,1
350,olson_pnas2021,2022,79.179092,78.236622,78.436033,0,1
351,olson_pnas2021,2022,76.765129,76.885319,77.370985,1,1
352,olson_pnas2021,2022,72.249863,76.518815,76.966234,0,1
353,olson_pnas2021,2022,73.726906,77.200231,77.392519,1,1
354,olson_pnas2021,2022,76.510132,78.024677,78.002921,1,1
355,olson_pnas2021,2022,74.676384,77.307906,77.301115,1,1
356,olson_pnas2021,2022,78.044853,77.830633,79.435813,0,1
357,olson_pnas2021,2022,84.843224,79.863861,81.166446,0,1
358,olson_pnas2021,2022,75.438950,77.021233,77.242907,1,1
359,olson_pnas2021,2022,86.432297,83.735698,83.386027,1,1
360,olson_pnas2021,2022,81.818512,79.192568,79.806011,1,1
361,olson_pnas2021,2022,68.913223,77.945519,77.848956,1,1
362,olson_pnas2021,2022,77.180740,79.882487,80.087826,0,1
363,olson_pnas2021,2022,72.377792,80.205521,81.437292,0,1
364,olson_pnas2021,2022,78.509682,77.775762,78.537582,0,1
365,olson_pnas2021,2022,74.752327,78.032172,77.922799,0,1
366,olson_pnas2021,2022,76.075844,77.176378,78.153437,1,1
367,olson_pnas2021,2022,88.615700,82.602501,82.795724,1,1
368,olson_pnas2021,2022,73.403946,75.243999,77.255271,0,1
369,olson_pnas2021,2022,80.270073,81.210156,81.307900,1,1
370,olson_pnas2021,2022,77.161858,77.713013,78.006203,0,1
371,olson_pnas2021,2022,74.559219,75.951227,76.456286,0,1
372,olson_pnas2021,2022,70.963432,76.903490,76.837520,0,1
373,olson_pnas2021,2022,70.025528,78.306421,78.248866,1,1
374,olson_pnas2021,2022,74.670860,79.167086,79.738137,1,1
375,olson_pnas2021,2022,76.112587,79.839846,79.719866,0,1
376,olson_pnas2021,2022,80.137009,80.231443,79.754260,1,1
377,olson_pnas2021,2022,76.052406,78.635405,79.383457,0,1
378,olson_pnas2021,2022,75.841164,77.642189,78.622597,1,1
379,olson_pnas2021,2022,75.615509,76.387790,77.802001,1,1
380,olson_pnas2021,2022,76.799202,77.194595,78.040779,1,1
381,olson_pnas2021,2022,81.740982,80.766178,80.279523,1,1
382,olson_pnas2021,2022,82.116737,80.308668,80.079788,0,1
383,olson_pnas2021,2022,82.467010,79.501994,80.356317,0,1
384,olson_pnas2021,2022,64.407036,78.888462,77.802592,0,1
385,olson_pnas2021,2022,74.586716,79.409654,78.556996,0,1
386,olson_pnas2021,2022,73.325401,78.557470,78.144842,0,1
387,olson_pnas2021,2022,77.861252,77.844996,78.123325,1,1
388,olson_pnas2021,2022,72.027878,80.722325,81.705280,1,1
389,olson_pnas2021,2022,69.475258,75.531282,76.310674,0,1
390,olson_pnas2021,2022,77.024284,77.342656,78.040268,1,1
391,olson_pnas2021,2022,77.460808,80.655440,79.783454,0,1
392,olson_pnas2021,2022,79.503723,79.472561,80.969849,1,1
393,olson_pnas2021,2022,82.009521,80.179252,81.339395,1,1
394,olson_pnas2021,2022,86.183304,86.024787,85.915131,1,1
395,olson_pnas2021,2022,77.228874,78.749701,78.647098,1,1
396,olson_pnas2021,2022,76.668793,77.440152,77.923283,0,1
397,olson_pnas2021,2022,53.009670,74.994483,76.841747,0,1
398,olson_pnas2021,2022,84.758270,83.082700,83.908271,1,1
399,olson_pnas2021,2022,77.191147,78.654954,79.518894,1,1
400,olson_pnas2021,2022,70.952896,79.327572,80.237744,1,1
401,olson_pnas2021,2022,82.458778,82.331920,82.326207,1,1
402,olson_pnas2021,2022,76.380142,78.025790,79.562558,1,1
403,olson_pnas2021,2022,66.113770,75.722521,76.167669,0,1
404,olson_pnas2021,2022,72.150627,74.293159,75.681065,1,1
405,olson_pnas2021,2022,78.930611,81.116566,80.848030,1,1
406,olson_pnas2021,2022,69.846420,76.321550,76.700363,0,1
407,olson_pnas2021,2022,74.346527,78.053802,77.678729,0,1
408,olson_pnas2021,2022,68.316994,76.071275,75.944247,0,1
409,olson_pnas2021,2022,77.879250,78.161614,78.558027,0,1
410,olson_pnas2021,2022,72.291672,77.392320,77.817967,0,1
411,olson_pnas2021,2022,80.600533,79.093790,79.765262,1,1
412,olson_pnas2021,2022,81.805626,80.586344,80.491355,0,1
413,olson_pnas2021,2022,72.926422,76.672432,76.564515,0,1
414,olson_pnas2021,2022,78.768295,79.290809,78.880632,1,1
415,olson_pnas2021,2022,76.790550,78.290782,77.713946,0,1
416,olson_pnas2021,2022,74.713417,76.227976,77.544371,1,1
417,olson_pnas2021,2022,79.574547,78.931644,79.250780,0,1
418,olson_pnas2021,2022,74.964783,78.898305,80.566973,1,1
419,olson_pnas2021,2022,72.319305,77.169496,77.359466,0,1
420,olson_pnas2021,2022,85.523903,84.355938,84.706330,0,1
421,olson_pnas2021,2022,72.556679,77.897529,79.044472,1,1
422,olson_pnas2021,2022,60.497139,80.450002,80.789669,1,1
423,olson_pnas2021,2022,58.897163,74.508050,75.153105,0,1
424,olson_pnas2021,2022,84.389877,80.203970,80.796541,1,1
425,olson_pnas2021,2022,78.978523,78.932287,78.931749,0,1
426,olson_pnas2021,2022,83.806335,80.540813,80.996168,0,1
427,olson_pnas2021,2022,77.105560,79.615941,79.322293,0,1
428,olson_pnas2021,2022,76.481163,78.711037,78.393595,0,1
429,olson_pnas2021,2022,76.540901,79.046176,78.781275,1,1
430,olson_pnas2021,2022,66.160324,79.933445,79.330529,0,1
431,olson_pnas2021,2022,81.168297,79.455017,80.312960,1,1
432,olson_pnas2021,2022,78.107216,78.705139,79.258091,1,1
433,olson_pnas2021,2022,79.293617,78.410386,78.915708,0,1
434,olson_pnas2021,2022,59.335667,75.130791,76.424038,0,1
435,olson_pnas2021,2022,87.789902,88.522207,88.489149,0,1
436,olson_pnas2021,2022,81.281662,81.975407,81.483613,1,1
437,olson_pnas2021,2022,74.846474,80.450681,80.762586,0,1
438,olson_pnas2021,2022,78.629913,79.969697,80.287494,1,1
439,olson_pnas2021,2022,77.593147,85.587031,84.540992,1,1
440,olson_pnas2021,2022,66.717407,74.203979,74.711038,1,1
441,olson_pnas2021,2022,83.185989,81.557028,82.470644,1,1
442,olson_pnas2021,2022,81.610558,80.910215,81.956052,1,1
443,olson_pnas2021,2022,67.861351,76.023905,75.627725,1,1
444,olson_pnas2021,2022,73.718140,77.791669,78.634720,1,1
445,olson_pnas2021,2022,76.934959,77.123693,77.943411,1,1
446,olson_pnas2021,2022,73.232307,78.111153,78.280809,1,1
447,olson_pnas2021,2022,70.381058,77.270708,77.280150,0,1
448,olson_pnas2021,2022,67.467834,77.249768,76.937242,0,1
449,olson_pnas2021,2022,87.360710,84.618023,84.145025,1,1
450,olson_pnas2021,2022,90.463432,81.441370,82.952003,1,1
451,olson_pnas2021,2022,71.047783,77.682828,77.623758,0,1
452,olson_pnas2021,2022,75.745522,77.858403,78.593191,0,1
453,olson_pnas2021,2022,83.336327,81.781455,82.040253,1,1
454,olson_pnas2021,2022,74.977364,78.885026,78.971906,0,1
455,olson_pnas2021,2022,84.356598,81.364900,81.574649,1,1
456,olson_pnas2021,2022,73.778824,77.235030,77.349441,0,1
457,olson_pnas2021,2022,80.272850,80.414258,80.383835,0,1
458,olson_pnas2021,2022,75.435677,80.007471,79.597599,1,1
459,olson_pnas2021,2022,76.555878,78.516130,78.290295,0,1
460,olson_pnas2021,2022,79.267029,80.924699,82.399387,0,1
461,olson_pnas2021,2022,77.989990,77.215328,77.633753,1,1
462,olson_pnas2021,2022,83.697006,82.349671,82.480492,1,1
463,olson_pnas2021,2022,64.388725,75.036987,76.051615,1,1
464,olson_pnas2021,2022,75.830223,77.011656,77.217998,1,1
465,olson_pnas2021,2022,72.179970,77.409393,77.109283,0,1
466,olson_pnas2021,2022,81.830215,81.689180,81.071820,0,1
467,olson_pnas2021,2022,73.965179,77.456290,78.791343,1,1
468,olson_pnas2021,2022,74.689232,79.239037,79.081905,0,1
469,olson_pnas2021,2022,66.056023,78.046176,79.589657,1,1
470,olson_pnas2021,2022,81.818497,79.110772,80.666322,0,1
471,olson_pnas2021,2022,85.780815,83.373397,83.391180,0,1
472,olson_pnas2021,2022,76.988968,78.289127,78.325609,0,1
473,olson_pnas2021,2022,70.882378,77.138155,78.450653,1,1
474,olson_pnas2021,2022,83.679100,80.283273,81.050613,1,1
475,olson_pnas2021,2022,83.121887,84.870131,83.802641,1,1
476,olson_pnas2021,2022,60.746162,77.360344,78.258308,0,1
477,olson_pnas2021,2022,53.384296,73.221816,75.068628,0,1
478,olson_pnas2021,2022,88.536232,83.674649,83.861254,1,1
479,olson_pnas2021,2022,77.607849,78.600610,78.670769,1,1
480,olson_pnas2021,2022,82.638832,80.572268,81.388506,0,1
481,olson_pnas2021,2022,73.797066,78.270395,78.306899,0,1
482,olson_pnas2021,2022,78.005966,78.750570,78.938337,1,1
483,olson_pnas2021,2022,80.864159,79.894385,82.272865,0,1
484,olson_pnas2021,2022,74.303932,80.543705,79.656347,0,1
485,olson_pnas2021,2022,71.767982,79.450920,78.920391,1,1
486,olson_pnas2021,2022,82.057159,83.690479,84.931556,0,1
487,olson_pnas2021,2022,76.441673,77.061824,77.562235,1,1
488,olson_pnas2021,2022,80.327293,80.409094,79.969995,1,1
489,olson_pnas2021,2022,66.734596,74.455672,76.066009,0,1
490,olson_pnas2021,2022,73.599640,78.467394,78.082533,0,1
491,olson_pnas2021,2022,71.897850,76.201111,77.300780,0,1
492,olson_pnas2021,2022,78.584892,79.433859,80.048191,0,1
493,olson_pnas2021,2022,81.028053,81.135036,80.985044,0,1
494,olson_pnas2021,2022,81.688644,81.094681,81.341607,0,1
495,olson_pnas2021,2022,85.076591,83.013229,83.121969,1,1
496,olson_pnas2021,2022,38.328083,74.269233,75.846167,0,1
497,olson_pnas2021,2022,78.827812,80.668100,81.222098,1,1
498,olson_pnas2021,2022,78.787109,80.679928,81.273086,1,1
499,olson_pnas2021,2022,80.978081,79.657293,79.868570,0,1
500,olson_pnas2021,2022,88.410332,86.231409,86.150716,1,1
501,olson_pnas2021,2022,79.345352,77.495134,78.574682,1,1
502,olson_pnas2021,2022,86.309578,85.918431,85.772287,0,1
503,olson_pnas2021,2022,73.849197,76.629040,77.296083,0,1
504,olson_pnas2021,2022,79.877747,81.482962,80.699976,1,1
505,olson_pnas2021,2022,77.185661,77.861133,78.586258,0,1
506,olson_pnas2021,2022,52.807682,79.498015,79.721024,0,1
507,olson_pnas2021,2022,71.755524,78.858868,78.983784,0,1
508,olson_pnas2021,2022,72.243866,77.880549,77.760432,1,1
509,olson_pnas2021,2022,73.887169,84.990896,86.805328,0,1
510,olson_pnas2021,2022,83.087852,83.694768,83.377818,1,1
511,olson_pnas2021,2022,67.510292,76.855671,78.886697,1,1
512,olson_pnas2021,2022,72.234634,76.378982,76.395558,1,1
513,olson_pnas2021,2022,74.065392,77.491084,77.732881,0,1
514,olson_pnas2021,2022,75.310692,77.702421,79.777619,0,1
515,olson_pnas2021,2022,73.167755,79.970364,79.930136,1,1
516,olson_pnas2021,2022,74.326065,76.875307,77.193159,0,1
517,olson_pnas2021,2022,71.131104,77.055856,77.456320,0,1
518,olson_pnas2021,2022,84.116188,81.030824,80.848761,0,1
519,olson_pnas2021,2022,74.791725,78.467456,78.312668,0,1
520,olson_pnas2021,2022,81.554070,76.839654,77.320968,0,1
521,olson_pnas2021,2022,84.158745,80.893453,81.518153,0,1
522,olson_pnas2021,2022,72.979729,76.627855,77.496125,1,1
523,olson_pnas2021,2022,82.309898,80.948540,80.415614,0,1
524,olson_pnas2021,2022,79.410408,80.053265,80.124118,0,1
525,olson_pnas2021,2022,80.393776,79.750274,80.197330,0,1
526,olson_pnas2021,2022,74.751022,77.225895,77.703042,1,1
527,olson_pnas2021,2022,83.490196,84.350398,84.417740,1,1
528,olson_pnas2021,2022,87.657738,,,0,0
529,olson_pnas2021,2022,87.025398,82.099149,83.599433,0,1
530,olson_pnas2021,2022,71.115601,79.569432,79.010083,0,1
531,olson_pnas2021,2022,88.302383,79.642731,81.901385,0,1
532,olson_pnas2021,2022,81.159798,79.687254,79.635792,0,1
533,olson_pnas2021,2022,75.175407,77.721888,77.838712,1,1
534,olson_pnas2021,2022,82.777420,80.727061,80.903480,0,1
535,olson_pnas2021,2022,66.321190,73.922569,74.295061,1,1
536,olson_pnas2021,2022,76.203377,81.479168,81.164490,1,1
537,olson_pnas2021,2022,74.659035,75.435831,76.245284,1,1
538,olson_pnas2021,2022,77.978569,79.468634,79.305022,1,1
539,olson_pnas2021,2022,81.597015,80.916789,80.757712,0,1
540,olson_pnas2021,2022,74.614464,78.339275,78.487378,1,1
541,olson_pnas2021,2022,71.184471,78.185758,77.606640,1,1
542,olson_pnas2021,2022,80.018440,79.547481,79.125693,1,1
543,olson_pnas2021,2022,91.139450,86.170516,86.991246,0,1
544,olson_pnas2021,2022,75.176414,76.712421,77.048454,0,1
545,olson_pnas2021,2022,72.084709,77.057923,76.853024,1,1
546,olson_pnas2021,2022,82.582664,82.866034,83.648954,0,1
547,olson_pnas2021,2022,76.009476,80.804189,81.170002,1,1
548,olson_pnas2021,2022,83.157570,79.856603,80.980338,1,1
549,olson_pnas2021,2022,74.339119,77.802709,78.348311,0,1
550,olson_pnas2021,2022,81.420624,79.395228,80.065147,0,1
551,olson_pnas2021,2022,79.079216,80.181955,79.720205,1,1
552,olson_pnas2021,2022,76.249382,79.465399,78.956362,0,1
553,olson_pnas2021,2022,82.061836,80.945320,81.510149,1,1
554,olson_pnas2021,2022,75.252495,79.955363,79.962247,0,1
555,olson_pnas2021,2022,80.893562,82.925979,84.347564,1,1
556,olson_pnas2021,2022,76.763710,77.461777,78.565192,0,1
557,olson_pnas2021,2022,81.203598,79.302765,79.467196,0,1
558,olson_pnas2021,2022,74.143585,79.487442,80.993032,0,1
559,olson_pnas2021,2022,80.219025,83.150261,82.705382,0,1
560,olson_pnas2021,2022,75.101059,77.762337,77.556759,1,1
561,olson_pnas2021,2022,78.576973,78.845370,79.286122,0,1
562,olson_pnas2021,2022,72.213791,75.279696,75.827998,1,1
563,olson_pnas2021,2022,84.985130,84.763941,84.801473,1,1
564,olson_pnas2021,2022,88.770378,82.153319,83.767903,1,1
565,olson_pnas2021,2022,87.153717,85.698730,86.035495,1,1
566,olson_pnas2021,2022,89.880226,85.483531,86.338117,1,1
567,olson_pnas2021,2022,77.360466,79.096422,78.790709,1,1
568,olson_pnas2021,2022,82.163498,79.994447,80.660011,1,1
569,olson_pnas2021,2022,81.254753,80.288363,81.945606,1,1
570,olson_pnas2021,2022,76.495697,79.070437,79.856889,1,1
571,olson_pnas2021,2022,81.380585,80.030824,80.114009,1,1
572,olson_pnas2021,2022,88.780304,85.460295,85.906299,0,1
573,olson_pnas2021,2022,67.301704,76.049232,77.627234,0,1
574,olson_pnas2021,2022,75.577042,77.201465,78.283628,1,1
575,olson_pnas2021,2022,69.910744,76.237866,76.911866,1,1
576,olson_pnas2021,2022,76.980194,79.341344,79.932183,1,1
577,olson_pnas2021,2022,80.648598,79.890825,80.535701,1,1
578,olson_pnas2021,2022,89.114662,85.342635,85.735919,0,1
579,olson_pnas2021,2022,82.713875,83.322052,83.072589,1,1
580,olson_pnas2021,2022,81.480080,82.495680,83.265858,0,1
581,olson_pnas2021,2022,69.404968,75.210966,75.732569,0,1
582,olson_pnas2021,2022,68.671127,77.475770,79.363681,0,1
583,olson_pnas2021,2022,88.129494,84.486890,84.478661,0,1
584,olson_pnas2021,2022,76.857216,90.389511,91.869873,0,1
585,olson_pnas2021,2022,80.633461,82.760202,82.825505,1,1
586,olson_pnas2021,2022,71.036194,79.574739,79.459634,0,1
587,olson_pnas2021,2022,71.797119,78.902753,79.886252,0,1
588,olson_pnas2021,2022,73.780533,78.194103,78.142624,1,1
589,olson_pnas2021,2022,76.589081,79.980200,79.716538,0,1
590,olson_pnas2021,2022,82.613281,81.037463,82.921299,0,1
591,olson_pnas2021,2022,81.447342,81.389480,81.029179,1,1
592,olson_pnas2021,2022,79.574875,78.296427,79.203633,0,1
593,olson_pnas2021,2022,70.252701,76.918612,77.003082,0,1
594,olson_pnas2021,2022,72.710869,81.232450,80.984472,0,1
595,olson_pnas2021,2022,75.803154,78.579618,79.353704,0,1
596,olson_pnas2021,2022,72.127014,75.619312,77.040211,0,1
597,olson_pnas2021,2022,76.623260,81.183988,80.969655,1,1
598,olson_pnas2021,2022,84.887070,82.124354,81.533708,1,1
599,olson_pnas2021,2022,76.227615,78.469977,77.723058,0,1
600,olson_pnas2021,2022,76.603333,77.943732,77.929899,1,1
601,olson_pnas2021,2022,70.958122,76.260436,76.298689,0,1
602,olson_pnas2021,2022,78.069427,79.232753,78.521643,0,1
603,olson_pnas2021,2022,77.932259,82.771720,81.900209,1,1
604,olson_pnas2021,2022,67.750008,76.973306,76.037253,1,1
605,olson_pnas2021,2022,74.138878,76.908877,77.029918,1,1
606,olson_pnas2021,2022,82.726166,79.870650,81.009556,1,1
607,olson_pnas2021,2022,78.193108,78.529056,78.753961,0,1
608,olson_pnas2021,2022,69.448837,80.091903,79.745510,1,1
609,olson_pnas2021,2022,77.791908,79.516695,79.195854,1,1
610,olson_pnas2021,2022,71.188354,78.490953,78.646301,1,1
611,olson_pnas2021,2022,75.551941,77.835226,78.010008,0,1
612,olson_pnas2021,2022,79.859749,79.611884,79.631109,0,1
613,olson_pnas2021,2022,72.266518,80.609957,80.582647,0,1
614,olson_pnas2021,2022,78.333046,78.367928,79.291211,0,1
615,olson_pnas2021,2022,81.726768,80.867395,80.182009,0,1
616,olson_pnas2021,2022,66.183716,82.177218,83.721779,1,1
617,olson_pnas2021,2022,83.272568,85.375891,84.372324,1,1
618,olson_pnas2021,2022,85.050026,79.734654,80.556335,1,1
619,olson_pnas2021,2022,74.323524,78.389996,80.054338,0,1
620,olson_pnas2021,2022,82.019112,78.939189,79.458675,1,1
621,olson_pnas2021,2022,87.261841,85.742220,86.207366,1,1
622,olson_pnas2021,2022,64.255524,77.255877,78.527796,1,1
623,olson_pnas2021,2022,78.860107,78.746848,79.251242,0,1
624,olson_pnas2021,2022,86.010674,81.354469,82.034269,0,1
625,olson_pnas2021,2022,78.109848,80.164008,79.836401,1,1
626,olson_pnas2021,2022,84.744659,82.379687,82.899457,1,1
627,olson_pnas2021,2022,76.859108,78.177196,78.212642,0,1
628,olson_pnas2021,2022,84.653122,84.803385,85.526096,1,1
629,olson_pnas2021,2022,85.389915,84.332588,84.322593,1,1
630,olson_pnas2021,2022,89.909485,84.834982,84.375514,1,1
631,olson_pnas2021,2022,79.080353,81.255355,81.028544,0,1
632,olson_pnas2021,2022,85.060417,81.859749,82.114140,1,1
633,olson_pnas2021,2022,81.232002,77.708316,79.534646,1,1
634,olson_pnas2021,2022,69.143501,79.532166,80.603720,1,1
635,olson_pnas2021,2022,78.362694,78.320518,78.547301,1,1
636,olson_pnas2021,2022,73.941551,77.482389,77.268612,1,1
637,olson_pnas2021,2022,71.587524,77.091108,76.942894,0,1
638,olson_pnas2021,2022,81.940285,82.665892,82.141946,1,1
639,olson_pnas2021,2022,70.343956,79.619945,79.083402,0,1
640,olson_pnas2021,2022,77.195999,78.429963,78.300875,1,1
641,olson_pnas2021,2022,75.996681,81.558042,82.319043,1,1
642,olson_pnas2021,2022,80.367607,77.936905,79.099658,0,1
643,olson_pnas2021,2022,75.228477,76.657450,77.602732,0,1
644,olson_pnas2021,2022,84.936859,81.721651,81.786997,0,1
645,olson_pnas2021,2022,78.346107,82.817236,81.697946,0,1
646,olson_pnas2021,2022,71.023605,77.323158,78.904278,1,1
647,olson_pnas2021,2022,78.018745,82.072565,83.125437,0,1
648,olson_pnas2021,2022,77.372238,78.492449,78.173058,0,1
649,olson_pnas2021,2022,83.240631,82.232475,82.339857,0,1
650,olson_pnas2021,2022,84.855774,82.109051,82.405811,0,1
651,olson_pnas2021,2022,83.004326,80.819041,81.479011,0,1
652,olson_pnas2021,2022,85.479370,83.459945,83.868868,1,1
653,olson_pnas2021,2022,76.809967,80.909927,80.275859,0,1
654,olson_pnas2021,2022,67.343048,74.807124,76.230352,1,1
655,olson_pnas2021,2022,89.051872,86.653197,86.245423,0,1
656,olson_pnas2021,2022,83.930809,83.982848,83.756119,0,1
657,olson_pnas2021,2022,71.941376,77.700638,77.425411,1,1
658,olson_pnas2021,2022,77.006325,77.464323,77.881541,1,1
659,olson_pnas2021,2022,75.008629,76.044736,78.105448,0,1
660,olson_pnas2021,2022,80.079796,79.636771,80.165229,1,1
661,olson_pnas2021,2022,75.519760,77.492714,78.140437,0,1
662,olson_pnas2021,2022,75.857506,77.164775,78.286378,0,1
663,olson_pnas2021,2022,82.167488,81.753772,82.182032,1,1
664,olson_pnas2021,2022,76.857773,79.247406,79.286814,0,1
665,olson_pnas2021,2022,81.947296,80.168512,81.094964,1,1
666,olson_pnas2021,2022,77.938324,78.330225,79.072074,1,1
667,olson_pnas2021,2022,71.578522,79.395878,78.900890,1,1
668,olson_pnas2021,2022,77.773636,78.101197,80.713414,1,1
669,olson_pnas2021,2022,88.594803,84.732605,84.113266,1,1
670,olson_pnas2021,2022,75.574585,83.537278,84.435197,0,1
671,olson_pnas2021,2022,82.201347,81.116698,81.239443,1,1
672,olson_pnas2021,2022,81.870872,80.864722,80.043944,1,1
673,olson_pnas2021,2022,72.537201,75.608197,76.126227,0,1
674,olson_pnas2021,2022,81.604042,81.793504,82.672620,0,1
675,olson_pnas2021,2022,59.344780,78.040270,79.551984,0,1
676,olson_pnas2021,2022,79.612907,78.768916,79.639723,1,1
677,olson_pnas2021,2022,76.383247,78.376726,78.625508,0,1
678,olson_pnas2021,2022,69.832390,77.338150,77.311636,1,1
679,olson_pnas2021,2022,77.272430,78.210843,78.759917,0,1
680,olson_pnas2021,2022,87.792191,83.715442,84.010232,0,1
681,olson_pnas2021,2022,75.787552,78.174026,78.494851,0,1
682,olson_pnas2021,2022,65.202438,75.872090,76.296227,1,1
683,olson_pnas2021,2022,86.475235,81.275019,82.954224,0,1
684,olson_pnas2021,2022,74.512650,77.428157,76.738663,0,1
685,olson_pnas2021,2022,83.175919,84.036648,84.144911,1,1
686,olson_pnas2021,2022,77.745163,78.729043,79.268801,1,1
687,olson_pnas2021,2022,78.717896,80.160836,80.087757,1,1
688,olson_pnas2021,2022,77.841431,81.210332,82.666345,1,1
689,olson_pnas2021,2022,79.288452,80.321466,80.814557,1,1
690,olson_pnas2021,2022,72.403236,78.434128,79.124763,0,1
691,olson_pnas2021,2022,76.392677,78.615940,78.999294,1,1
692,olson_pnas2021,2022,74.708565,76.960545,77.956604,0,1
693,olson_pnas2021,2022,75.852097,78.377232,79.255922,1,1
694,olson_pnas2021,2022,76.577675,79.030486,79.648011,0,1
695,olson_pnas2021,2022,93.992668,86.033974,86.555104,0,1
696,olson_pnas2021,2022,75.751221,80.283947,79.596351,1,1
697,olson_pnas2021,2022,67.953331,78.483729,78.512332,1,1
698,olson_pnas2021,2022,85.126617,82.304290,83.396497,0,1
699,olson_pnas2021,2022,81.245888,79.367107,80.081499,0,1
700,olson_pnas2021,2022,79.985703,80.254453,80.568116,1,1
701,olson_pnas2021,2022,84.109756,81.463533,81.769387,0,1
702,olson_pnas2021,2022,76.778496,80.478529,81.518009,0,1
703,olson_pnas2021,2022,89.706299,80.273685,81.193688,1,1
704,olson_pnas2021,2022,78.831146,82.990566,82.721185,0,1
705,olson_pnas2021,2022,62.847252,76.310974,76.615284,1,1
706,olson_pnas2021,2022,82.152161,81.995454,81.541403,0,1
707,olson_pnas2021,2022,81.337822,80.644442,80.143892,1,1
708,olson_pnas2021,2022,75.415550,79.052764,78.906159,1,1
709,olson_pnas2021,2022,73.120323,76.374341,76.532616,0,1
710,olson_pnas2021,2022,75.824501,78.681495,78.599919,0,1
711,olson_pnas2021,2022,72.424828,77.685930,77.712659,0,1
712,olson_pnas2021,2022,74.795013,76.940757,77.460323,0,1
713,olson_pnas2021,2022,82.001259,80.547564,80.677260,1,1
714,olson_pnas2021,2022,72.511879,76.612141,76.875002,1,1
715,olson_pnas2021,2022,88.411644,,,0,0
716,olson_pnas2021,2022,83.139786,82.944384,83.136467,1,1
717,olson_pnas2021,2022,80.056885,79.004906,79.651694,0,1
718,olson_pnas2021,2022,71.008156,77.350829,76.692795,1,1
719,olson_pnas2021,2022,79.963638,79.247626,79.220152,1,1
720,olson_pnas2021,2022,75.267929,80.232719,79.370498,1,1
721,olson_pnas2021,2022,63.715042,76.538306,77.336244,0,1
722,olson_pnas2021,2022,47.827030,72.855759,75.082643,1,1
723,olson_pnas2021,2022,80.183113,81.003711,81.274159,0,1
724,olson_pnas2021,2022,80.938324,80.745397,81.199934,0,1
725,olson_pnas2021,2022,79.345940,85.328951,84.395777,1,1
726,olson_pnas2021,2022,79.052872,80.927559,81.391194,1,1
727,olson_pnas2021,2022,69.896423,76.174917,76.810212,1,1
728,olson_pnas2021,2022,84.475014,80.767046,82.090997,0,1
729,olson_pnas2021,2022,83.257782,79.770280,80.525959,1,1
730,olson_pnas2021,2022,73.627441,77.154661,76.999042,1,1
731,olson_pnas2021,2022,75.205818,77.570008,78.215961,1,1
732,olson_pnas2021,2022,73.985649,79.242047,81.109121,1,1
733,olson_pnas2021,2022,79.099373,78.353293,79.124259,1,1
734,olson_pnas2021,2022,79.718384,79.598026,80.817417,1,1
735,olson_pnas2021,2022,77.633621,78.031029,78.550986,0,1
736,olson_pnas2021,2022,78.957611,78.971591,78.227228,0,1
737,olson_pnas2021,2022,82.349060,80.091113,80.759200,1,1
738,olson_pnas2021,2022,78.546127,79.977471,80.787306,0,1
739,olson_pnas2021,2022,88.459808,87.031405,88.154562,0,1
740,olson_pnas2021,2022,78.826172,78.790322,79.164427,0,1
741,olson_pnas2021,2022,84.258606,81.824458,81.537179,0,1
742,olson_pnas2021,2022,80.668343,82.759191,82.025133,0,1
743,olson_pnas2021,2022,83.869644,81.116337,80.962824,1,1
744,olson_pnas2021,2022,76.623413,78.838503,78.412072,0,1
745,olson_pnas2021,2022,74.107948,77.726682,77.675002,0,1
746,olson_pnas2021,2022,80.442444,80.794081,80.773641,0,1
747,olson_pnas2021,2022,75.290077,77.260266,77.539478,1,1
748,olson_pnas2021,2022,87.818306,87.075298,86.728867,0,1
749,olson_pnas2021,2022,86.955605,86.387568,87.891679,0,1
750,olson_pnas2021,2022,76.130196,78.773218,78.736315,0,1
751,olson_pnas2021,2022,75.877136,76.818058,78.416281,0,1
752,olson_pnas2021,2022,76.828163,77.753749,79.165067,1,1
753,olson_pnas2021,2022,85.165146,82.227013,82.539862,0,1
754,olson_pnas2021,2022,71.581238,77.854634,77.228692,1,1
755,olson_pnas2021,2022,74.076637,79.006308,79.164367,0,1
756,olson_pnas2021,2022,76.403534,77.132647,77.179925,0,1
757,olson_pnas2021,2022,85.585800,82.498705,82.941572,0,1
758,olson_pnas2021,2022,73.598793,77.665701,77.346269,1,1
759,olson_pnas2021,2022,83.416679,80.655508,80.896419,0,1
760,olson_pnas2021,2022,76.344559,76.801182,77.769781,1,1
761,olson_pnas2021,2022,79.356590,78.931602,79.418975,1,1
762,olson_pnas2021,2022,81.852547,84.297269,84.088632,1,1
763,olson_pnas2021,2022,86.503319,83.806059,84.635628,1,1
764,olson_pnas2021,2022,84.603706,80.685795,81.990649,1,1
765,olson_pnas2021,2022,82.531235,81.438873,81.820221,0,1
766,olson_pnas2021,2022,78.611168,80.332875,80.542502,0,1
767,olson_pnas2021,2022,78.252205,78.110292,78.542013,0,1
768,olson_pnas2021,2022,82.271019,80.720593,80.455312,1,1
769,olson_pnas2021,2022,84.733170,81.423782,81.077144,0,1
770,olson_pnas2021,2022,66.904381,78.881227,79.543171,1,1
771,olson_pnas2021,2022,84.608032,82.633964,84.020337,0,1
772,olson_pnas2021,2022,76.771004,79.126075,78.644908,1,1
773,olson_pnas2021,2022,70.824776,76.898156,77.506206,0,1
774,olson_pnas2021,2022,65.398216,76.617517,77.278242,0,1
775,olson_pnas2021,2022,87.401718,82.850538,82.871218,0,1
776,olson_pnas2021,2022,76.255768,76.277403,76.980383,0,1
777,olson_pnas2021,2022,88.027802,85.267619,85.256691,1,1
778,olson_pnas2021,2022,80.342186,79.247236,80.196758,0,1
779,olson_pnas2021,2022,78.490967,79.852254,79.313049,1,1
780,olson_pnas2021,2022,81.430420,81.430066,81.675273,1,1
781,olson_pnas2021,2022,73.525345,76.146993,77.471263,1,1
782,olson_pnas2021,2022,70.586662,75.996929,75.941370,1,1
783,olson_pnas2021,2022,78.753159,79.216068,80.087926,1,1
784,olson_pnas2021,2022,85.665947,87.045016,87.630329,0,1
785,olson_pnas2021,2022,73.812767,77.504799,77.574737,0,1
786,olson_pnas2021,2022,88.964668,81.388375,82.010898,1,1
787,olson_pnas2021,2022,75.632164,77.467458,77.675958,1,1
788,olson_pnas2021,2022,78.787247,82.094798,82.714876,0,1
789,olson_pnas2021,2022,71.171425,75.930673,76.243469,1,1
790,olson_pnas2021,2022,77.688263,77.816620,80.622582,1,1
791,olson_pnas2021,2022,84.505066,81.505427,82.489672,1,1
792,olson_pnas2021,2022,80.461983,79.860378,79.526401,1,1
793,olson_pnas2021,2022,79.229645,80.021094,80.214485,1,1
794,olson_pnas2021,2022,70.650658,75.728125,75.882284,1,1
795,olson_pnas2021,2022,64.876953,76.833826,76.945090,0,1
796,olson_pnas2021,2022,85.569534,81.926157,82.113156,0,1
797,olson_pnas2021,2022,72.965500,76.257497,77.312514,1,1
798,olson_pnas2021,2022,84.403542,81.990407,82.188566,1,1
799,olson_pnas2021,2022,79.076439,77.409150,78.244479,1,1
800,olson_pnas2021,2022,66.116264,75.577792,75.738904,1,1
801,olson_pnas2021,2022,80.922958,82.385094,82.366467,0,1
802,olson_pnas2021,2022,76.261948,77.636864,77.322360,0,1
803,olson_pnas2021,2022,77.524429,78.713417,79.023036,1,1
804,olson_pnas2021,2022,74.959221,78.900765,78.711188,0,1
805,olson_pnas2021,2022,73.909470,80.514139,81.557903,0,1
806,olson_pnas2021,2022,76.764015,77.195281,78.538610,1,1
807,olson_pnas2021,2022,79.422516,79.701303,79.850758,1,1
808,olson_pnas2021,2022,81.784615,79.673202,80.444113,1,1
809,olson_pnas2021,2022,79.316940,79.183300,80.290567,0,1
810,olson_pnas2021,2022,82.429535,80.765554,80.777736,0,1
811,olson_pnas2021,2022,70.658020,77.990151,77.802950,0,1
812,olson_pnas2021,2022,75.585526,77.230539,77.726481,1,1
813,olson_pnas2021,2022,80.751381,80.028455,80.057634,1,1
814,olson_pnas2021,2022,80.553505,78.719975,80.033955,1,1
815,olson_pnas2021,2022,78.676376,78.326086,78.197107,1,1
816,olson_pnas2021,2022,71.738640,80.911796,80.335473,1,1
817,olson_pnas2021,2022,87.173653,84.523221,84.432041,0,1
818,olson_pnas2021,2022,77.530220,78.129315,78.946602,1,1
819,olson_pnas2021,2022,79.807816,83.431130,83.550846,1,1
820,olson_pnas2021,2022,82.496346,80.099122,80.037381,0,1
821,olson_pnas2021,2022,75.820900,79.972880,80.354294,0,1
822,olson_pnas2021,2022,54.540546,75.393594,76.446563,0,1
823,olson_pnas2021,2022,72.147072,76.937582,77.372206,1,1
824,olson_pnas2021,2022,76.754028,78.751306,79.049373,1,1
825,olson_pnas2021,2022,79.405418,83.884681,83.870212,1,1
826,olson_pnas2021,2022,73.111839,76.908932,77.229035,0,1
827,olson_pnas2021,2022,82.933929,80.600194,80.253042,0,1
828,olson_pnas2021,2022,83.502579,,,0,0
829,olson_pnas2021,2022,84.590927,79.877529,81.252023,1,1
830,olson_pnas2021,2022,75.547043,79.713682,79.455455,0,1
831,olson_pnas2021,2022,73.069290,76.797241,77.396503,1,1
832,olson_pnas2021,2022,82.898033,83.242285,82.245932,0,1
833,olson_pnas2021,2022,79.694664,78.461483,79.020167,1,1
834,olson_pnas2021,2022,87.627617,84.890639,84.984196,1,1
835,olson_pnas2021,2022,75.139191,77.168169,77.276664,1,1
836,olson_pnas2021,2022,70.116844,77.608305,77.328364,0,1
837,olson_pnas2021,2022,84.107384,80.742115,81.105121,0,1
838,olson_pnas2021,2022,73.504982,77.393209,77.923719,1,1
839,olson_pnas2021,2022,83.782372,78.106890,78.217229,0,1
840,olson_pnas2021,2022,77.615479,79.258213,79.719919,1,1
841,olson_pnas2021,2022,80.632416,78.234466,79.120767,1,1
842,olson_pnas2021,2022,78.650826,78.659593,78.873264,1,1
843,olson_pnas2021,2022,61.886002,77.547647,77.762428,0,1
844,olson_pnas2021,2022,82.651505,81.364477,82.129155,0,1
845,olson_pnas2021,2022,82.038078,80.327347,80.447400,1,1
846,olson_pnas2021,2022,78.356049,78.956669,78.800219,0,1
847,olson_pnas2021,2022,72.974884,77.364218,77.445334,0,1
848,olson_pnas2021,2022,81.731674,81.825185,81.719741,1,1
849,olson_pnas2021,2022,81.491707,79.772372,80.548724,0,1
850,olson_pnas2021,2022,83.825272,81.794501,82.757504,1,1
851,olson_pnas2021,2022,79.414474,81.439683,81.486520,0,1
852,olson_pnas2021,2022,76.016129,76.029930,78.197582,0,1
853,olson_pnas2021,2022,79.715469,78.670461,78.789532,0,1
854,olson_pnas2021,2022,77.307236,78.749764,79.403874,1,1
855,olson_pnas2021,2022,84.152756,80.641353,81.762736,0,1
856,olson_pnas2021,2022,86.745941,83.027625,83.185657,0,1
857,olson_pnas2021,2022,91.542664,87.417992,88.162950,1,1
858,olson_pnas2021,2022,71.168434,76.660395,76.665895,1,1
859,olson_pnas2021,2022,78.779968,80.742361,81.532694,0,1
860,olson_pnas2021,2022,85.566399,82.837115,83.457929,0,1
861,olson_pnas2021,2022,81.059059,80.504329,80.218533,0,1
862,olson_pnas2021,2022,83.670631,80.887352,80.996365,0,1
863,olson_pnas2021,2022,72.614792,77.392335,77.706202,1,1
864,olson_pnas2021,2022,80.971909,79.089212,79.380141,0,1
865,olson_pnas2021,2022,71.183693,75.879096,76.491411,1,1
866,olson_pnas2021,2022,76.236435,78.523439,78.532481,1,1
867,olson_pnas2021,2022,86.803261,83.816286,84.311308,1,1
868,olson_pnas2021,2022,77.792046,79.681657,79.794324,0,1
869,olson_pnas2021,2022,63.777821,74.925502,76.146144,0,1
870,olson_pnas2021,2022,75.333878,76.522426,77.719639,0,1
871,olson_pnas2021,2022,75.110565,77.509692,78.099767,0,1
872,olson_pnas2021,2022,85.998550,85.993506,85.794896,1,1
873,olson_pnas2021,2022,80.458847,79.755357,79.266829,0,1
874,olson_pnas2021,2022,78.218910,79.128013,79.008489,1,1
875,olson_pnas2021,2022,75.862518,77.129035,77.596196,0,1
876,olson_pnas2021,2022,85.894081,82.534323,82.961853,1,1
877,olson_pnas2021,2022,83.344124,80.319301,81.094933,1,1
878,olson_pnas2021,2022,70.486450,76.407890,75.617068,0,1
879,olson_pnas2021,2022,75.440742,75.848763,77.417660,0,1
880,olson_pnas2021,2022,80.714973,81.017354,81.710268,1,1
881,olson_pnas2021,2022,89.557808,85.068742,84.671611,0,1
882,olson_pnas2021,2022,80.455887,80.918550,81.551502,0,1
883,olson_pnas2021,2022,94.096306,87.761647,87.651175,0,1
884,olson_pnas2021,2022,82.829559,79.942648,80.619083,0,1
885,olson_pnas2021,2022,87.490288,84.079932,84.092807,1,1
886,olson_pnas2021,2022,76.743874,78.536875,78.431486,0,1
887,olson_pnas2021,2022,75.837029,77.901783,77.354300,0,1
888,olson_pnas2021,2022,74.975273,82.104502,81.554601,1,1
889,olson_pnas2021,2022,83.520630,80.867971,81.486918,0,1
890,olson_pnas2021,2022,77.388245,78.108886,78.712861,0,1
891,olson_pnas2021,2022,79.725441,79.790528,79.258415,1,1
892,olson_pnas2021,2022,77.519066,76.808239,78.667609,0,1
893,olson_pnas2021,2022,78.146980,81.251175,80.469476,1,1
894,olson_pnas2021,2022,73.741562,79.388881,79.139099,0,1
895,olson_pnas2021,2022,78.642693,78.936252,79.265204,1,1
896,olson_pnas2021,2022,80.370285,79.979964,80.457930,0,1
897,olson_pnas2021,2022,69.766464,76.255001,76.544466,1,1
898,olson_pnas2021,2022,86.272934,83.582098,83.854631,1,1
899,olson_pnas2021,2022,74.375542,76.436330,77.685609,1,1
900,olson_pnas2021,2022,75.137856,77.021528,76.947335,1,1
901,olson_pnas2021,2022,84.812561,86.969240,86.735722,0,1
902,olson_pnas2021,2022,85.033295,79.209617,79.803264,0,1
903,olson_pnas2021,2022,84.700630,81.445836,81.472273,0,1
904,olson_pnas2021,2022,70.559593,78.729829,78.433280,1,1
905,olson_pnas2021,2022,76.779015,78.988665,78.794603,0,1
906,olson_pnas2021,2022,77.228722,79.368221,78.957716,0,1
907,olson_pnas2021,2022,84.345467,82.607408,82.369429,1,1
908,olson_pnas2021,2022,76.817253,78.582100,78.960082,0,1
909,olson_pnas2021,2022,80.731293,80.166764,79.804330,1,1
910,olson_pnas2021,2022,80.100945,80.396440,79.987571,0,1
911,olson_pnas2021,2022,71.124008,76.317156,77.213743,1,1
912,olson_pnas2021,2022,73.961639,77.790250,77.637807,0,1
913,olson_pnas2021,2022,80.327347,77.790455,77.876520,1,1
914,olson_pnas2021,2022,79.554192,81.202288,81.039150,1,1
915,olson_pnas2021,2022,81.598511,82.743216,82.985422,0,1
916,olson_pnas2021,2022,76.877228,77.262064,77.747869,0,1
917,olson_pnas2021,2022,64.205994,77.594014,77.308221,0,1
918,olson_pnas2021,2022,86.371490,80.051360,80.072504,1,1
919,olson_pnas2021,2022,84.803444,81.778857,81.935494,0,1
920,olson_pnas2021,2022,86.421135,82.718792,82.987613,1,1
921,olson_pnas2021,2022,82.582130,80.814490,80.860632,0,1
922,olson_pnas2021,2022,71.671005,77.631658,77.115162,1,1
923,olson_pnas2021,2022,71.671593,80.142746,80.314711,0,1
924,olson_pnas2021,2022,86.074020,84.161055,84.189664,0,1
925,olson_pnas2021,2022,83.367676,82.205208,82.577658,1,1
926,olson_pnas2021,2022,78.103340,77.978346,78.250740,0,1
927,olson_pnas2021,2022,81.534676,82.271513,82.682936,1,1
928,olson_pnas2021,2022,70.692421,78.229705,78.316110,0,1
929,olson_pnas2021,2022,83.270729,80.752917,80.778518,1,1
930,olson_pnas2021,2022,77.850655,79.473493,78.938688,0,1
931,olson_pnas2021,2022,83.060677,81.792017,82.678625,1,1
932,olson_pnas2021,2022,67.042297,77.621931,77.661358,1,1
933,olson_pnas2021,2022,66.660736,79.192615,79.345253,1,1
934,olson_pnas2021,2022,71.281555,77.716810,77.347576,1,1
935,olson_pnas2021,2022,90.763809,87.967535,88.790169,1,1
936,olson_pnas2021,2022,71.817749,76.604276,77.248472,1,1
937,olson_pnas2021,2022,82.665535,81.757325,82.327209,0,1
938,olson_pnas2021,2022,78.262428,85.669562,88.267003,1,1
939,olson_pnas2021,2022,79.273903,78.226312,80.390583,1,1
940,olson_pnas2021,2022,77.271355,78.098319,78.560032,0,1
941,olson_pnas2021,2022,87.372437,85.757124,86.039866,1,1
942,olson_pnas2021,2022,80.725479,77.524834,78.857029,0,1
943,olson_pnas2021,2022,64.719116,76.560015,78.397417,1,1
944,olson_pnas2021,2022,78.331726,81.068364,80.091690,0,1
945,olson_pnas2021,2022,78.633675,81.547895,82.662791,0,1
946,olson_pnas2021,2022,82.822563,80.039201,80.837712,0,1
947,olson_pnas2021,2022,77.702438,79.884405,81.261011,1,1
948,olson_pnas2021,2022,77.957031,78.398950,78.304308,1,1
949,olson_pnas2021,2022,75.596443,78.481856,78.471180,0,1
950,olson_pnas2021,2022,77.739799,80.778675,80.108848,0,1
951,olson_pnas2021,2022,75.867477,80.535122,82.639113,1,1
952,olson_pnas2021,2022,75.407967,77.662707,77.955654,0,1
953,olson_pnas2021,2022,80.116180,79.816481,79.901180,0,1
954,olson_pnas2021,2022,72.140793,77.845045,77.336541,1,1
955,olson_pnas2021,2022,81.152946,79.758179,80.082766,0,1
956,olson_pnas2021,2022,84.340424,81.586151,82.689173,1,1
957,olson_pnas2021,2022,81.686317,81.443367,81.567039,0,1
958,olson_pnas2021,2022,79.786339,79.570954,79.792361,1,1
959,olson_pnas2021,2022,83.767998,79.666178,79.581010,1,1
960,olson_pnas2021,2022,79.232941,80.214740,80.835850,0,1
961,olson_pnas2021,2022,78.472618,78.493486,78.628701,0,1
962,olson_pnas2021,2022,76.486305,76.668456,77.546584,1,1
963,olson_pnas2021,2022,81.446335,79.588777,79.686186,0,1
964,olson_pnas2021,2022,91.364754,87.478175,88.791182,0,1
965,olson_pnas2021,2022,75.966415,79.975701,79.624049,0,1
966,olson_pnas2021,2022,64.212212,77.798819,78.399644,1,1
967,olson_pnas2021,2022,83.029144,84.222447,83.760596,0,1
968,olson_pnas2021,2022,68.335793,75.163870,75.538436,0,1
969,olson_pnas2021,2022,82.389465,80.751144,81.198378,0,1
970,olson_pnas2021,2022,73.050865,76.170227,76.386013,1,1
971,olson_pnas2021,2022,74.317238,76.502276,77.421090,1,1
972,olson_pnas2021,2022,45.048603,77.645399,78.093176,1,1
973,olson_pnas2021,2022,91.094521,84.493832,85.168644,0,1
974,olson_pnas2021,2022,70.875572,77.770233,78.366930,0,1
975,olson_pnas2021,2022,74.936615,75.437914,76.894231,0,1
976,olson_pnas2021,2022,78.934532,79.028491,79.155340,1,1
977,olson_pnas2021,2022,85.415558,81.463535,81.955855,1,1
978,olson_pnas2021,2022,68.862160,75.064728,75.907171,1,1
979,olson_pnas2021,2022,84.002098,81.614309,81.682774,1,1
980,olson_pnas2021,2022,80.806908,79.493387,81.172841,0,1
981,olson_pnas2021,2022,78.261963,78.918655,79.269788,0,1
982,olson_pnas2021,2022,78.185623,77.638706,78.385586,1,1
983,olson_pnas2021,2022,85.503998,79.596568,81.383337,1,1
984,olson_pnas2021,2022,82.075882,81.371551,81.354731,0,1
985,olson_pnas2021,2022,91.290817,92.700295,92.908437,0,1
986,olson_pnas2021,2022,81.472656,79.490362,80.491976,1,1
987,olson_pnas2021,2022,75.109222,76.377826,77.174888,1,1
988,olson_pnas2021,2022,87.831047,82.668779,84.345894,1,1
989,olson_pnas2021,2022,82.695992,80.202498,80.545006,1,1
990,olson_pnas2021,2022,73.258606,84.003026,85.918912,1,1
991,olson_pnas2021,2022,74.085945,77.460091,77.549774,1,1
992,olson_pnas2021,2022,77.202141,78.561436,79.390684,1,1
993,olson_pnas2021,2022,87.212494,84.844183,85.121298,1,1
994,olson_pnas2021,2022,72.654297,81.375906,80.880757,1,1
995,olson_pnas2021,2022,85.480690,82.354760,83.676278,1,1
996,olson_pnas2021,2022,80.910393,81.040878,82.112645,0,1
997,olson_pnas2021,2022,80.250999,,,0,0
998,olson_pnas2021,2022,86.067024,83.803427,83.918649,0,1
999,olson_pnas2021,2022,75.211334,77.368306,77.918627,1,1
1000,olson_pnas2021,2022,82.866875,76.798962,76.986673,0,1
1001,olson_pnas2021,2022,70.817276,75.799995,76.636357,1,1
1002,olson_pnas2021,2022,75.107796,86.964810,87.774826,1,1
1003,olson_pnas2021,2022,75.100357,77.395198,77.479598,0,1
1004,olson_pnas2021,2022,86.595795,82.609620,82.424580,0,1
1005,olson_pnas2021,2022,83.654869,85.979681,85.180026,1,1
1006,olson_pnas2021,2022,76.215790,77.619759,77.402202,1,1
1007,olson_pnas2021,2022,70.296562,75.792071,76.767496,1,1
1008,olson_pnas2021,2022,51.631332,75.947547,75.848984,1,1
1009,olson_pnas2021,2022,79.638359,79.938424,79.411678,0,1
1010,olson_pnas2021,2022,78.908226,80.484284,81.022844,1,1
1011,olson_pnas2021,2022,70.161087,77.529423,77.263016,1,1
1012,olson_pnas2021,2022,85.725815,80.340443,81.237761,0,1
1013,olson_pnas2021,2022,81.791618,78.178009,79.896428,1,1
1014,olson_pnas2021,2022,81.758919,81.524950,81.711817,0,1
1015,olson_pnas2021,2022,80.520927,82.601110,82.393631,0,1
1016,olson_pnas2021,2022,75.641975,78.698519,78.999738,1,1
1017,olson_pnas2021,2022,71.831894,75.703172,76.544015,0,1
1018,olson_pnas2021,2022,78.001892,78.389036,78.752286,1,1
1019,olson_pnas2021,2022,82.160805,82.076578,82.463906,1,1
1020,olson_pnas2021,2022,77.675026,78.012666,78.825822,0,1
1021,olson_pnas2021,2022,72.878426,75.898333,76.870276,1,1
1022,olson_pnas2021,2022,83.422264,85.121888,84.381560,1,1
1023,olson_pnas2021,2022,85.758224,87.893278,88.222207,0,1
1024,olson_pnas2021,2022,86.322372,84.296725,84.764809,0,1
1025,olson_pnas2021,2022,89.999893,85.511670,85.401404,0,1
1026,olson_pnas2021,2022,84.138329,81.439736,82.519573,0,1
1027,olson_pnas2021,2022,87.163322,83.612115,84.093823,0,1
1028,olson_pnas2021,2022,80.095047,80.698066,80.127090,0,1
1029,olson_pnas2021,2022,85.948631,81.612626,81.710131,0,1
1030,olson_pnas2021,2022,88.468277,84.576274,85.261832,1,1
1031,olson_pnas2021,2022,85.189804,83.716129,84.055229,1,1
1032,olson_pnas2021,2022,85.692612,82.036153,83.392897,1,1
1033,olson_pnas2021,2022,69.960342,76.691053,77.753742,1,1
1034,olson_pnas2021,2022,71.773460,76.629632,76.675064,1,1
1035,olson_pnas2021,2022,90.431252,82.729746,84.763092,0,1
1036,olson_pnas2021,2022,71.862183,75.421890,76.365842,0,1
1037,olson_pnas2021,2022,90.045502,88.622249,88.687160,0,1
1038,olson_pnas2021,2022,65.907494,75.756178,76.059065,0,1
1039,olson_pnas2021,2022,71.365578,77.620308,77.722025,1,1
1040,olson_pnas2021,2022,77.682152,78.682531,79.270916,1,1
1041,olson_pnas2021,2022,68.834320,76.138379,76.651879,1,1
1042,olson_pnas2021,2022,90.378525,85.952424,85.884428,1,1
1043,olson_pnas2021,2022,75.003555,79.073025,79.386512,0,1
1044,olson_pnas2021,2022,77.702904,79.153438,79.991734,0,1
1045,olson_pnas2021,2022,80.998787,80.809210,79.857630,0,1
1046,olson_pnas2021,2022,80.760574,78.410064,79.879521,1,1
1047,olson_pnas2021,2022,66.286385,75.210291,75.939117,0,1
1048,olson_pnas2021,2022,69.522301,80.055078,80.418317,0,1
1049,olson_pnas2021,2022,73.282799,76.491155,77.809637,0,1
1050,olson_pnas2021,2022,75.598915,78.313736,79.048590,0,1
1051,olson_pnas2021,2022,71.537369,76.202006,77.396399,0,1
1052,olson_pnas2021,2022,75.108978,76.912863,77.177945,0,1
1053,olson_pnas2021,2022,74.693581,76.373170,77.442513,0,1
1054,olson_pnas2021,2022,57.772339,74.958281,75.507154,0,1
1055,olson_pnas2021,2022,88.333527,84.329205,84.235833,1,1
1056,olson_pnas2021,2022,74.361824,78.042307,77.617755,1,1
1057,olson_pnas2021,2022,85.103485,83.840084,83.723057,0,1
1058,olson_pnas2021,2022,76.847168,78.593087,79.314259,0,1
1059,olson_pnas2021,2022,80.111794,79.923628,81.403006,1,1
1060,olson_pnas2021,2022,85.827309,81.096114,82.200515,1,1
1061,olson_pnas2021,2022,80.928627,78.994152,80.902544,1,1
1062,olson_pnas2021,2022,78.915253,76.892554,78.185268,1,1
1063,olson_pnas2021,2022,73.255554,78.141051,78.219632,1,1
1064,olson_pnas2021,2022,83.840607,80.540214,80.788279,0,1
1065,olson_pnas2021,2022,84.808495,82.098236,82.057229,0,1
1066,olson_pnas2021,2022,73.246933,77.260240,77.173616,1,1
1067,olson_pnas2021,2022,83.779198,84.312112,83.981694,0,1
1068,olson_pnas2021,2022,91.424324,84.620859,84.901874,0,1
1069,olson_pnas2021,2022,77.727524,78.280477,78.755183,1,1
1070,olson_pnas2021,2022,73.638359,77.208328,76.960919,1,1
1071,olson_pnas2021,2022,71.295288,76.426807,77.244796,1,1
1072,olson_pnas2021,2022,69.891312,75.426404,75.883169,1,1
1073,olson_pnas2021,2022,68.401817,76.149587,77.362203,1,1
1074,olson_pnas2021,2022,70.004875,77.117598,77.570066,0,1
1075,olson_pnas2021,2022,76.882675,79.454516,79.988904,1,1
1076,olson_pnas2021,2022,87.273407,88.890390,88.020158,0,1
1077,olson_pnas2021,2022,76.633682,78.571259,79.050131,1,1
1078,olson_pnas2021,2022,84.920677,81.342487,82.156694,1,1
1079,olson_pnas2021,2022,82.136360,80.444447,80.112183,0,1
1080,olson_pnas2021,2022,88.920387,87.106632,86.826590,0,1
1081,olson_pnas2021,2022,83.066284,84.122064,82.927320,0,1
1082,olson_pnas2021,2022,53.985607,73.683635,74.178884,1,1
1083,olson_pnas2021,2022,77.197472,78.589276,79.280011,1,1
1084,olson_pnas2021,2022,85.447350,81.677122,81.926594,1,1
1085,olson_pnas2021,2022,71.839211,75.011478,76.236225,1,1
1086,olson_pnas2021,2022,87.041023,82.491228,83.430700,0,1
1087,olson_pnas2021,2022,77.686928,77.065047,78.280972,0,1
1088,olson_pnas2021,2022,82.369339,81.452168,80.957995,0,1
1089,olson_pnas2021,2022,65.802872,78.040490,79.387249,0,1
1090,olson_pnas2021,2022,78.911522,78.093926,79.249299,0,1
1091,olson_pnas2021,2022,86.417755,84.034440,84.257026,1,1
1092,olson_pnas2021,2022,86.371613,83.768386,83.824609,0,1
1093,olson_pnas2021,2022,63.488037,74.119392,75.568053,1,1
1094,olson_pnas2021,2022,78.546486,78.800419,79.309224,0,1
1095,olson_pnas2021,2022,77.976486,78.329462,78.202076,1,1
1096,olson_pnas2021,2022,81.842545,83.146453,82.808462,1,1
1097,olson_pnas2021,2022,83.100456,81.955127,82.124402,0,1
1098,olson_pnas2021,2022,84.156380,81.015113,81.357372,1,1
1099,olson_pnas2021,2022,81.576637,82.687366,83.711695,1,1
1100,olson_pnas2021,2022,70.277176,77.126389,79.718785,0,1
1101,olson_pnas2021,2022,85.851410,92.556989,93.342372,0,1
1102,olson_pnas2021,2022,77.626869,79.931830,80.288985,1,1
1103,olson_pnas2021,2022,79.163429,78.360831,80.744038,1,1
1104,olson_pnas2021,2022,90.794456,87.681472,88.191670,1,1
1105,olson_pnas2021,2022,75.677040,77.209194,77.513936,1,1
1106,olson_pnas2021,2022,89.081032,81.778423,84.238956,0,1
1107,olson_pnas2021,2022,82.700363,83.394290,83.528157,1,1
1108,olson_pnas2021,2022,70.075874,75.276214,76.050023,0,1
1109,olson_pnas2021,2022,70.094269,75.626264,76.210127,0,1
1110,olson_pnas2021,2022,76.399567,79.310746,79.877558,0,1
1111,olson_pnas2021,2022,79.265800,78.923789,79.513982,0,1
1112,olson_pnas2021,2022,79.257423,78.868780,79.470423,1,1
1113,olson_pnas2021,2022,91.100975,87.663388,88.134526,1,1
1114,olson_pnas2021,2022,80.685791,79.374361,80.020858,1,1
1115,olson_pnas2021,2022,75.432007,76.019776,77.163232,1,1
1116,olson_pnas2021,2022,82.324379,81.563090,82.788492,0,1
1117,olson_pnas2021,2022,82.339966,79.204007,80.082783,0,1
1118,olson_pnas2021,2022,81.693825,80.712215,81.367977,0,1
1119,olson_pnas2021,2022,79.632584,78.833045,78.986270,1,1
1120,olson_pnas2021,2022,79.973030,79.607900,79.863134,1,1
1121,olson_pnas2021,2022,77.320053,79.012206,79.686851,0,1
1122,olson_pnas2021,2022,74.847885,76.036529,77.037503,0,1
1123,olson_pnas2021,2022,82.830917,83.373730,83.146475,1,1
1124,olson_pnas2021,2022,50.051559,75.160272,75.510171,1,1
1125,olson_pnas2021,2022,78.314468,77.967301,78.251692,1,1
1126,olson_pnas2021,2022,66.593925,76.350786,75.924932,1,1
1127,olson_pnas2021,2022,80.544891,80.405388,81.271860,1,1
1128,olson_pnas2021,2022,73.882156,77.393747,76.783584,1,1
1129,olson_pnas2021,2022,77.970032,78.552371,78.537547,1,1
1130,olson_pnas2021,2022,83.694717,82.737382,82.855998,0,1
1131,olson_pnas2021,2022,79.754692,80.053314,81.692106,1,1
1132,olson_pnas2021,2022,76.484650,79.765677,79.355328,1,1
1133,olson_pnas2021,2022,79.519562,80.258635,80.274550,0,1
1134,olson_pnas2021,2022,68.469604,74.358073,75.296652,0,1
1135,olson_pnas2021,2022,93.472549,87.104049,86.695377,1,1
1136,olson_pnas2021,2022,79.695793,77.433835,78.932415,1,1
1137,olson_pnas2021,2022,73.906059,77.936566,77.787200,0,1
1138,olson_pnas2021,2022,65.808037,75.980484,77.167728,1,1
1139,olson_pnas2021,2022,78.030830,78.802815,79.781576,0,1
1140,olson_pnas2021,2022,82.992134,81.254807,81.482998,0,1
1141,olson_pnas2021,2022,87.385109,84.080804,84.126824,0,1
1142,olson_pnas2021,2022,80.464050,79.947582,80.964770,1,1
1143,olson_pnas2021,2022,80.835083,80.423845,81.963728,1,1
1144,olson_pnas2021,2022,79.844269,78.212009,78.796280,1,1
1145,olson_pnas2021,2022,79.370789,81.080440,81.742400,0,1
1146,olson_pnas2021,2022,79.707977,82.256676,84.303772,0,1
1147,olson_pnas2021,2022,71.908463,77.343973,77.554099,0,1
1148,olson_pnas2021,2022,79.324165,79.463038,79.341089,0,1
1149,olson_pnas2021,2022,80.652954,78.292861,78.867207,0,1
1150,olson_pnas2021,2022,67.544701,75.288227,76.097920,1,1
1151,olson_pnas2021,2022,80.812424,80.637192,80.257428,0,1
1152,olson_pnas2021,2022,80.524063,78.833747,79.112678,0,1
1153,olson_pnas2021,2022,91.742882,87.878266,88.106129,1,1
1154,olson_pnas2021,2022,71.662544,78.635792,77.795782,1,1
1155,olson_pnas2021,2022,78.445717,77.751346,79.463713,0,1
1156,olson_pnas2021,2022,77.057877,80.577187,81.582623,0,1
1157,olson_pnas2021,2022,77.296494,77.491319,77.608230,0,1
1158,olson_pnas2021,2022,80.729721,79.424577,80.135241,0,1
1159,olson_pnas2021,2022,73.128632,76.408049,77.053224,1,1
1160,olson_pnas2021,2022,79.742287,78.299365,78.747733,0,1
1161,olson_pnas2021,2022,59.779675,76.156128,76.961976,1,1
1162,olson_pnas2021,2022,79.110199,80.387298,80.515022,0,1
1163,olson_pnas2021,2022,67.758247,75.024657,75.279690,1,1
1164,olson_pnas2021,2022,74.311485,79.396591,79.003710,0,1
1165,olson_pnas2021,2022,74.888634,75.716172,77.731101,0,1
1166,olson_pnas2021,2022,73.702415,76.802973,76.792057,0,1
1167,olson_pnas2021,2022,88.413513,84.412325,85.698312,1,1
1168,olson_pnas2021,2022,81.755226,80.185155,80.649756,0,1
1169,olson_pnas2021,2022,77.030685,77.610368,78.089007,1,1
1170,olson_pnas2021,2022,76.507912,78.726092,78.476191,1,1
1171,olson_pnas2021,2022,81.031158,79.687136,80.055003,1,1
1172,olson_pnas2021,2022,77.704102,78.585032,78.915063,0,1
1173,olson_pnas2021,2022,76.700211,76.939412,78.272711,0,1
1174,olson_pnas2021,2022,74.920570,78.362732,78.529532,0,1
1175,olson_pnas2021,2022,75.840759,78.498737,79.284031,1,1
1176,olson_pnas2021,2022,86.019066,83.545851,83.745819,0,1
1177,olson_pnas2021,2022,80.440506,80.249804,80.860437,0,1
1178,olson_pnas2021,2022,62.518543,74.302813,76.772948,1,1
1179,olson_pnas2021,2022,76.186165,77.717620,78.290492,1,1
1180,olson_pnas2021,2022,79.803139,80.116875,80.908927,0,1
1181,olson_pnas2021,2022,74.102562,76.079948,76.940944,1,1
1182,olson_pnas2021,2022,77.423492,79.941099,79.447339,1,1
1183,olson_pnas2021,2022,85.225677,,,0,0
1184,olson_pnas2021,2022,86.389854,84.194179,84.796309,0,1
1185,olson_pnas2021,2022,81.796333,79.528469,79.681605,0,1
1186,olson_pnas2021,2022,71.703423,77.161322,77.896488,0,1
1187,olson_pnas2021,2022,73.568596,76.687143,76.590595,0,1
1188,olson_pnas2021,2022,79.639366,81.013085,80.582648,1,1
1189,olson_pnas2021,2022,77.336884,79.073107,79.628651,1,1
1190,olson_pnas2021,2022,75.784477,77.829511,78.114431,0,1
1191,olson_pnas2021,2022,70.035347,74.680627,75.311213,1,1
1192,olson_pnas2021,2022,76.468498,76.702718,77.584816,1,1
1193,olson_pnas2021,2022,86.672623,85.045219,84.785784,1,1
1194,olson_pnas2021,2022,83.027405,82.332231,81.957386,0,1
1195,olson_pnas2021,2022,75.941231,81.872037,81.428524,1,1
1196,olson_pnas2021,2022,84.062698,80.895204,81.267699,1,1
1197,olson_pnas2021,2022,69.842484,75.436208,75.603069,0,1
1198,olson_pnas2021,2022,83.323494,79.204471,81.655609,0,1
1199,olson_pnas2021,2022,85.510170,84.023581,84.399039,0,1
1200,olson_pnas2021,2022,77.260208,79.002957,78.962744,0,1
1201,olson_pnas2021,2022,79.384354,79.537047,79.662873,1,1
1202,olson_pnas2021,2022,84.216034,82.081188,82.349367,0,1
1203,olson_pnas2021,2022,83.740395,82.585993,82.214100,1,1
1204,olson_pnas2021,2022,80.616730,81.533158,83.560547,0,1
1205,olson_pnas2021,2022,79.113686,76.480406,78.134008,1,1
1206,olson_pnas2021,2022,84.477005,80.352713,81.499408,1,1
1207,olson_pnas2021,2022,78.799156,79.286933,79.018311,0,1
1208,olson_pnas2021,2022,78.680145,80.068235,79.308511,1,1
1209,olson_pnas2021,2022,79.648087,78.446045,79.069575,0,1
1210,olson_pnas2021,2022,69.462708,77.851802,77.885386,1,1
1211,olson_pnas2021,2022,79.300926,80.877057,80.985351,1,1
1212,olson_pnas2021,2022,81.163040,78.500287,79.444882,1,1
1213,olson_pnas2021,2022,77.849701,78.521162,80.115371,1,1
1214,olson_pnas2021,2022,71.387817,76.667664,77.032098,1,1
1215,olson_pnas2021,2022,83.812767,81.150180,81.772079,1,1
1216,olson_pnas2021,2022,73.940193,79.040947,78.744119,0,1
1217,olson_pnas2021,2022,73.729393,77.898192,79.123087,1,1
1218,olson_pnas2021,2022,71.337379,76.247579,76.705446,1,1
1219,olson_pnas2021,2022,77.664650,81.919384,81.685997,0,1
1220,olson_pnas2021,2022,78.319565,78.590192,78.716041,1,1
1221,olson_pnas2021,2022,78.709793,77.954947,77.972492,0,1
1222,olson_pnas2021,2022,85.619560,82.465399,83.048292,0,1
1223,olson_pnas2021,2022,85.179382,81.129808,81.987812,1,1
1224,olson_pnas2021,2022,87.494499,86.686030,86.219137,1,1
1225,olson_pnas2021,2022,70.316360,74.982636,75.964684,1,1
1226,olson_pnas2021,2022,74.391472,79.686969,79.934059,0,1
1227,olson_pnas2021,2022,86.846039,84.825304,85.669543,0,1
1228,olson_pnas2021,2022,83.239189,81.871273,81.701526,0,1
1229,olson_pnas2021,2022,64.493767,75.453872,76.599496,0,1
1230,olson_pnas2021,2022,79.766304,77.814552,78.483018,1,1
1231,olson_pnas2021,2022,86.007622,81.214402,82.052580,0,1
1232,olson_pnas2021,2022,80.771324,79.094418,80.378642,0,1
1233,olson_pnas2021,2022,84.107796,80.201974,80.166811,0,1
1234,olson_pnas2021,2022,76.272820,77.218831,78.133098,0,1
1235,olson_pnas2021,2022,82.872803,83.390677,82.613366,1,1
1236,olson_pnas2021,2022,78.120529,79.778824,79.587176,1,1
1237,olson_pnas2021,2022,71.052223,76.198297,76.640617,0,1
1238,olson_pnas2021,2022,81.943909,78.709721,80.125036,0,1
1239,olson_pnas2021,2022,80.035881,79.918421,80.210236,0,1
1240,olson_pnas2021,2022,79.882309,79.315478,79.120316,0,1
1241,olson_pnas2021,2022,89.490112,86.346540,85.788328,1,1
1242,olson_pnas2021,2022,61.339462,77.432109,76.810386,0,1
1243,olson_pnas2021,2022,68.985054,74.971288,75.622700,1,1
1244,olson_pnas2021,2022,84.548607,91.120252,91.926777,0,1
1245,olson_pnas2021,2022,83.805969,80.323924,81.300670,0,1
1246,olson_pnas2021,2022,63.392609,74.198320,75.010206,0,1
1247,olson_pnas2021,2022,74.444992,78.895989,78.508251,0,1
1248,olson_pnas2021,2022,75.114067,77.843893,79.334290,1,1
1249,olson_pnas2021,2022,86.911186,,,0,0
1250,olson_pnas2021,2022,81.951782,80.945651,81.550270,0,1
1251,olson_pnas2021,2022,78.684303,80.207214,80.073017,0,1
1252,olson_pnas2021,2022,77.617470,78.214685,78.108229,1,1
1253,olson_pnas2021,2022,70.874947,76.933698,76.823606,1,1
1254,olson_pnas2021,2022,73.240753,76.754490,76.812128,1,1
1255,olson_pnas2021,2022,84.120888,,,0,0
1256,olson_pnas2021,2022,75.216331,77.433325,78.732971,1,1
1257,olson_pnas2021,2022,80.635178,80.012157,79.393332,0,1
1258,olson_pnas2021,2022,76.889648,78.410055,78.278738,0,1
1259,olson_pnas2021,2022,82.419327,77.871027,78.588330,1,1
1260,olson_pnas2021,2022,76.456192,78.162644,77.876345,1,1
1261,olson_pnas2021,2022,83.389885,80.489549,81.406944,0,1
1262,olson_pnas2021,2022,65.025574,75.459998,77.311814,1,1
1263,olson_pnas2021,2022,80.220512,79.259482,79.848890,0,1
1264,olson_pnas2021,2022,77.068520,77.676938,77.253483,1,1
1265,olson_pnas2021,2022,69.425079,76.630611,76.707641,1,1
1266,olson_pnas2021,2022,69.933372,77.547220,76.927505,0,1
1267,olson_pnas2021,2022,83.334938,81.513751,82.563793,1,1
1268,olson_pnas2021,2022,78.864998,78.367362,79.168869,1,1
1269,olson_pnas2021,2022,82.105217,80.629858,81.189498,1,1
1270,olson_pnas2021,2022,78.932869,78.096623,79.525086,0,1
1271,olson_pnas2021,2022,80.688179,79.398403,80.897680,1,1
1272,olson_pnas2021,2022,78.300163,77.676887,78.968950,0,1
1273,olson_pnas2021,2022,86.062019,81.983985,82.253250,1,1
1274,olson_pnas2021,2022,83.416817,80.818102,81.030465,1,1
1275,olson_pnas2021,2022,77.047501,80.012094,80.574667,0,1
1276,olson_pnas2021,2022,74.738892,77.320523,78.591230,1,1
1277,olson_pnas2021,2022,91.172844,84.005601,84.134008,1,1
1278,olson_pnas2021,2022,76.155632,78.204334,78.236926,1,1
1279,olson_pnas2021,2022,71.340721,76.537806,77.084331,0,1
1280,olson_pnas2021,2022,80.366257,80.067621,81.424142,0,1
1281,olson_pnas2021,2022,77.094856,77.872496,77.860227,1,1
1282,olson_pnas2021,2022,83.784798,80.579765,81.362759,1,1
1283,olson_pnas2021,2022,81.928062,78.902400,80.461144,0,1
1284,olson_pnas2021,2022,93.143890,87.620146,87.375999,1,1
1285,olson_pnas2021,2022,74.576897,77.885937,78.488529,1,1
1286,olson_pnas2021,2022,89.383751,82.348918,83.280532,1,1
1287,olson_pnas2021,2022,86.787605,85.440537,84.699251,0,1
1288,olson_pnas2021,2022,92.177979,88.089736,87.913411,1,1
1289,olson_pnas2021,2022,83.122215,83.186701,83.467934,0,1
1290,olson_pnas2021,2022,65.114563,78.391697,78.135445,1,1
1291,olson_pnas2021,2022,64.369110,78.912426,79.465548,0,1
1292,olson_pnas2021,2022,79.137840,78.449056,79.028086,1,1
1293,olson_pnas2021,2022,75.456650,80.549699,80.253557,1,1
1294,olson_pnas2021,2022,75.658829,78.355836,79.988913,1,1
1295,olson_pnas2021,2022,82.707611,80.089046,80.239149,1,1
1296,olson_pnas2021,2022,79.108894,78.231272,78.734708,0,1
1297,olson_pnas2021,2022,78.611420,78.832277,79.487303,1,1
1298,olson_pnas2021,2022,78.828049,78.988845,79.307461,0,1
1299,olson_pnas2021,2022,81.384727,79.728851,80.454510,0,1
1300,olson_pnas2021,2022,75.907150,78.140658,78.043868,1,1
1301,olson_pnas2021,2022,77.081367,79.471802,80.079950,1,1
1302,olson_pnas2021,2022,77.943245,77.334887,78.066381,0,1
1303,olson_pnas2021,2022,69.950554,77.102042,78.789974,1,1
1304,olson_pnas2021,2022,78.352974,78.611496,78.726812,1,1
1305,olson_pnas2021,2022,81.906837,79.578867,80.917592,1,1
1306,olson_pnas2021,2022,72.855904,75.841316,76.114216,1,1
1307,olson_pnas2021,2022,71.932182,75.999821,76.901890,0,1
1308,olson_pnas2021,2022,78.228806,77.253197,78.738683,1,1
1309,olson_pnas2021,2022,82.360092,81.550461,81.456404,0,1
1310,olson_pnas2021,2022,87.083214,81.768863,82.080316,0,1
1311,olson_pnas2021,2022,78.310242,77.582389,78.167060,1,1
1312,olson_pnas2021,2022,90.105919,84.707071,85.503022,0,1
1313,olson_pnas2021,2022,85.560265,81.973710,81.887793,0,1
1314,olson_pnas2021,2022,69.898254,77.231470,77.058684,0,1
1315,olson_pnas2021,2022,83.544228,82.429076,83.588402,1,1
1316,olson_pnas2021,2022,72.259819,76.966296,77.344999,1,1
1317,olson_pnas2021,2022,71.888702,76.220839,76.530447,1,1
1318,olson_pnas2021,2022,77.313301,78.907561,79.265746,1,1
1319,olson_pnas2021,2022,75.286842,77.592223,78.485574,1,1
1320,olson_pnas2021,2022,74.615822,80.555342,80.059018,0,1
1321,olson_pnas2021,2022,77.222618,78.735295,78.315539,0,1
1322,olson_pnas2021,2022,76.303413,78.231444,78.726090,1,1
1323,olson_pnas2021,2022,80.559006,80.810960,80.725222,0,1
1324,olson_pnas2021,2022,85.903259,84.021663,84.564375,1,1
1325,olson_pnas2021,2022,79.829453,79.776700,80.144950,0,1
1326,olson_pnas2021,2022,70.291611,77.481408,77.630810,1,1
1327,olson_pnas2021,2022,75.371811,75.170196,77.262175,1,1
1328,olson_pnas2021,2022,69.697502,76.704231,77.394694,1,1
1329,olson_pnas2021,2022,80.639992,78.316900,79.310327,0,1
1330,olson_pnas2021,2022,82.398262,82.032993,81.554515,0,1
1331,olson_pnas2021,2022,91.870796,89.945133,89.733707,1,1
1332,olson_pnas2021,2022,65.262321,74.068361,75.154767,0,1
1333,olson_pnas2021,2022,72.618088,78.230726,77.679529,0,1
1334,olson_pnas2021,2022,79.014000,81.255768,80.485581,0,1
1335,olson_pnas2021,2022,84.137444,80.187257,81.845340,0,1
1336,olson_pnas2021,2022,80.266640,80.165367,79.494597,0,1
1337,olson_pnas2021,2022,80.776474,79.905081,80.836026,0,1
1338,olson_pnas2021,2022,79.527710,79.041357,79.079816,1,1
1339,olson_pnas2021,2022,82.851738,78.945047,79.688823,1,1
1340,olson_pnas2021,2022,78.966209,79.464190,79.680476,1,1
1341,olson_pnas2021,2022,81.966057,78.687471,80.526302,1,1
1342,olson_pnas2021,2022,87.659225,82.703508,82.997119,1,1
1343,olson_pnas2021,2022,76.829338,81.068528,80.664974,1,1
1344,olson_pnas2021,2022,75.318176,78.908037,79.469189,1,1
1345,olson_pnas2021,2022,76.043388,77.020127,78.252799,1,1
1346,olson_pnas2021,2022,79.380241,78.156405,79.833184,1,1
1347,olson_pnas2021,2022,82.871765,80.029530,80.688085,1,1
1348,olson_pnas2021,2022,78.882057,78.281125,80.032841,0,1
1349,olson_pnas2021,2022,77.787415,75.988846,78.136340,0,1
1350,olson_pnas2021,2022,66.282394,76.545125,76.757964,1,1
1351,olson_pnas2021,2022,73.856766,79.911358,80.529039,1,1
1352,olson_pnas2021,2022,79.293266,80.223001,82.279250,0,1
1353,olson_pnas2021,2022,76.488480,77.669629,78.382640,1,1
1354,olson_pnas2021,2022,75.328613,78.039550,77.970496,1,1
1355,olson_pnas2021,2022,86.329491,81.348326,82.024880,0,1
1356,olson_pnas2021,2022,75.174736,77.871059,78.309014,1,1
1357,olson_pnas2021,2022,71.321373,77.502641,77.355447,0,1
1358,olson_pnas2021,2022,73.017487,77.473894,78.218207,0,1
1359,olson_pnas2021,2022,76.700035,78.324896,78.689340,1,1
1360,olson_pnas2021,2022,79.722282,79.706794,80.073807,0,1
1361,olson_pnas2021,2022,75.275085,77.770192,78.690443,0,1
1362,olson_pnas2021,2022,80.932411,80.820389,80.549028,0,1
1363,olson_pnas2021,2022,71.385849,75.970355,77.956709,0,1
1364,olson_pnas2021,2022,76.426300,78.118263,79.417404,0,1
1365,olson_pnas2021,2022,86.276260,84.211501,84.785645,1,1
1366,olson_pnas2021,2022,70.301392,75.165252,75.449280,0,1
1367,olson_pnas2021,2022,86.327507,84.408022,85.461313,1,1
1368,olson_pnas2021,2022,74.896240,79.683973,79.531023,1,1
1369,olson_pnas2021,2022,64.593094,87.727932,89.821158,0,1
1370,olson_pnas2021,2022,80.865967,79.634773,80.864464,1,1
1371,olson_pnas2021,2022,78.623825,80.018779,81.162385,0,1
1372,olson_pnas2021,2022,76.460373,78.507467,78.315410,0,1
1373,olson_pnas2021,2022,74.401779,77.595883,77.897225,1,1
1374,olson_pnas2021,2022,67.517212,76.846284,78.284444,1,1
1375,olson_pnas2021,2022,77.119286,76.948419,77.999256,0,1
1376,olson_pnas2021,2022,91.407463,87.196291,87.624692,1,1
1377,olson_pnas2021,2022,80.140892,79.649126,79.773673,0,1
1378,olson_pnas2021,2022,79.410431,80.085243,80.145134,0,1
1379,olson_pnas2021,2022,81.246758,82.565750,83.166826,0,1
1380,olson_pnas2021,2022,74.266785,77.044745,77.102899,1,1
1381,olson_pnas2021,2022,48.527164,75.457277,76.687559,1,1
1382,olson_pnas2021,2022,75.447342,76.641917,76.998104,1,1
1383,olson_pnas2021,2022,81.018623,79.092472,79.690954,0,1
1384,olson_pnas2021,2022,68.635155,76.474547,76.651426,1,1
1385,olson_pnas2021,2022,74.102737,76.527474,76.674061,0,1
1386,olson_pnas2021,2022,82.072067,79.822806,80.972894,0,1
1387,olson_pnas2021,2022,80.514267,80.468246,81.479802,0,1
1388,olson_pnas2021,2022,82.984970,80.045136,80.363632,1,1
1389,olson_pnas2021,2022,77.970108,78.830627,80.586550,0,1
1390,olson_pnas2021,2022,73.642067,77.504257,77.503232,1,1
1391,olson_pnas2021,2022,79.367104,80.582098,81.296898,0,1
1392,olson_pnas2021,2022,91.417801,91.539969,91.516195,1,1
1393,olson_pnas2021,2022,83.348915,79.860087,80.354899,0,1
1394,olson_pnas2021,2022,79.660568,78.180302,79.190956,1,1
1395,olson_pnas2021,2022,84.022728,80.131899,81.009118,1,1
1396,olson_pnas2021,2022,71.174324,76.574297,76.358581,0,1
1397,olson_pnas2021,2022,81.202820,77.761155,79.811713,0,1
1398,olson_pnas2021,2022,73.964500,78.491749,79.411306,0,1
1399,olson_pnas2021,2022,68.883087,75.912453,76.111205,0,1
1400,olson_pnas2021,2022,77.348038,78.196955,78.962565,0,1
1401,olson_pnas2021,2022,75.865059,77.509098,78.075216,0,1
1402,olson_pnas2021,2022,77.427238,78.078607,78.725085,1,1
1403,olson_pnas2021,2022,81.411537,78.706512,79.769432,1,1
1404,olson_pnas2021,2022,76.016243,76.865393,77.730241,1,1
1405,olson_pnas2021,2022,84.381248,87.879456,86.752837,0,1
1406,olson_pnas2021,2022,78.730064,79.452202,79.719931,0,1
1407,olson_pnas2021,2022,75.912392,78.255455,78.444633,1,1
1408,olson_pnas2021,2022,83.602730,81.166605,82.335641,1,1
1409,olson_pnas2021,2022,74.635414,77.003568,77.030276,0,1
1410,olson_pnas2021,2022,85.895470,83.835760,84.098840,1,1
1411,olson_pnas2021,2022,77.484634,78.891109,78.743404,0,1
1412,olson_pnas2021,2022,80.838707,79.526627,80.535206,1,1
1413,olson_pnas2021,2022,76.277832,78.452461,78.809730,0,1
1414,olson_pnas2021,2022,83.068245,80.639496,81.305816,1,1
1415,olson_pnas2021,2022,76.256989,77.822508,78.510971,0,1
1416,olson_pnas2021,2022,86.528465,82.979599,83.202326,0,1
1417,olson_pnas2021,2022,82.771858,80.316405,80.550712,0,1
1418,olson_pnas2021,2022,80.619934,80.041968,80.283403,0,1
1419,olson_pnas2021,2022,85.694382,81.793579,82.104311,1,1
1420,olson_pnas2021,2022,77.296555,79.132792,80.475095,1,1
1421,olson_pnas2021,2022,84.661530,81.530202,82.332619,1,1
1422,olson_pnas2021,2022,88.344284,86.144757,86.990150,1,1
1423,olson_pnas2021,2022,74.318550,78.341251,77.797864,0,1
1424,olson_pnas2021,2022,91.624657,85.064615,85.705227,1,1
1425,olson_pnas2021,2022,87.344467,83.076803,83.868224,0,1
1426,olson_pnas2021,2022,80.775108,76.528046,76.947855,0,1
1427,olson_pnas2021,2022,78.192795,80.298740,80.433553,0,1
1428,olson_pnas2021,2022,87.009712,84.488688,84.746178,1,1
1429,olson_pnas2021,2022,77.507301,79.730537,80.295115,1,1
1430,olson_pnas2021,2022,73.664391,78.255600,78.585246,1,1
1431,olson_pnas2021,2022,71.394653,77.177208,78.144440,0,1
1432,olson_pnas2021,2022,84.859261,82.953776,82.701273,0,1
1433,olson_pnas2021,2022,83.726074,82.736935,82.328175,1,1
1434,olson_pnas2021,2022,83.949348,83.475555,83.528299,1,1
1435,olson_pnas2021,2022,83.253029,80.470609,80.759053,0,1
1436,olson_pnas2021,2022,78.843239,76.227152,77.042099,0,1
1437,olson_pnas2021,2022,75.077866,78.257274,79.188667,0,1
1438,olson_pnas2021,2022,84.309647,84.076082,83.610387,0,1
1439,olson_pnas2021,2022,79.936234,80.462344,81.709694,1,1
1440,olson_pnas2021,2022,78.522461,78.486007,78.118480,0,1
1441,olson_pnas2021,2022,55.802979,78.192666,77.957597,1,1
1442,olson_pnas2021,2022,78.903229,78.961104,79.517564,0,1
1443,olson_pnas2021,2022,81.754860,81.195724,81.116972,0,1
1444,olson_pnas2021,2022,69.833908,76.662611,77.892107,1,1
1445,olson_pnas2021,2022,88.436455,84.534317,84.677919,0,1
1446,olson_pnas2021,2022,77.006821,78.757702,78.712033,1,1
1447,olson_pnas2021,2022,89.480972,86.188517,87.522889,0,1
1448,olson_pnas2021,2022,79.884979,78.738739,79.578392,1,1
1449,olson_pnas2021,2022,83.983162,86.133869,86.217818,1,1
1450,olson_pnas2021,2022,89.016411,83.920473,83.932933,0,1
1451,olson_pnas2021,2022,83.235031,80.935852,81.492842,1,1
1452,olson_pnas2021,2022,76.749657,86.817532,87.393018,0,1
1453,olson_pnas2021,2022,84.116394,82.444948,82.211212,1,1
1454,olson_pnas2021,2022,78.007027,78.706290,79.290229,1,1
1455,olson_pnas2021,2022,79.914383,82.396606,82.449056,1,1
1456,olson_pnas2021,2022,80.489212,79.022371,80.184961,0,1
1457,olson_pnas2021,2022,76.416245,77.601524,77.466166,0,1
1458,olson_pnas2021,2022,84.194771,84.046524,83.862177,0,1
1459,olson_pnas2021,2022,86.405220,83.048150,83.497874,1,1
1460,olson_pnas2021,2022,70.745239,79.792723,79.321005,0,1
1461,olson_pnas2021,2022,81.272156,79.199127,79.378812,1,1
1462,olson_pnas2021,2022,82.115227,82.014501,81.789628,0,1
1463,olson_pnas2021,2022,71.095161,79.533721,78.734318,1,1
1464,olson_pnas2021,2022,84.873474,82.335490,82.240510,1,1
1465,olson_pnas2021,2022,79.342422,77.552409,78.590362,0,1
1466,olson_pnas2021,2022,84.920517,81.199678,82.595216,0,1
1467,olson_pnas2021,2022,72.833855,76.336286,77.212939,1,1
1468,olson_pnas2021,2022,68.949081,77.382809,78.961250,0,1
1469,olson_pnas2021,2022,79.814651,79.597560,79.340652,0,1
1470,olson_pnas2021,2022,66.656380,76.635893,76.454065,1,1
1471,olson_pnas2021,2022,74.625221,78.767737,79.052306,0,1
1472,olson_pnas2021,2022,73.856476,75.976947,76.308811,1,1
1473,olson_pnas2021,2022,71.669930,78.281059,77.790022,1,1
1474,olson_pnas2021,2022,68.916199,76.926475,78.015094,1,1
1475,olson_pnas2021,2022,71.932632,76.757749,76.713479,1,1
1476,olson_pnas2021,2022,60.896862,81.659846,81.865648,0,1
1477,olson_pnas2021,2022,78.152313,77.967011,78.731792,1,1
1478,olson_pnas2021,2022,77.425316,76.943185,77.714482,1,1
1479,olson_pnas2021,2022,77.354271,79.400959,79.495856,1,1
1480,olson_pnas2021,2022,87.037376,82.950465,84.542730,1,1
1481,olson_pnas2021,2022,77.529816,78.811225,80.693622,1,1
1482,olson_pnas2021,2022,74.603722,77.162899,77.999268,1,1
1483,olson_pnas2021,2022,80.833580,79.123791,79.454215,0,1
1484,olson_pnas2021,2022,87.165161,81.700088,83.821613,1,1
1485,olson_pnas2021,2022,79.319664,77.502173,77.977387,1,1
1486,olson_pnas2021,2022,69.371925,78.750809,78.308503,0,1
1487,olson_pnas2021,2022,69.259155,74.417413,75.430699,0,1
1488,olson_pnas2021,2022,80.609360,79.420854,79.712480,0,1
1489,olson_pnas2021,2022,81.654877,80.098148,81.262706,1,1
1490,olson_pnas2021,2022,84.972572,82.085146,81.722564,0,1
1491,olson_pnas2021,2022,79.241402,78.890645,80.036917,0,1
1492,olson_pnas2021,2022,82.134338,79.374549,80.950778,0,1
1493,olson_pnas2021,2022,80.085510,79.460503,81.451208,1,1
1494,olson_pnas2021,2022,65.405052,83.744277,84.909958,0,1
1495,olson_pnas2021,2022,77.168930,77.559267,78.030845,1,1
1496,olson_pnas2021,2022,73.870102,77.690275,78.202956,0,1
1497,olson_pnas2021,2022,76.354172,77.560420,77.889198,0,1
1498,olson_pnas2021,2022,72.043640,75.165489,75.732997,1,1
1499,olson_pnas2021,2022,77.072594,78.639214,79.287894,1,1
1500,olson_pnas2021,2022,76.639923,80.616978,80.289845,1,1
1501,olson_pnas2021,2022,69.119537,76.808174,77.411072,0,1
1502,olson_pnas2021,2022,65.020798,76.366025,76.698421,1,1
1503,olson_pnas2021,2022,68.502876,76.042809,77.903418,1,1
1504,olson_pnas2021,2022,78.255478,78.294223,79.503730,0,1
1505,olson_pnas2021,2022,69.234825,74.993923,76.252961,0,1
1506,olson_pnas2021,2022,83.091026,81.238943,81.367873,0,1
1507,olson_pnas2021,2022,83.611504,84.796874,83.722595,1,1
1508,olson_pnas2021,2022,85.165634,81.831433,82.942653,1,1
1509,olson_pnas2021,2022,75.049782,77.818143,78.704588,1,1
1510,olson_pnas2021,2022,79.951477,80.051809,80.099490,1,1
1511,olson_pnas2021,2022,71.832359,78.655466,78.138514,0,1
1512,olson_pnas2021,2022,72.871048,77.237564,77.234468,0,1
1513,olson_pnas2021,2022,78.764572,79.315447,80.248853,1,1
1514,olson_pnas2021,2022,81.657669,79.713616,79.650254,0,1
1515,olson_pnas2021,2022,81.962433,79.058697,79.598010,1,1
1516,olson_pnas2021,2022,86.142906,81.519434,82.887034,0,1
1517,olson_pnas2021,2022,77.849998,80.261227,80.586102,1,1
1518,olson_pnas2021,2022,81.382652,81.832319,81.408130,1,1
1519,olson_pnas2021,2022,93.128426,89.650373,89.523231,0,1
1520,olson_pnas2021,2022,68.729195,75.321989,75.894460,0,1
1521,olson_pnas2021,2022,79.869598,78.419640,79.102035,0,1
1522,olson_pnas2021,2022,80.123314,80.231802,79.618305,1,1
1523,olson_pnas2021,2022,84.674171,83.181722,82.851125,0,1
1524,olson_pnas2021,2022,79.956970,78.490449,79.630317,0,1
1525,olson_pnas2021,2022,86.033211,83.513731,85.025160,0,1
1526,olson_pnas2021,2022,73.302193,81.352029,82.080104,0,1
1527,olson_pnas2021,2022,95.735100,92.572616,92.278728,1,1
1528,olson_pnas2021,2022,79.624733,78.242288,79.016974,1,1
1529,olson_pnas2021,2022,93.852280,87.532854,88.240782,1,1
1530,olson_pnas2021,2022,77.209839,79.326324,79.347879,1,1
1531,olson_pnas2021,2022,81.584808,83.071408,82.430627,0,1
1532,olson_pnas2021,2022,89.841637,84.325706,86.672287,0,1
1533,olson_pnas2021,2022,71.455620,75.989769,76.106686,1,1
1534,olson_pnas2021,2022,81.769737,80.505280,80.483703,1,1
1535,olson_pnas2021,2022,76.123291,79.638499,80.339008,0,1
1536,olson_pnas2021,2022,66.552399,76.763223,77.266786,0,1
1537,olson_pnas2021,2022,78.840546,81.737841,81.436940,0,1
1538,olson_pnas2021,2022,77.685341,79.036988,79.051599,0,1
1539,olson_pnas2021,2022,67.029518,75.669791,76.907334,1,1
1540,olson_pnas2021,2022,83.183861,79.791449,81.157500,1,1
1541,olson_pnas2021,2022,78.995758,79.438360,79.306738,1,1
1542,olson_pnas2021,2022,73.922714,78.705069,79.595910,0,1
1543,olson_pnas2021,2022,91.012070,86.371031,86.383443,1,1
1544,olson_pnas2021,2022,74.316002,78.842071,79.210069,1,1
1545,olson_pnas2021,2022,75.804970,78.034114,78.532621,1,1
1546,olson_pnas2021,2022,83.152321,82.587357,81.990768,0,1
1547,olson_pnas2021,2022,78.503296,78.651031,79.210010,1,1
1548,olson_pnas2021,2022,80.919563,80.264547,80.861787,0,1
1549,olson_pnas2021,2022,79.141708,81.642469,82.073394,0,1
1550,olson_pnas2021,2022,66.749535,76.877011,78.369819,0,1
1551,olson_pnas2021,2022,72.342201,76.543708,76.591345,1,1
1552,olson_pnas2021,2022,80.261902,81.148186,80.980411,1,1
1553,olson_pnas2021,2022,82.608398,81.475675,81.742068,1,1
1554,olson_pnas2021,2022,86.670860,82.465773,82.059037,0,1
1555,olson_pnas2021,2022,76.710876,78.983667,78.913374,0,1
1556,olson_pnas2021,2022,81.631569,83.094845,83.290732,0,1
1557,olson_pnas2021,2022,78.539482,77.373478,77.790698,0,1
1558,olson_pnas2021,2022,84.269264,81.970822,82.156451,0,1
1559,olson_pnas2021,2022,80.600945,79.839401,80.039254,1,1
1560,olson_pnas2021,2022,92.880074,91.102879,89.914693,1,1
1561,olson_pnas2021,2022,73.520638,76.017228,76.492103,0,1
1562,olson_pnas2021,2022,83.908508,82.346836,83.113292,0,1
1563,olson_pnas2021,2022,57.095940,77.901024,78.880333,0,1
1564,olson_pnas2021,2022,76.914009,77.216534,78.691476,1,1
1565,olson_pnas2021,2022,75.911789,79.175573,78.656536,0,1
1566,olson_pnas2021,2022,74.970650,78.779843,78.139979,1,1
1567,olson_pnas2021,2022,88.874870,85.851319,85.471585,1,1
1568,olson_pnas2021,2022,70.135597,75.769201,76.992656,0,1
1569,olson_pnas2021,2022,65.777382,73.841532,74.514072,1,1
1570,olson_pnas2021,2022,88.216255,83.279577,83.771048,0,1
1571,olson_pnas2021,2022,77.829132,80.029806,80.446219,1,1
1572,olson_pnas2021,2022,72.824867,77.071238,76.863444,0,1
1573,olson_pnas2021,2022,74.781509,79.640073,79.052511,1,1
1574,olson_pnas2021,2022,81.816322,79.467561,80.022582,1,1
1575,olson_pnas2021,2022,75.667618,78.389447,78.794778,1,1
1576,olson_pnas2021,2022,67.507866,75.224026,75.456240,0,1
1577,olson_pnas2021,2022,67.936722,75.262673,75.756798,1,1
1578,olson_pnas2021,2022,85.081306,82.922592,83.088579,1,1
1579,olson_pnas2021,2022,69.927834,76.512795,76.346081,1,1
1580,olson_pnas2021,2022,80.180969,80.774509,80.601070,0,1
1581,olson_pnas2021,2022,81.311760,80.209622,80.285998,0,1
1582,olson_pnas2021,2022,82.013168,79.001181,80.104636,0,1
1583,olson_pnas2021,2022,85.923401,81.037448,81.911067,0,1
1584,olson_pnas2021,2022,80.412834,90.984608,90.765808,1,1
1585,olson_pnas2021,2022,88.762238,85.410016,85.927484,0,1
1586,olson_pnas2021,2022,82.618416,81.367042,80.953310,1,1
1587,olson_pnas2021,2022,81.380966,81.541602,80.968242,1,1
1588,olson_pnas2021,2022,80.572632,80.812453,81.668961,1,1
1589,olson_pnas2021,2022,78.932205,79.980117,79.654320,0,1
1590,olson_pnas2021,2022,72.803574,77.607302,78.631433,0,1
1591,olson_pnas2021,2022,81.037537,79.892282,80.510414,0,1
1592,olson_pnas2021,2022,80.221985,78.026252,79.527618,1,1
1593,olson_pnas2021,2022,58.711006,74.102692,75.625287,0,1
1594,olson_pnas2021,2022,83.590523,81.560921,81.510319,0,1
1595,olson_pnas2021,2022,70.559113,76.993882,77.096173,0,1
1596,olson_pnas2021,2022,77.436974,79.856917,79.863892,1,1
1597,olson_pnas2021,2022,93.637184,87.655936,88.090060,0,1
1598,olson_pnas2021,2022,81.072601,82.793018,82.760480,0,1
1599,olson_pnas2021,2022,82.398865,78.963220,80.935459,0,1
1600,olson_pnas2021,2022,77.393478,80.830403,80.577590,1,1
1601,olson_pnas2021,2022,85.730255,83.196359,83.148158,1,1
1602,olson_pnas2021,2022,91.578766,86.135612,86.393078,1,1
1603,olson_pnas2021,2022,77.420616,78.234031,78.282762,0,1
1604,olson_pnas2021,2022,72.960709,78.164805,77.973000,1,1
1605,olson_pnas2021,2022,69.753098,75.366017,76.523835,0,1
1606,olson_pnas2021,2022,80.868408,79.998924,80.764314,1,1
1607,olson_pnas2021,2022,78.584641,78.776811,78.305834,1,1
1608,olson_pnas2021,2022,83.590233,81.355118,81.459729,0,1
1609,olson_pnas2021,2022,79.374298,78.751286,79.631225,1,1
1610,olson_pnas2021,2022,80.164619,78.162518,78.858169,1,1
1611,olson_pnas2021,2022,83.088005,79.868338,80.169046,0,1
1612,olson_pnas2021,2022,73.025780,78.882988,78.106277,0,1
1613,olson_pnas2021,2022,60.535370,77.639193,77.438066,0,1
1614,olson_pnas2021,2022,83.660477,81.086593,82.264133,1,1
1615,olson_pnas2021,2022,79.711357,79.475201,79.633112,0,1
1616,olson_pnas2021,2022,78.639725,78.977811,78.470889,0,1
1617,olson_pnas2021,2022,83.396286,81.717076,82.081805,0,1
1618,olson_pnas2021,2022,83.100113,81.197523,81.314830,1,1
1619,olson_pnas2021,2022,77.708260,80.821325,80.464243,1,1
1620,olson_pnas2021,2022,80.181190,79.768369,80.487168,1,1
1621,olson_pnas2021,2022,61.104424,75.446210,75.970517,0,1
1622,olson_pnas2021,2022,81.111977,77.620331,77.392851,0,1
1623,olson_pnas2021,2022,73.769691,76.481063,76.503965,0,1
1624,olson_pnas2021,2022,71.212418,79.607013,80.653947,1,1
1625,olson_pnas2021,2022,92.107880,85.892260,86.345922,1,1
1626,olson_pnas2021,2022,75.584259,76.857557,77.585398,0,1
1627,olson_pnas2021,2022,82.768143,82.108009,83.563942,0,1
1628,olson_pnas2021,2022,86.523560,82.094102,83.169828,1,1
1629,olson_pnas2021,2022,70.496773,76.822345,77.135457,0,1
1630,olson_pnas2021,2022,72.978912,76.274354,76.783731,1,1
1631,olson_pnas2021,2022,78.259987,78.308625,78.667690,0,1
1632,olson_pnas2021,2022,82.196968,81.375792,81.814824,1,1
1633,olson_pnas2021,2022,66.275398,74.552951,75.315574,1,1
1634,olson_pnas2021,2022,73.827980,79.940191,80.982740,0,1
1635,olson_pnas2021,2022,81.468872,80.488722,80.318708,1,1
1636,olson_pnas2021,2022,71.322250,78.030708,77.702065,0,1
1637,olson_pnas2021,2022,73.242104,79.520762,79.512337,1,1
1638,olson_pnas2021,2022,79.273239,77.899382,79.438583,1,1
1639,olson_pnas2021,2022,88.668770,84.105813,84.440520,0,1
1640,olson_pnas2021,2022,82.116554,82.620524,82.466226,1,1
1641,olson_pnas2021,2022,76.932564,77.980466,78.024568,1,1
1642,olson_pnas2021,2022,79.767784,79.735915,79.104539,0,1
1643,olson_pnas2021,2022,88.860352,84.835040,84.882900,0,1
1644,olson_pnas2021,2022,77.861176,78.491835,78.312047,1,1
1645,olson_pnas2021,2022,79.721115,79.550866,79.403120,0,1
1646,olson_pnas2021,2022,78.214119,79.422215,79.341831,0,1
1647,olson_pnas2021,2022,80.637550,79.431059,80.322424,1,1
1648,olson_pnas2021,2022,80.181709,78.799689,80.019048,1,1
1649,olson_pnas2021,2022,79.098618,80.187331,80.587888,1,1
1650,olson_pnas2021,2022,57.128841,73.347469,74.977021,0,1
1651,olson_pnas2021,2022,80.816498,,,0,0
1652,olson_pnas2021,2022,76.769791,78.278914,78.957294,0,1
1653,olson_pnas2021,2022,78.296768,80.850906,80.531208,1,1
1654,olson_pnas2021,2022,71.667793,76.937397,77.844338,1,1
1655,olson_pnas2021,2022,78.682480,78.183707,78.896397,0,1
1656,olson_pnas2021,2022,77.143684,79.596408,79.625969,0,1
1657,olson_pnas2021,2022,71.513313,77.821297,79.453308,0,1
1658,olson_pnas2021,2022,77.452713,78.749393,79.770839,0,1
1659,olson_pnas2021,2022,75.676826,78.598234,78.567322,0,1
1660,olson_pnas2021,2022,77.430641,78.326860,78.224712,1,1
1661,olson_pnas2021,2022,74.099129,77.583955,78.018259,0,1
1662,olson_pnas2021,2022,81.671249,80.717751,81.081176,1,1
1663,olson_pnas2021,2022,86.155090,84.896870,84.948904,1,1
1664,olson_pnas2021,2022,77.818489,78.455559,78.742987,0,1
1665,olson_pnas2021,2022,80.492958,81.681359,83.388334,1,1
1666,olson_pnas2021,2022,75.271492,78.265800,79.587699,0,1
1667,olson_pnas2021,2022,73.997528,77.103023,78.030030,0,1
1668,olson_pnas2021,2022,79.124916,78.952099,79.387314,0,1
1669,olson_pnas2021,2022,73.623436,77.947378,77.618655,0,1
1670,olson_pnas2021,2022,86.439308,83.403210,83.451586,1,1
1671,olson_pnas2021,2022,77.659523,81.062637,80.564313,0,1
1672,olson_pnas2021,2022,78.518906,78.645197,79.487475,1,1
1673,olson_pnas2021,2022,63.789719,75.507273,76.829706,1,1
1674,olson_pnas2021,2022,85.761467,83.296464,84.566931,1,1
1675,olson_pnas2021,2022,79.237488,79.303853,79.402938,0,1
1676,olson_pnas2021,2022,77.854820,78.190784,78.987930,0,1
1677,olson_pnas2021,2022,76.868561,79.887683,79.703961,0,1
1678,olson_pnas2021,2022,81.619751,80.121149,81.089517,0,1
1679,olson_pnas2021,2022,68.771362,77.199031,77.990093,1,1
1680,olson_pnas2021,2022,86.403763,85.136557,85.820952,0,1
1681,olson_pnas2021,2022,84.255501,82.077982,81.975095,0,1
1682,olson_pnas2021,2022,75.742668,79.503902,78.817577,0,1
1683,olson_pnas2021,2022,76.064407,77.633354,78.370246,1,1
1684,olson_pnas2021,2022,83.184227,82.464410,82.364897,1,1
1685,olson_pnas2021,2022,80.064949,78.428829,80.086837,1,1
1686,olson_pnas2021,2022,73.585396,78.669321,78.489871,0,1
1687,olson_pnas2021,2022,73.515182,82.310004,83.484605,0,1
1688,olson_pnas2021,2022,79.394653,79.359012,79.751906,1,1
1689,olson_pnas2021,2022,78.450600,84.646758,86.405980,1,1
1690,olson_pnas2021,2022,78.932693,82.216756,81.765563,0,1
1691,olson_pnas2021,2022,74.324554,77.478757,77.681272,1,1
1692,olson_pnas2021,2022,85.657272,82.098622,83.698630,0,1
1693,olson_pnas2021,2022,84.198174,80.969415,82.238062,1,1
1694,olson_pnas2021,2022,82.027916,80.083824,80.903095,1,1
1695,olson_pnas2021,2022,71.490433,76.642112,76.442834,1,1
1696,olson_pnas2021,2022,74.229965,79.453711,79.382262,0,1
1697,olson_pnas2021,2022,91.275444,86.150965,86.511026,1,1
1698,olson_pnas2021,2022,82.524284,80.830361,80.959488,0,1
1699,olson_pnas2021,2022,77.235428,78.705554,78.269574,1,1
1700,olson_pnas2021,2022,85.775513,84.616605,85.412586,0,1
1701,olson_pnas2021,2022,81.595695,80.735155,80.866261,0,1
1702,olson_pnas2021,2022,81.221184,82.619754,82.060909,1,1
1703,olson_pnas2021,2022,59.101040,75.878028,76.611276,0,1
1704,olson_pnas2021,2022,73.558990,77.000950,78.244853,0,1
1705,olson_pnas2021,2022,74.029854,76.811370,76.777302,0,1
1706,olson_pnas2021,2022,82.756737,82.114239,81.466645,1,1
1707,olson_pnas2021,2022,84.827110,81.376504,81.804542,1,1
1708,olson_pnas2021,2022,75.476105,77.850117,78.534909,0,1
1709,olson_pnas2021,2022,76.115761,78.023153,78.889187,0,1
1710,olson_pnas2021,2022,81.155823,80.491620,80.354339,1,1
1711,olson_pnas2021,2022,84.781425,82.419669,82.595039,0,1
1712,olson_pnas2021,2022,75.872917,79.708939,79.992990,1,1
1713,olson_pnas2021,2022,73.145226,78.316582,78.551815,1,1
1714,olson_pnas2021,2022,75.981445,78.080428,78.353618,1,1
1715,olson_pnas2021,2022,80.406120,80.582964,80.396827,0,1
1716,olson_pnas2021,2022,78.057320,78.368426,78.699903,0,1
1717,olson_pnas2021,2022,83.456528,80.972341,80.894036,1,1
1718,olson_pnas2021,2022,81.058601,81.310189,81.895930,1,1
1719,olson_pnas2021,2022,82.439232,79.294603,79.687077,0,1
1720,olson_pnas2021,2022,80.211815,77.393278,79.135535,1,1
1721,olson_pnas2021,2022,78.133774,78.870368,78.639835,1,1
1722,olson_pnas2021,2022,78.914642,78.881493,79.305035,0,1
1723,olson_pnas2021,2022,72.905281,76.471987,76.667753,0,1
1724,olson_pnas2021,2022,81.875198,80.653190,80.256586,0,1
1725,olson_pnas2021,2022,82.066116,81.100735,81.634900,0,1
1726,olson_pnas2021,2022,75.389763,77.625274,77.803454,0,1
1727,olson_pnas2021,2022,80.223366,79.046763,79.460565,0,1
1728,olson_pnas2021,2022,71.953667,77.448746,78.658969,1,1
1729,olson_pnas2021,2022,70.834587,77.501424,77.366916,0,1
1730,olson_pnas2021,2022,64.037666,75.753466,76.583182,1,1
1731,olson_pnas2021,2022,73.382477,75.740909,76.163806,0,1
1732,olson_pnas2021,2022,76.932785,78.571726,78.507995,0,1
1733,olson_pnas2021,2022,86.497948,83.750592,83.384497,0,1
1734,olson_pnas2021,2022,82.852394,80.480193,80.986354,0,1
1735,olson_pnas2021,2022,65.313164,76.407096,76.868378,0,1
1736,olson_pnas2021,2022,83.824249,80.718160,82.155906,1,1
1737,olson_pnas2021,2022,78.733704,81.440395,81.498520,1,1
1738,olson_pnas2021,2022,65.305695,75.586330,76.391154,1,1
1739,olson_pnas2021,2022,85.094383,80.667274,82.385848,0,1
1740,olson_pnas2021,2022,83.244987,80.696839,81.051605,1,1
1741,olson_pnas2021,2022,83.890411,82.525900,82.645448,1,1
1742,olson_pnas2021,2022,74.344566,77.657689,78.394012,0,1
1743,olson_pnas2021,2022,79.525742,78.930435,79.344427,1,1
1744,olson_pnas2021,2022,85.338608,82.710656,83.620606,0,1
1745,olson_pnas2021,2022,73.971939,77.198167,77.816378,1,1
1746,olson_pnas2021,2022,77.315620,77.298206,77.732323,1,1
1747,olson_pnas2021,2022,89.064690,84.122493,84.561247,0,1
1748,olson_pnas2021,2022,68.818527,76.155529,75.516599,0,1
1749,olson_pnas2021,2022,73.061607,77.484082,77.572220,1,1
1750,olson_pnas2021,2022,85.365646,83.018236,82.433735,1,1
1751,olson_pnas2021,2022,78.811089,78.911853,78.477061,0,1
1752,olson_pnas2021,2022,82.150146,80.653491,81.111453,0,1
1753,olson_pnas2021,2022,74.195816,79.232370,78.653824,1,1
1754,olson_pnas2021,2022,88.527641,83.622331,83.770980,0,1
1755,olson_pnas2021,2022,83.716789,81.220099,80.808498,1,1
1756,olson_pnas2021,2022,81.887192,80.447605,80.602327,0,1
1757,olson_pnas2021,2022,81.052277,78.162013,79.146621,0,1
1758,olson_pnas2021,2022,78.987343,80.052183,80.087616,1,1
1759,olson_pnas2021,2022,79.628220,79.173610,80.129388,1,1
1760,olson_pnas2021,2022,70.839127,74.603997,76.413464,0,1
1761,olson_pnas2021,2022,81.846840,79.611740,79.986920,1,1
1762,olson_pnas2021,2022,87.282028,83.817677,83.515105,0,1
1763,olson_pnas2021,2022,78.202507,78.897063,79.239668,1,1
1764,olson_pnas2021,2022,92.831520,87.978200,88.124078,0,1
1765,olson_pnas2021,2022,80.438179,78.570201,79.060411,0,1
1766,olson_pnas2021,2022,88.066513,84.280905,84.771308,0,1
1767,olson_pnas2021,2022,87.066093,82.839762,82.594953,0,1
1768,olson_pnas2021,2022,81.943199,80.086965,81.428623,0,1
1769,olson_pnas2021,2022,79.923233,82.218183,81.743558,0,1
1770,olson_pnas2021,2022,84.228271,88.349368,89.995514,1,1
1771,olson_pnas2021,2022,76.999161,79.124674,78.915385,0,1
1772,olson_pnas2021,2022,81.812393,80.244510,80.486606,0,1
1773,olson_pnas2021,2022,68.115959,75.312893,76.224896,0,1
1774,olson_pnas2021,2022,77.415550,83.079476,84.674254,0,1
1775,olson_pnas2021,2022,80.204094,79.144972,79.349748,0,1
1776,olson_pnas2021,2022,89.706680,84.511508,83.622388,1,1
1777,olson_pnas2021,2022,88.352760,84.698794,84.499151,0,1
1778,olson_pnas2021,2022,74.639023,76.241268,77.367624,0,1
1779,olson_pnas2021,2022,77.130081,79.846299,80.944248,1,1
1780,olson_pnas2021,2022,93.194862,90.200474,90.634019,0,1
1781,olson_pnas2021,2022,82.220634,81.223154,81.848335,1,1
1782,olson_pnas2021,2022,77.248726,79.748261,79.186714,1,1
1783,olson_pnas2021,2022,56.780785,73.484925,75.827754,0,1
1784,olson_pnas2021,2022,81.703796,80.418420,80.897825,0,1
1785,olson_pnas2021,2022,81.106804,81.080405,81.254986,1,1
1786,olson_pnas2021,2022,88.066605,83.491594,84.200160,0,1
1787,olson_pnas2021,2022,89.438995,84.644699,84.567538,0,1
1788,olson_pnas2021,2022,75.805527,79.565987,80.639862,0,1
1789,olson_pnas2021,2022,75.909203,77.848137,78.304454,1,1
1790,olson_pnas2021,2022,73.131386,77.199302,78.015268,0,1
1791,olson_pnas2021,2022,79.824104,79.035559,78.941099,0,1
1792,olson_pnas2021,2022,82.143715,79.444567,80.739075,1,1
1793,olson_pnas2021,2022,78.226921,79.641479,79.473904,0,1
1794,olson_pnas2021,2022,84.193321,81.287832,82.437365,1,1
1795,olson_pnas2021,2022,68.721863,76.150725,77.810323,1,1
1796,olson_pnas2021,2022,76.477867,77.715680,78.187557,1,1
1797,olson_pnas2021,2022,72.627319,77.662442,78.086262,1,1
1798,olson_pnas2021,2022,73.945450,77.656649,78.761961,1,1
1799,olson_pnas2021,2022,87.329117,89.732620,89.612847,0,1
1800,olson_pnas2021,2022,83.401176,81.654637,82.133960,0,1
1801,olson_pnas2021,2022,82.861053,83.526525,85.433532,1,1
1802,olson_pnas2021,2022,80.241241,78.519815,79.769376,1,1
1803,olson_pnas2021,2022,81.267044,79.710359,80.512201,1,1
1804,olson_pnas2021,2022,75.546371,76.135156,77.239458,1,1
1805,olson_pnas2021,2022,80.718300,79.121436,78.828246,1,1
1806,olson_pnas2021,2022,76.378265,78.268412,78.214677,1,1
1807,olson_pnas2021,2022,76.280006,76.915379,77.625682,0,1
1808,olson_pnas2021,2022,76.372444,79.184496,79.786369,1,1
1809,olson_pnas2021,2022,77.717873,77.000043,77.476654,1,1
1810,olson_pnas2021,2022,71.745041,76.183715,77.558988,0,1
1811,olson_pnas2021,2022,74.937698,79.008745,79.328694,1,1
1812,olson_pnas2021,2022,77.428070,79.241287,78.880709,1,1
1813,olson_pnas2021,2022,71.363380,76.000083,76.804651,1,1
1814,olson_pnas2021,2022,87.238548,78.420256,78.518516,1,1
1815,olson_pnas2021,2022,89.267334,83.904276,86.029184,0,1
1816,olson_pnas2021,2022,89.568436,86.486160,85.693458,0,1
1817,olson_pnas2021,2022,76.912735,78.947527,78.694080,1,1
1818,olson_pnas2021,2022,78.914795,,,0,0
1819,olson_pnas2021,2022,89.094246,84.328994,84.792375,0,1
1820,olson_pnas2021,2022,87.916039,82.113903,82.212735,1,1
1821,olson_pnas2021,2022,90.973824,90.152948,90.193861,1,1
1822,olson_pnas2021,2022,80.718201,79.628150,79.174996,0,1
1823,olson_pnas2021,2022,83.033943,82.128038,81.657296,0,1
1824,olson_pnas2021,2022,88.321182,97.762817,97.737983,0,1
1825,olson_pnas2021,2022,76.417816,77.889545,77.936566,0,1
1826,olson_pnas2021,2022,79.564011,78.952071,80.399218,1,1
1827,olson_pnas2021,2022,64.465820,80.527302,80.606528,0,1
1828,olson_pnas2021,2022,91.550842,,,0,0
1829,olson_pnas2021,2022,76.428947,77.968663,77.686293,0,1
1830,olson_pnas2021,2022,71.726250,79.753029,79.664860,0,1
1831,olson_pnas2021,2022,72.393127,76.245821,76.257784,1,1
1832,olson_pnas2021,2022,80.702171,79.895545,80.248976,0,1
1833,olson_pnas2021,2022,75.230324,78.910311,79.025906,1,1
1834,olson_pnas2021,2022,51.109390,74.287284,74.982524,1,1
1835,olson_pnas2021,2022,76.745842,77.332790,78.484709,0,1
1836,olson_pnas2021,2022,81.230309,80.581159,80.780571,1,1
1837,olson_pnas2021,2022,75.182350,76.873535,77.372415,0,1
1838,olson_pnas2021,2022,63.967819,74.599313,75.971641,1,1
1839,olson_pnas2021,2022,53.237988,82.874317,81.989593,0,1
1840,olson_pnas2021,2022,78.170082,77.191121,78.279252,0,1
1841,olson_pnas2021,2022,84.006073,82.800127,82.799717,0,1
1842,olson_pnas2021,2022,85.077980,83.589361,83.975079,1,1
1843,olson_pnas2021,2022,74.948738,79.192029,78.747859,1,1
1844,olson_pnas2021,2022,86.019165,82.171424,82.786793,1,1
1845,olson_pnas2021,2022,77.370415,79.390607,79.691260,1,1
1846,olson_pnas2021,2022,88.217911,89.100755,89.828967,1,1
1847,olson_pnas2021,2022,74.773033,80.898666,80.182445,0,1
1848,olson_pnas2021,2022,74.670830,76.941073,77.623816,1,1
1849,olson_pnas2021,2022,76.981255,77.726178,78.514869,0,1
1850,olson_pnas2021,2022,79.347565,79.646868,80.312240,1,1
1851,olson_pnas2021,2022,81.191322,80.022758,80.718551,1,1
1852,olson_pnas2021,2022,73.412903,77.492749,77.544527,1,1
1853,olson_pnas2021,2022,80.115997,79.956030,80.753802,0,1
1854,olson_pnas2021,2022,79.986290,78.469697,79.153977,0,1
1855,olson_pnas2021,2022,78.147110,79.086864,78.776853,1,1
1856,olson_pnas2021,2022,84.501633,82.172341,82.613208,1,1
1857,olson_pnas2021,2022,89.746696,86.137146,86.213064,0,1
1858,olson_pnas2021,2022,89.643356,84.319895,85.154855,1,1
1859,olson_pnas2021,2022,84.160217,80.678247,81.578860,0,1
1860,olson_pnas2021,2022,76.290688,80.945003,80.563906,0,1
1861,olson_pnas2021,2022,74.303345,78.472212,79.322570,1,1
1862,olson_pnas2021,2022,80.387932,80.154216,80.134915,0,1
1863,olson_pnas2021,2022,76.556587,82.454886,82.044697,0,1
1864,olson_pnas2021,2022,84.529144,81.691127,82.341279,1,1
1865,olson_pnas2021,2022,83.795654,81.482847,82.393808,1,1
1866,olson_pnas2021,2022,81.180801,82.442928,83.194194,0,1
1867,olson_pnas2021,2022,83.422089,79.802148,79.935400,1,1
1868,olson_pnas2021,2022,87.450302,83.464490,83.416595,0,1
1869,olson_pnas2021,2022,74.534843,78.772479,78.152660,1,1
1870,olson_pnas2021,2022,76.822380,77.885197,78.400530,1,1
1871,olson_pnas2021,2022,86.704033,82.550204,83.133664,0,1
1872,olson_pnas2021,2022,86.112854,85.773007,86.683634,1,1
1873,olson_pnas2021,2022,76.479355,76.916010,78.255159,1,1
1874,olson_pnas2021,2022,66.299530,76.503750,76.198942,1,1
1875,olson_pnas2021,2022,80.826103,80.376475,81.288158,0,1
1876,olson_pnas2021,2022,80.362480,78.962940,79.839715,0,1
1877,olson_pnas2021,2022,92.789047,89.372809,90.339697,0,1
1878,olson_pnas2021,2022,82.286484,81.117186,81.029165,1,1
1879,olson_pnas2021,2022,76.405510,78.481381,78.078485,0,1
1880,olson_pnas2021,2022,84.020149,80.567379,80.976529,1,1
1881,olson_pnas2021,2022,73.144707,78.839833,79.056572,0,1
1882,olson_pnas2021,2022,82.648346,79.821035,81.969155,0,1
1883,olson_pnas2021,2022,79.670433,81.555911,82.127891,0,1
1884,olson_pnas2021,2022,59.402378,78.081042,77.561947,0,1
1885,olson_pnas2021,2022,86.825668,83.229427,83.545423,1,1
1886,olson_pnas2021,2022,83.128098,79.909893,81.270996,1,1
1887,olson_pnas2021,2022,74.933968,76.746351,77.601791,0,1
1888,olson_pnas2021,2022,74.894821,76.912592,76.954547,0,1
1889,olson_pnas2021,2022,75.370644,77.930442,78.323375,0,1
1890,olson_pnas2021,2022,82.115776,80.584834,81.348705,1,1
1891,olson_pnas2021,2022,77.909431,78.344321,79.342369,0,1
1892,olson_pnas2021,2022,77.696404,78.188482,78.122159,0,1
1893,olson_pnas2021,2022,86.324638,83.051759,83.569111,0,1
1894,olson_pnas2021,2022,85.539803,83.898071,85.310504,0,1
1895,olson_pnas2021,2022,81.631348,79.353915,79.920177,1,1
1896,olson_pnas2021,2022,84.638504,81.993917,81.851050,0,1
1897,olson_pnas2021,2022,82.511086,81.679081,81.524930,0,1
1898,olson_pnas2021,2022,81.731079,81.681965,82.545271,1,1
1899,olson_pnas2021,2022,82.063934,80.237685,80.147510,0,1
1900,olson_pnas2021,2022,74.861900,80.638495,80.221017,0,1
1901,olson_pnas2021,2022,78.514084,78.011435,79.095927,0,1
1902,olson_pnas2021,2022,84.799644,86.691350,86.333548,1,1
1903,olson_pnas2021,2022,77.546448,77.786953,78.605990,1,1
1904,olson_pnas2021,2022,91.109863,88.073941,88.299071,0,1
1905,olson_pnas2021,2022,70.678017,76.883141,77.357052,0,1
1906,olson_pnas2021,2022,83.056038,80.002078,80.655929,0,1
1907,olson_pnas2021,2022,73.564384,87.906258,87.538446,0,1
1908,olson_pnas2021,2022,77.876244,80.207495,79.140818,0,1
1909,olson_pnas2021,2022,75.108788,81.237420,81.034043,0,1
1910,olson_pnas2021,2022,75.318741,79.777947,79.425761,0,1
1911,olson_pnas2021,2022,78.832489,77.749321,78.460227,1,1
1912,olson_pnas2021,2022,79.412109,80.632710,80.788399,0,1
1913,olson_pnas2021,2022,79.128174,87.763584,88.062307,1,1
1914,olson_pnas2021,2022,72.154007,76.466666,76.810533,0,1
1915,olson_pnas2021,2022,80.853584,80.452084,80.350698,0,1
1916,olson_pnas2021,2022,84.945160,80.554672,81.940034,0,1
1917,olson_pnas2021,2022,73.951843,78.375109,78.103497,0,1
1918,olson_pnas2021,2022,83.185905,80.893075,81.390507,0,1
1919,olson_pnas2021,2022,73.114769,76.883178,76.842174,1,1
1920,olson_pnas2021,2022,75.013939,79.748225,80.660875,1,1
1921,olson_pnas2021,2022,78.699600,78.394322,78.517546,0,1
1922,olson_pnas2021,2022,83.833725,82.485949,82.389569,0,1
1923,olson_pnas2021,2022,83.405113,80.203844,80.594499,1,1
1924,olson_pnas2021,2022,76.387527,77.437665,78.278288,0,1
1925,olson_pnas2021,2022,89.209839,85.812316,86.216186,1,1
1926,olson_pnas2021,2022,75.197014,79.191741,79.233858,0,1
1927,olson_pnas2021,2022,73.948296,79.282880,78.937639,0,1
1928,olson_pnas2021,2022,69.521729,76.385455,76.690640,1,1
1929,olson_pnas2021,2022,67.386177,77.339395,79.458611,1,1
1930,olson_pnas2021,2022,73.825722,78.235091,77.914776,0,1
1931,olson_pnas2021,2022,80.348763,83.163848,84.221805,1,1
1932,olson_pnas2021,2022,84.828278,78.903317,80.553921,0,1
1933,olson_pnas2021,2022,83.200142,77.291840,78.599537,0,1
1934,olson_pnas2021,2022,56.578018,73.463334,75.058863,1,1
1935,olson_pnas2021,2022,74.125015,80.639078,81.884758,0,1
1936,olson_pnas2021,2022,78.558525,77.791300,78.015676,0,1
1937,olson_pnas2021,2022,84.956917,82.589460,82.709120,0,1
1938,olson_pnas2021,2022,50.734795,77.299576,77.470205,0,1
1939,olson_pnas2021,2022,79.085732,83.193578,81.966462,1,1
1940,olson_pnas2021,2022,78.085327,80.304346,79.940640,1,1
1941,olson_pnas2021,2022,83.780167,79.454616,80.726017,1,1
1942,olson_pnas2021,2022,75.020363,79.249957,78.797789,1,1
1943,olson_pnas2021,2022,81.311943,81.324812,81.768012,0,1
1944,olson_pnas2021,2022,88.805511,85.848248,85.313772,1,1
1945,olson_pnas2021,2022,66.249359,75.809518,75.925298,1,1
1946,olson_pnas2021,2022,85.831291,83.107645,83.061743,0,1
1947,olson_pnas2021,2022,80.592873,80.831568,80.731182,1,1
1948,olson_pnas2021,2022,76.371071,78.542314,78.712219,0,1
1949,olson_pnas2021,2022,78.286964,79.349764,78.760173,0,1
1950,olson_pnas2021,2022,76.398415,78.886856,80.654865,0,1
1951,olson_pnas2021,2022,86.882957,83.697501,83.501222,1,1
1952,olson_pnas2021,2022,63.845856,79.927893,79.524306,0,1
1953,olson_pnas2021,2022,73.036346,78.026259,77.878585,0,1
1954,olson_pnas2021,2022,81.203964,79.438218,80.384108,0,1
1955,olson_pnas2021,2022,94.267448,88.528752,88.910276,0,1
1956,olson_pnas2021,2022,77.819878,78.798923,78.778719,0,1
1957,olson_pnas2021,2022,81.489113,81.583524,81.105017,1,1
1958,olson_pnas2021,2022,76.194450,78.929459,78.467228,0,1
1959,olson_pnas2021,2022,76.594940,77.527256,77.262725,0,1
1960,olson_pnas2021,2022,86.204323,87.042169,86.774632,0,1
1961,olson_pnas2021,2022,76.735596,79.671671,79.892492,0,1
1962,olson_pnas2021,2022,78.681198,78.250419,79.814441,1,1
1963,olson_pnas2021,2022,72.954765,77.739711,76.918865,1,1
1964,olson_pnas2021,2022,80.741028,80.321898,79.882067,1,1
1965,olson_pnas2021,2022,83.474037,79.904441,81.703671,1,1
1966,olson_pnas2021,2022,76.391724,78.252929,78.446970,0,1
1967,olson_pnas2021,2022,82.911140,82.255861,82.042669,1,1
1968,olson_pnas2021,2022,69.889343,74.955380,75.136757,1,1
1969,olson_pnas2021,2022,71.204445,76.413444,76.367802,0,1
1970,olson_pnas2021,2022,65.669304,74.774543,76.348904,0,1
1971,olson_pnas2021,2022,79.320000,82.965036,82.565783,0,1
1972,olson_pnas2021,2022,71.329918,79.866518,79.187147,1,1
1973,olson_pnas2021,2022,78.026428,80.204355,80.539305,0,1
1974,olson_pnas2021,2022,89.388802,83.203994,83.536117,1,1
1975,olson_pnas2021,2022,78.503021,77.661133,78.870363,1,1
1976,olson_pnas2021,2022,79.800880,82.076845,81.185868,0,1
1977,olson_pnas2021,2022,73.792122,75.642389,78.562645,1,1
1978,olson_pnas2021,2022,85.194275,82.659415,82.928654,1,1
1979,olson_pnas2021,2022,70.689240,76.235072,76.781125,0,1
1980,olson_pnas2021,2022,72.677597,80.225397,81.788212,0,1
1981,olson_pnas2021,2022,77.204254,78.755643,78.603092,1,1
1982,olson_pnas2021,2022,68.350838,75.905204,76.358558,0,1
1983,olson_pnas2021,2022,85.656197,84.194919,83.996649,1,1
1984,olson_pnas2021,2022,78.353226,78.096846,79.279623,1,1
1985,olson_pnas2021,2022,83.348495,81.559235,82.468502,0,1
1986,olson_pnas2021,2022,74.819778,79.647138,80.860555,1,1
1987,olson_pnas2021,2022,82.719627,85.201185,85.232857,0,1
1988,olson_pnas2021,2022,79.144890,80.522124,80.159197,1,1
1989,olson_pnas2021,2022,71.574486,77.083906,77.175457,0,1
1990,olson_pnas2021,2022,77.095100,79.849470,79.898094,0,1
1991,olson_pnas2021,2022,73.278938,77.120340,77.841304,0,1
1992,olson_pnas2021,2022,73.652901,77.661452,77.515437,0,1
1993,olson_pnas2021,2022,88.776726,83.519015,84.178288,0,1
1994,olson_pnas2021,2022,77.702438,81.062455,79.834800,0,1
1995,olson_pnas2021,2022,74.989281,77.318936,77.547056,0,1
1996,olson_pnas2021,2022,76.590309,79.183295,78.984272,0,1
1997,olson_pnas2021,2022,77.565628,76.609021,77.800070,1,1
1998,olson_pnas2021,2022,75.506927,76.988466,77.087325,0,1
1999,olson_pnas2021,2022,86.720322,82.182634,82.890498,1,1
2000,olson_pnas2021,2022,81.904411,79.186657,80.295430,0,1
2001,olson_pnas2021,2022,75.662491,78.342373,77.754893,1,1
2002,olson_pnas2021,2022,75.279655,77.951371,77.590049,1,1
2003,olson_pnas2021,2022,69.673126,77.171630,77.084406,0,1
2004,olson_pnas2021,2022,68.148788,75.514566,75.999827,0,1
2005,olson_pnas2021,2022,80.903397,81.666095,82.068977,1,1
2006,olson_pnas2021,2022,79.234024,78.789426,80.016109,0,1
2007,olson_pnas2021,2022,73.611801,78.311219,77.521328,1,1
2008,olson_pnas2021,2022,69.967216,,,0,0
2009,olson_pnas2021,2022,86.279747,80.946702,81.935299,0,1
2010,olson_pnas2021,2022,85.335571,,,0,0
2011,olson_pnas2021,2022,73.478455,76.973901,76.455948,0,1
2012,olson_pnas2021,2022,68.936775,77.516919,77.181266,0,1
2013,olson_pnas2021,2022,77.252647,76.847576,77.719228,1,1
2014,olson_pnas2021,2022,78.758919,79.584383,80.036231,0,1
2015,olson_pnas2021,2022,74.000999,79.962138,79.134586,1,1
2016,olson_pnas2021,2022,71.242065,74.182142,77.418806,1,1
2017,olson_pnas2021,2022,88.197815,84.391881,86.143597,1,1
2018,olson_pnas2021,2022,76.295235,78.266942,78.478942,0,1
2019,olson_pnas2021,2022,76.635696,78.406775,78.705680,0,1
2020,olson_pnas2021,2022,75.416679,76.876958,77.890521,0,1
2021,olson_pnas2021,2022,80.759773,79.760184,80.279414,1,1
2022,olson_pnas2021,2022,75.893227,78.238170,78.720570,1,1
2023,olson_pnas2021,2022,75.719139,80.042332,79.567981,0,1
2024,olson_pnas2021,2022,73.142746,78.983190,78.612873,0,1
2025,olson_pnas2021,2022,78.162315,78.560944,78.169751,0,1
2026,olson_pnas2021,2022,76.450104,78.116047,78.349814,0,1
2027,olson_pnas2021,2022,66.765823,78.199573,78.242674,0,1
2028,olson_pnas2021,2022,68.894073,75.004679,76.409589,1,1
2029,olson_pnas2021,2022,86.701324,90.548978,91.045459,1,1
2030,olson_pnas2021,2022,78.702339,79.570950,79.687228,1,1
2031,olson_pnas2021,2022,67.470863,75.261467,76.667616,0,1
2032,olson_pnas2021,2022,75.739059,76.706515,77.962805,1,1
2033,olson_pnas2021,2022,60.803310,78.316711,79.750173,1,1
2034,olson_pnas2021,2022,87.255325,83.268183,82.994952,1,1
2035,olson_pnas2021,2022,71.772125,76.465260,78.402193,1,1
2036,olson_pnas2021,2022,82.818207,80.210225,80.785466,1,1
2037,olson_pnas2021,2022,75.074242,77.761475,77.914215,0,1
2038,olson_pnas2021,2022,74.422882,77.903062,78.551318,1,1
2039,olson_pnas2021,2022,63.046806,76.189653,76.893195,1,1
2040,olson_pnas2021,2022,74.862610,77.926864,78.236599,1,1
2041,olson_pnas2021,2022,74.923882,79.434620,79.457387,0,1
2042,olson_pnas2021,2022,88.066811,82.914162,84.633796,1,1
2043,olson_pnas2021,2022,74.442986,78.513201,78.436600,1,1
2044,olson_pnas2021,2022,83.490288,80.546301,81.074297,1,1
2045,olson_pnas2021,2022,78.146019,77.369493,78.309283,1,1
2046,olson_pnas2021,2022,76.973114,77.475341,78.649721,1,1
2047,olson_pnas2021,2022,84.462204,84.535286,84.555929,1,1
2048,olson_pnas2021,2022,70.054413,77.860045,79.340558,0,1
2049,olson_pnas2021,2022,85.214897,81.139428,81.141821,1,1
2050,olson_pnas2021,2022,68.549217,77.536735,77.964987,1,1
2051,olson_pnas2021,2022,72.295059,75.503053,76.999253,1,1
2052,olson_pnas2021,2022,86.289093,84.085618,85.105891,0,1
2053,olson_pnas2021,2022,78.188339,78.382218,79.040769,1,1
2054,olson_pnas2021,2022,66.533997,76.378523,77.731855,1,1
2055,olson_pnas2021,2022,79.398087,78.237549,78.469901,0,1
2056,olson_pnas2021,2022,75.504250,78.248502,79.597858,1,1
2057,olson_pnas2021,2022,67.250366,77.383457,78.117702,1,1
2058,olson_pnas2021,2022,73.145515,76.058929,76.464814,0,1
2059,olson_pnas2021,2022,75.068176,76.827775,77.364618,0,1
2060,olson_pnas2021,2022,80.303261,75.622030,75.750377,0,1
2061,olson_pnas2021,2022,78.886444,78.064978,78.632591,1,1
2062,olson_pnas2021,2022,81.552261,79.911745,80.135114,0,1
2063,olson_pnas2021,2022,69.952599,76.899996,77.044888,1,1
2064,olson_pnas2021,2022,71.758034,82.804771,83.662932,1,1
2065,olson_pnas2021,2022,80.833778,79.842372,79.755344,1,1
2066,olson_pnas2021,2022,77.333275,78.483861,79.243919,0,1
2067,olson_pnas2021,2022,80.781487,81.213526,80.413749,0,1
2068,olson_pnas2021,2022,69.343002,77.191798,77.918356,1,1
2069,olson_pnas2021,2022,66.696892,89.246589,89.966648,0,1
2070,olson_pnas2021,2022,83.128326,81.974391,82.224965,0,1
2071,olson_pnas2021,2022,54.631031,78.139982,78.623042,1,1
2072,olson_pnas2021,2022,82.313950,80.008555,80.246092,1,1
2073,olson_pnas2021,2022,72.472115,75.554580,75.861080,0,1
2074,olson_pnas2021,2022,79.359909,80.225345,80.950133,0,1
2075,olson_pnas2021,2022,89.504448,85.207894,85.935650,0,1
2076,olson_pnas2021,2022,73.342979,75.703288,77.180793,0,1
2077,olson_pnas2021,2022,82.068130,81.355147,81.629580,0,1
2078,olson_pnas2021,2022,84.360176,82.392310,82.815420,1,1
2079,olson_pnas2021,2022,81.004974,80.735483,81.036031,1,1
2080,olson_pnas2021,2022,76.901024,78.910835,79.580435,0,1
2081,olson_pnas2021,2022,87.293900,84.495235,84.782560,0,1
2082,olson_pnas2021,2022,81.379990,80.497392,81.475706,1,1
2083,olson_pnas2021,2022,78.520134,82.591963,82.993119,0,1
2084,olson_pnas2021,2022,91.675919,89.703885,89.965588,0,1
2085,olson_pnas2021,2022,78.475914,79.062766,78.653303,0,1
2086,olson_pnas2021,2022,91.532661,90.383458,91.240952,0,1
2087,olson_pnas2021,2022,80.413071,78.209903,78.620607,0,1
2088,olson_pnas2021,2022,74.168678,76.204968,77.132400,0,1
2089,olson_pnas2021,2022,69.574989,78.813332,78.749297,1,1
2090,olson_pnas2021,2022,55.991699,77.869895,78.417832,1,1
2091,olson_pnas2021,2022,77.588638,78.962742,79.615922,1,1
2092,olson_pnas2021,2022,87.154053,82.007155,82.173187,0,1
2093,olson_pnas2021,2022,73.294098,76.259134,76.265951,1,1
2094,olson_pnas2021,2022,86.644379,81.722373,81.576394,1,1
2095,olson_pnas2021,2022,77.387009,78.632123,79.125224,0,1
2096,olson_pnas2021,2022,72.995674,76.455357,76.846163,1,1
2097,olson_pnas2021,2022,80.137199,81.415499,81.324590,0,1
2098,olson_pnas2021,2022,77.913300,77.901582,79.053218,1,1
2099,olson_pnas2021,2022,78.669022,81.122007,80.523770,1,1
2100,olson_pnas2021,2022,81.199493,82.605429,83.723441,1,1
2101,olson_pnas2021,2022,75.644791,76.530704,78.050388,0,1
2102,olson_pnas2021,2022,80.858139,79.000113,79.886229,0,1
2103,olson_pnas2021,2022,74.005630,76.100034,77.830510,0,1
2104,olson_pnas2021,2022,69.055222,78.076249,77.705036,1,1
2105,olson_pnas2021,2022,71.199280,77.181866,77.459776,0,1
2106,olson_pnas2021,2022,70.799271,75.439333,75.786057,0,1
2107,olson_pnas2021,2022,79.064232,78.412321,80.062275,1,1
2108,olson_pnas2021,2022,84.626724,82.063391,81.841067,0,1
2109,olson_pnas2021,2022,84.085045,82.384855,82.056228,1,1
2110,olson_pnas2021,2022,80.375427,79.105691,79.688361,0,1
2111,olson_pnas2021,2022,77.554169,77.177106,77.623017,0,1
2112,olson_pnas2021,2022,77.720520,81.095919,82.061303,1,1
2113,olson_pnas2021,2022,73.303886,76.352299,76.842705,0,1
2114,olson_pnas2021,2022,81.083572,78.492465,80.079566,1,1
2115,olson_pnas2021,2022,58.649437,76.740988,76.682659,1,1
2116,olson_pnas2021,2022,52.377625,74.777750,75.528647,0,1
2117,olson_pnas2021,2022,83.742470,,,0,0
2118,olson_pnas2021,2022,76.034966,78.754464,78.621420,0,1
2119,olson_pnas2021,2022,76.858086,78.178163,78.160371,0,1
2120,olson_pnas2021,2022,72.424194,84.651944,84.649540,0,1
2121,olson_pnas2021,2022,73.714874,80.831007,80.561303,0,1
2122,olson_pnas2021,2022,68.942764,79.731907,79.564964,1,1
2123,olson_pnas2021,2022,76.177261,79.691181,79.688574,0,1
2124,olson_pnas2021,2022,86.271042,81.755431,81.834508,0,1
2125,olson_pnas2021,2022,85.017067,82.574926,82.211315,0,1
2126,olson_pnas2021,2022,76.440002,77.755748,77.908689,0,1
2127,olson_pnas2021,2022,80.646828,82.710401,82.240139,1,1
2128,olson_pnas2021,2022,53.712528,77.242094,78.593861,0,1
2129,olson_pnas2021,2022,81.078751,79.852321,80.358852,1,1
2130,olson_pnas2021,2022,73.457268,79.399705,79.130370,1,1
2131,olson_pnas2021,2022,77.346268,78.496004,80.212289,1,1
2132,olson_pnas2021,2022,74.322083,77.034431,78.482253,0,1
2133,olson_pnas2021,2022,81.399727,79.739431,79.665521,0,1
2134,olson_pnas2021,2022,73.650574,80.056829,79.939842,0,1
2135,olson_pnas2021,2022,72.443871,78.140273,79.202815,1,1
2136,olson_pnas2021,2022,71.790154,76.782970,77.810637,0,1
2137,olson_pnas2021,2022,70.150223,80.900663,80.672116,0,1
2138,olson_pnas2021,2022,71.303352,78.382521,78.227270,0,1
2139,olson_pnas2021,2022,89.308121,82.284344,83.429802,1,1
2140,olson_pnas2021,2022,79.630554,79.615906,79.384298,0,1
2141,olson_pnas2021,2022,80.136505,79.865998,80.393161,0,1
2142,olson_pnas2021,2022,80.715805,79.489743,79.975817,1,1
2143,olson_pnas2021,2022,72.466919,76.578298,76.326999,1,1
2144,olson_pnas2021,2022,83.840805,79.697775,81.866456,0,1
2145,olson_pnas2021,2022,72.953293,78.940235,79.016737,1,1
2146,olson_pnas2021,2022,90.603844,,,0,0
2147,olson_pnas2021,2022,78.232155,79.857850,79.602621,1,1
2148,olson_pnas2021,2022,77.094505,77.732290,78.792290,0,1
2149,olson_pnas2021,2022,87.987915,83.625686,84.217992,0,1
2150,olson_pnas2021,2022,77.009827,79.143587,79.810589,1,1
2151,olson_pnas2021,2022,82.154709,77.900937,78.708224,0,1
2152,olson_pnas2021,2022,72.366913,75.987283,76.580132,1,1
2153,olson_pnas2021,2022,77.450737,78.351551,78.310892,0,1
2154,olson_pnas2021,2022,73.522377,78.188713,79.320715,1,1
2155,olson_pnas2021,2022,73.134499,77.403292,77.556738,1,1
2156,olson_pnas2021,2022,61.604683,76.039869,76.768161,1,1
2157,olson_pnas2021,2022,75.096657,78.077973,78.034348,1,1
2158,olson_pnas2021,2022,72.653870,77.208122,77.290918,1,1
2159,olson_pnas2021,2022,86.920044,83.762994,83.330766,0,1
2160,olson_pnas2021,2022,76.364639,80.002334,79.601237,1,1
2161,olson_pnas2021,2022,69.229492,79.234281,79.456179,1,1
2162,olson_pnas2021,2022,75.854614,77.126694,78.722967,0,1
2163,olson_pnas2021,2022,88.639549,83.422416,83.614846,0,1
2164,olson_pnas2021,2022,79.501251,78.462302,79.123268,0,1
2165,olson_pnas2021,2022,80.972443,79.154442,79.686461,0,1
2166,olson_pnas2021,2022,79.731651,81.128837,81.725708,0,1
2167,olson_pnas2021,2022,83.199188,80.744392,81.508571,1,1
2168,olson_pnas2021,2022,72.206642,76.437746,76.999576,1,1
2169,olson_pnas2021,2022,84.679176,81.199363,82.403026,1,1
2170,olson_pnas2021,2022,84.332275,81.943444,82.677139,1,1
2171,olson_pnas2021,2022,84.576019,81.916690,81.997647,0,1
2172,olson_pnas2021,2022,79.283661,80.053933,79.826034,0,1
2173,olson_pnas2021,2022,94.439346,89.953354,89.718493,0,1
2174,olson_pnas2021,2022,80.081627,79.154239,80.282336,1,1
2175,olson_pnas2021,2022,90.694717,91.204990,91.392765,0,1
2176,olson_pnas2021,2022,76.455070,77.769888,77.530766,1,1
2177,olson_pnas2021,2022,83.582649,82.109036,81.596008,1,1
2178,olson_pnas2021,2022,74.241951,77.179137,77.628479,0,1
2179,olson_pnas2021,2022,73.666328,74.652092,76.524820,1,1
2180,olson_pnas2021,2022,66.744904,75.868269,77.052669,0,1
2181,olson_pnas2021,2022,86.444023,79.782406,79.704514,0,1
2182,olson_pnas2021,2022,73.198547,78.523647,78.595364,1,1
2183,olson_pnas2021,2022,73.193504,81.788579,83.644532,1,1
2184,olson_pnas2021,2022,73.433777,77.200863,77.066073,0,1
2185,olson_pnas2021,2022,69.082428,82.399886,81.998962,0,1
2186,olson_pnas2021,2022,67.105789,77.128846,78.325884,0,1
2187,olson_pnas2021,2022,80.771049,80.220688,81.658980,1,1
2188,olson_pnas2021,2022,74.034531,77.857231,77.903120,1,1
2189,olson_pnas2021,2022,86.187523,81.448439,81.224216,1,1
2190,olson_pnas2021,2022,81.877777,83.696819,83.136613,1,1
2191,olson_pnas2021,2022,89.013031,84.804667,85.360167,1,1
2192,olson_pnas2021,2022,76.018761,77.738349,78.233796,1,1
2193,olson_pnas2021,2022,70.974876,77.340019,77.559594,0,1
2194,olson_pnas2021,2022,78.685188,81.259006,80.991987,1,1
2195,olson_pnas2021,2022,80.299828,79.339522,80.884095,1,1
2196,olson_pnas2021,2022,76.392319,79.976856,80.573642,1,1
2197,olson_pnas2021,2022,80.399651,83.273729,83.728173,1,1
2198,olson_pnas2021,2022,79.146126,78.713691,79.411613,1,1
2199,olson_pnas2021,2022,83.930260,82.796589,82.079030,1,1
2200,olson_pnas2021,2022,76.421440,79.315541,78.936623,1,1
2201,olson_pnas2021,2022,76.704124,77.816565,77.379386,0,1
2202,olson_pnas2021,2022,68.960197,77.404076,76.620198,0,1
2203,olson_pnas2021,2022,72.747726,77.813206,77.656608,0,1
2204,olson_pnas2021,2022,77.412003,77.424267,77.928373,0,1
2205,olson_pnas2021,2022,75.547935,78.172285,77.589879,0,1
2206,olson_pnas2021,2022,76.419083,76.280207,77.980453,0,1
2207,olson_pnas2021,2022,86.146454,82.584230,83.185001,1,1
2208,olson_pnas2021,2022,82.028702,80.271228,80.777318,1,1
2209,olson_pnas2021,2022,75.007896,76.337173,77.597389,0,1
2210,olson_pnas2021,2022,77.701759,77.816287,78.676697,0,1
2211,olson_pnas2021,2022,82.692871,78.764998,79.574664,0,1
2212,olson_pnas2021,2022,73.082092,74.420167,75.993597,1,1
2213,olson_pnas2021,2022,72.438950,76.792510,76.946806,1,1
2214,olson_pnas2021,2022,83.312241,84.651559,85.839642,1,1
2215,olson_pnas2021,2022,74.101715,77.017001,77.220282,0,1
2216,olson_pnas2021,2022,80.988655,82.891784,82.240933,1,1
2217,olson_pnas2021,2022,83.257416,79.828276,80.761284,1,1
2218,olson_pnas2021,2022,77.974304,78.791657,78.778942,0,1
2219,olson_pnas2021,2022,44.438385,72.676674,74.114379,0,1
2220,olson_pnas2021,2022,63.860615,76.250615,76.563151,0,1
2221,olson_pnas2021,2022,81.507889,80.383468,80.274951,0,1
2222,olson_pnas2021,2022,85.910362,83.204817,82.891987,0,1
2223,olson_pnas2021,2022,90.892555,93.003829,92.691326,1,1
2224,olson_pnas2021,2022,74.469200,76.750767,77.341784,1,1
2225,olson_pnas2021,2022,70.155258,76.108861,77.832866,1,1
2226,olson_pnas2021,2022,74.844429,80.960289,80.922489,0,1
2227,olson_pnas2021,2022,82.063988,79.245864,80.959904,0,1
2228,olson_pnas2021,2022,70.250618,79.763351,81.173653,1,1
2229,olson_pnas2021,2022,72.138176,77.739940,77.879791,0,1
2230,olson_pnas2021,2022,90.102913,84.494301,85.779677,0,1
2231,olson_pnas2021,2022,86.736008,82.658893,82.778962,1,1
2232,olson_pnas2021,2022,72.607697,80.383769,82.534525,1,1
2233,olson_pnas2021,2022,72.941727,82.124218,82.570127,1,1
2234,olson_pnas2021,2022,77.720901,78.503833,78.920223,1,1
2235,olson_pnas2021,2022,86.502792,78.656761,79.048098,1,1
2236,olson_pnas2021,2022,75.645264,81.550829,81.576433,0,1
2237,olson_pnas2021,2022,77.021561,79.886745,79.550868,1,1
2238,olson_pnas2021,2022,75.954071,79.618692,80.269589,0,1
2239,olson_pnas2021,2022,80.715858,79.834385,79.875776,1,1
2240,olson_pnas2021,2022,80.352783,78.890302,80.014030,1,1
2241,olson_pnas2021,2022,80.024597,82.054548,81.882983,1,1
2242,olson_pnas2021,2022,83.278481,81.367889,82.135746,0,1
2243,olson_pnas2021,2022,85.259407,81.724856,82.661829,0,1
2244,olson_pnas2021,2022,78.947380,78.656088,79.835988,0,1
2245,olson_pnas2021,2022,78.753922,79.878302,80.016679,1,1
2246,olson_pnas2021,2022,78.776047,77.896995,78.416906,1,1
2247,olson_pnas2021,2022,55.826729,80.145802,79.548098,1,1
2248,olson_pnas2021,2022,86.779419,84.708132,85.564445,0,1
2249,olson_pnas2021,2022,76.914474,78.354963,78.856525,1,1
2250,olson_pnas2021,2022,76.591507,78.146449,78.573096,0,1
2251,olson_pnas2021,2022,75.387794,76.646894,76.883133,0,1
2252,olson_pnas2021,2022,76.112289,78.604216,79.229650,1,1
2253,olson_pnas2021,2022,77.093361,77.314941,77.916219,0,1
2254,olson_pnas2021,2022,83.372025,,,0,0
2255,olson_pnas2021,2022,87.241432,85.156385,84.584237,1,1
2256,olson_pnas2021,2022,89.976982,83.322543,84.898970,0,1
2257,olson_pnas2021,2022,74.456657,77.519312,78.184555,0,1
2258,olson_pnas2021,2022,76.080498,79.323653,79.421113,0,1
2259,olson_pnas2021,2022,84.516869,80.560657,81.603364,0,1
2260,olson_pnas2021,2022,73.135254,76.998474,76.745074,1,1
2261,olson_pnas2021,2022,52.652580,75.624024,75.886662,0,1
2262,olson_pnas2021,2022,84.904968,82.702527,82.704804,1,1
2263,olson_pnas2021,2022,81.266006,78.725595,79.399654,1,1
2264,olson_pnas2021,2022,78.879478,81.293827,80.429411,1,1
2265,olson_pnas2021,2022,70.364296,75.838465,76.401527,1,1
2266,olson_pnas2021,2022,70.450142,86.786564,86.664835,0,1
2267,olson_pnas2021,2022,76.735168,78.599602,78.240069,1,1
2268,olson_pnas2021,2022,91.367294,89.025278,89.045357,0,1
2269,olson_pnas2021,2022,80.481178,79.959057,79.725896,1,1
2270,olson_pnas2021,2022,65.975502,76.932337,76.219632,1,1
2271,olson_pnas2021,2022,72.527611,78.598929,79.124978,0,1
2272,olson_pnas2021,2022,72.394600,77.705214,78.068923,1,1
2273,olson_pnas2021,2022,80.027687,82.303061,83.529170,0,1
2274,olson_pnas2021,2022,81.491364,80.385902,80.307543,0,1
2275,olson_pnas2021,2022,76.684258,78.653219,78.406699,1,1
2276,olson_pnas2021,2022,76.237938,77.831488,78.151839,0,1
2277,olson_pnas2021,2022,49.171299,76.804149,76.724352,0,1
2278,olson_pnas2021,2022,43.906368,73.187620,74.972504,0,1
2279,olson_pnas2021,2022,76.120872,79.738518,80.354811,1,1
2280,olson_pnas2021,2022,72.025444,81.123685,80.132692,0,1
2281,olson_pnas2021,2022,89.565437,84.921265,84.592395,1,1
2282,olson_pnas2021,2022,77.306282,80.488751,80.506045,1,1
2283,olson_pnas2021,2022,78.175392,79.007784,79.281756,1,1
2284,olson_pnas2021,2022,84.103409,80.730691,81.446256,0,1
2285,olson_pnas2021,2022,75.388779,79.054973,78.955849,1,1
2286,olson_pnas2021,2022,74.850151,75.550849,76.688415,0,1
2287,olson_pnas2021,2022,81.931129,79.714783,80.578436,0,1
2288,olson_pnas2021,2022,81.326958,80.771125,80.698230,0,1
2289,olson_pnas2021,2022,69.095848,74.951643,75.400685,1,1
2290,olson_pnas2021,2022,78.598923,76.886002,78.319736,0,1
2291,olson_pnas2021,2022,76.973656,79.086275,79.329265,1,1
2292,olson_pnas2021,2022,63.679016,74.613150,75.950299,1,1
2293,olson_pnas2021,2022,73.764404,78.142058,79.076627,0,1
2294,olson_pnas2021,2022,82.755432,83.439600,84.335918,1,1
2295,olson_pnas2021,2022,75.482246,78.009889,78.574821,0,1
2296,olson_pnas2021,2022,78.587082,78.487548,78.313520,1,1
2297,olson_pnas2021,2022,87.771851,78.697997,79.055887,1,1
2298,olson_pnas2021,2022,80.379631,81.255391,81.286482,1,1
2299,olson_pnas2021,2022,87.366386,83.952816,85.140748,1,1
2300,olson_pnas2021,2022,84.696579,83.479131,83.126919,0,1
2301,olson_pnas2021,2022,89.238533,85.371759,84.782577,1,1
2302,olson_pnas2021,2022,87.325287,82.736306,83.213780,1,1
2303,olson_pnas2021,2022,78.486740,80.367642,81.552194,0,1
2304,olson_pnas2021,2022,76.284615,78.721533,79.044918,1,1
2305,olson_pnas2021,2022,73.489334,77.788137,77.589761,1,1
2306,olson_pnas2021,2022,69.637230,76.849478,77.551517,0,1
2307,olson_pnas2021,2022,79.706291,78.730823,78.944234,1,1
2308,olson_pnas2021,2022,71.556839,76.799114,76.488395,1,1
2309,olson_pnas2021,2022,76.281151,78.628411,77.855678,1,1
2310,olson_pnas2021,2022,76.452431,77.522916,77.806826,0,1
2311,olson_pnas2021,2022,82.886993,79.406028,80.516138,0,1
2312,olson_pnas2021,2022,76.000999,78.719700,78.172566,1,1
2313,olson_pnas2021,2022,80.914154,80.164009,80.408069,1,1
2314,olson_pnas2021,2022,89.617661,87.425401,87.258373,0,1
2315,olson_pnas2021,2022,72.923500,80.000416,81.518188,0,1
2316,olson_pnas2021,2022,80.597252,80.537859,81.599106,1,1
2317,olson_pnas2021,2022,83.630997,81.164909,81.332211,0,1
2318,olson_pnas2021,2022,63.778717,77.266429,77.004499,0,1
2319,olson_pnas2021,2022,77.463028,78.112647,78.833378,0,1
2320,olson_pnas2021,2022,76.147034,77.487806,77.698739,0,1
2321,olson_pnas2021,2022,77.910599,78.351242,78.560909,1,1
2322,olson_pnas2021,2022,67.858833,76.379792,77.748515,1,1
2323,olson_pnas2021,2022,80.851051,79.840626,81.208605,0,1
2324,olson_pnas2021,2022,87.359375,83.387489,83.170719,0,1
2325,olson_pnas2021,2022,93.305466,86.418267,87.030050,1,1
2326,olson_pnas2021,2022,79.333321,80.474441,80.614606,1,1
2327,olson_pnas2021,2022,66.550156,75.119609,76.606499,0,1
2328,olson_pnas2021,2022,78.873863,78.521729,79.254368,1,1
2329,olson_pnas2021,2022,82.461235,82.240120,82.121592,1,1
2330,olson_pnas2021,2022,76.603790,79.845251,80.476318,0,1
2331,olson_pnas2021,2022,65.767845,76.833016,76.523249,1,1
2332,olson_pnas2021,2022,81.544586,79.072157,79.197649,1,1
2333,olson_pnas2021,2022,76.637688,79.912922,80.646672,0,1
2334,olson_pnas2021,2022,80.642578,81.424056,81.079402,0,1
2335,olson_pnas2021,2022,73.991615,77.038505,76.869369,1,1
2336,olson_pnas2021,2022,79.521004,77.943291,78.139532,0,1
2337,olson_pnas2021,2022,55.665199,75.518409,76.575999,1,1
2338,olson_pnas2021,2022,80.253288,81.282878,82.313171,0,1
2339,olson_pnas2021,2022,72.050880,76.045900,76.384081,1,1
2340,olson_pnas2021,2022,82.156235,81.200789,81.832164,1,1
2341,olson_pnas2021,2022,77.153244,78.663809,79.735125,1,1
2342,olson_pnas2021,2022,61.704391,78.119258,80.162459,1,1
2343,olson_pnas2021,2022,80.311913,79.025311,79.614506,0,1
2344,olson_pnas2021,2022,77.442978,78.555298,79.180360,1,1
2345,olson_pnas2021,2022,72.632111,76.963572,77.147631,0,1
2346,olson_pnas2021,2022,79.646561,80.224675,79.752764,0,1
2347,olson_pnas2021,2022,84.738953,83.312050,83.290636,0,1
2348,olson_pnas2021,2022,76.931396,79.448136,79.379488,0,1
2349,olson_pnas2021,2022,82.191971,81.489360,81.363866,1,1
2350,olson_pnas2021,2022,75.878075,82.432857,83.442136,1,1
2351,olson_pnas2021,2022,62.258518,73.850207,76.320880,0,1
2352,olson_pnas2021,2022,70.701630,79.375159,78.695785,1,1
2353,olson_pnas2021,2022,77.830330,82.406992,83.812341,1,1
2354,olson_pnas2021,2022,72.541718,78.621259,77.510526,1,1
2355,olson_pnas2021,2022,69.929520,75.110384,77.001491,0,1
2356,olson_pnas2021,2022,79.044197,79.685179,80.380749,1,1
2357,olson_pnas2021,2022,82.226234,83.455665,84.614768,0,1
2358,olson_pnas2021,2022,66.674973,78.854029,79.061333,0,1
2359,olson_pnas2021,2022,75.647095,77.977860,77.988421,1,1
2360,olson_pnas2021,2022,84.493492,81.877726,82.059946,1,1
2361,olson_pnas2021,2022,78.465652,79.908199,80.227212,0,1
2362,olson_pnas2021,2022,76.430168,78.453337,78.725295,1,1
2363,olson_pnas2021,2022,76.537849,77.774432,77.899896,1,1
2364,olson_pnas2021,2022,66.363983,76.005707,76.401529,1,1
2365,olson_pnas2021,2022,80.506088,82.366985,83.291655,1,1
2366,olson_pnas2021,2022,70.972984,78.897717,78.728945,0,1
2367,olson_pnas2021,2022,66.723335,74.472501,74.778961,0,1
2368,olson_pnas2021,2022,77.080956,79.598091,80.341932,1,1
2369,olson_pnas2021,2022,82.161484,80.177113,81.057727,1,1
2370,olson_pnas2021,2022,79.552742,79.599375,80.104710,1,1
2371,olson_pnas2021,2022,83.412880,78.917243,81.536173,0,1
2372,olson_pnas2021,2022,76.849419,77.022009,77.814247,1,1
2373,olson_pnas2021,2022,79.343399,78.658137,78.715779,0,1
2374,olson_pnas2021,2022,84.903076,82.095408,81.901827,0,1
2375,olson_pnas2021,2022,82.610023,89.010645,90.503483,0,1
2376,olson_pnas2021,2022,79.350349,81.184548,81.428859,1,1
2377,olson_pnas2021,2022,68.215889,76.207524,77.034523,1,1
2378,olson_pnas2021,2022,88.354614,83.171848,83.839955,1,1
2379,olson_pnas2021,2022,79.924339,77.621465,78.505749,0,1
2380,olson_pnas2021,2022,80.537971,79.346606,79.617696,0,1
2381,olson_pnas2021,2022,70.442673,78.292888,77.993495,1,1
2382,olson_pnas2021,2022,76.752693,78.031783,78.434190,1,1
2383,olson_pnas2021,2022,77.440590,78.459658,77.849023,1,1
2384,olson_pnas2021,2022,69.517830,75.676018,77.248923,1,1
2385,olson_pnas2021,2022,75.789101,77.924321,78.109651,0,1
2386,olson_pnas2021,2022,85.173935,77.649849,78.496316,1,1
2387,olson_pnas2021,2022,78.619560,79.420404,79.780362,0,1
2388,olson_pnas2021,2022,83.815857,80.502518,81.083909,0,1
2389,olson_pnas2021,2022,72.387886,76.216537,76.816665,0,1
2390,olson_pnas2021,2022,78.125763,79.158231,79.154183,1,1
2391,olson_pnas2021,2022,75.875008,83.444038,82.862974,1,1
2392,olson_pnas2021,2022,83.232948,81.653926,81.891861,1,1
2393,olson_pnas2021,2022,73.150558,76.814527,77.719770,1,1
2394,olson_pnas2021,2022,47.502090,75.312405,76.214297,1,1
2395,olson_pnas2021,2022,80.868111,79.238840,80.023478,0,1
2396,olson_pnas2021,2022,70.374779,76.631086,76.743836,1,1
2397,olson_pnas2021,2022,69.529678,76.438950,75.700138,0,1
2398,olson_pnas2021,2022,80.364677,81.236049,81.055027,0,1
2399,olson_pnas2021,2022,79.391953,78.976288,79.602393,1,1
2400,olson_pnas2021,2022,91.204887,85.499458,85.565211,1,1
2401,olson_pnas2021,2022,73.764275,78.161100,78.473611,1,1
2402,olson_pnas2021,2022,84.316444,81.496553,81.914958,0,1
2403,olson_pnas2021,2022,78.766113,78.341551,79.220628,0,1
2404,olson_pnas2021,2022,88.939461,82.984048,83.552442,0,1
2405,olson_pnas2021,2022,77.868698,78.894360,79.809534,1,1
2406,olson_pnas2021,2022,78.118759,79.911078,80.056448,0,1
2407,olson_pnas2021,2022,87.956718,83.442924,83.503635,1,1
2408,olson_pnas2021,2022,87.308434,82.591150,82.190387,0,1
2409,olson_pnas2021,2022,79.588768,79.508438,80.186487,0,1
2410,olson_pnas2021,2022,80.365471,79.352980,80.895861,0,1
2411,olson_pnas2021,2022,70.342278,77.166020,77.880889,0,1
2412,olson_pnas2021,2022,78.351547,79.409776,79.304558,1,1
2413,olson_pnas2021,2022,80.934052,80.725105,81.249291,0,1
2414,olson_pnas2021,2022,76.539680,76.784415,77.509060,0,1
2415,olson_pnas2021,2022,67.950729,75.582037,77.122463,1,1
2416,olson_pnas2021,2022,79.743111,80.442769,79.772050,1,1
2417,olson_pnas2021,2022,80.240738,80.125101,80.103443,1,1
2418,olson_pnas2021,2022,75.143883,79.403229,79.156383,1,1
2419,olson_pnas2021,2022,77.250397,77.579723,78.792837,1,1
2420,olson_pnas2021,2022,73.130402,76.415295,77.183638,0,1
2421,olson_pnas2021,2022,74.928444,76.445209,76.823477,0,1
2422,olson_pnas2021,2022,84.860870,81.616778,82.137231,0,1
2423,olson_pnas2021,2022,77.692673,78.871153,78.869624,0,1
2424,olson_pnas2021,2022,75.251816,78.614948,78.097706,1,1
2425,olson_pnas2021,2022,79.848320,80.842064,81.283181,1,1
2426,olson_pnas2021,2022,74.805870,78.166850,77.653516,1,1
2427,olson_pnas2021,2022,73.639885,75.850435,76.779324,0,1
2428,olson_pnas2021,2022,82.411987,81.196808,81.597154,1,1
2429,olson_pnas2021,2022,72.100937,78.229206,77.681475,1,1
2430,olson_pnas2021,2022,74.882858,78.357759,77.654934,0,1
2431,olson_pnas2021,2022,81.788857,81.575143,82.134607,1,1
2432,olson_pnas2021,2022,79.070145,80.052638,79.340525,0,1
2433,olson_pnas2021,2022,65.188469,75.195993,76.791203,0,1
2434,olson_pnas2021,2022,84.993622,81.762926,81.966208,0,1
2435,olson_pnas2021,2022,66.695137,75.024268,75.659365,0,1
2436,olson_pnas2021,2022,80.457825,80.894615,80.482945,1,1
2437,olson_pnas2021,2022,75.967636,78.172764,79.043432,1,1
2438,olson_pnas2021,2022,84.567085,82.735913,83.109580,0,1
2439,olson_pnas2021,2022,76.665268,80.261910,79.508640,1,1
2440,olson_pnas2021,2022,76.918289,85.435347,85.843419,1,1
2441,olson_pnas2021,2022,78.238205,79.855419,79.515281,0,1
2442,olson_pnas2021,2022,69.855278,79.315546,78.887936,1,1
2443,olson_pnas2021,2022,74.494072,76.644410,76.710061,1,1
2444,olson_pnas2021,2022,69.904152,77.411417,78.062637,1,1
2445,olson_pnas2021,2022,79.458305,80.085817,79.736453,0,1
2446,olson_pnas2021,2022,87.108383,81.813212,82.773413,0,1
2447,olson_pnas2021,2022,92.316887,84.577783,84.993468,1,1
2448,olson_pnas2021,2022,75.928864,76.960714,77.381666,1,1
2449,olson_pnas2021,2022,82.338921,83.919748,83.776504,1,1
2450,olson_pnas2021,2022,92.973808,89.501416,89.160450,0,1
2451,olson_pnas2021,2022,74.238396,78.642115,78.962744,0,1
2452,olson_pnas2021,2022,77.172714,78.680169,79.496418,1,1
2453,olson_pnas2021,2022,73.491493,77.304512,76.818458,0,1
2454,olson_pnas2021,2022,74.925323,77.218591,78.034282,1,1
2455,olson_pnas2021,2022,77.011368,79.017399,78.707459,0,1
2456,olson_pnas2021,2022,74.577118,77.722911,77.477812,0,1
2457,olson_pnas2021,2022,79.605171,77.863260,78.154522,0,1
2458,olson_pnas2021,2022,66.521194,74.573596,75.070584,0,1
2459,olson_pnas2021,2022,83.235970,80.833682,81.871781,0,1
2460,olson_pnas2021,2022,79.441208,78.783920,79.586176,1,1
2461,olson_pnas2021,2022,55.063282,75.279813,75.792315,1,1
2462,olson_pnas2021,2022,78.138512,80.634560,79.937028,0,1
2463,olson_pnas2021,2022,83.061455,82.468721,82.223639,0,1
2464,olson_pnas2021,2022,79.006676,78.707526,79.506676,1,1
2465,olson_pnas2021,2022,79.597755,79.886752,80.754607,1,1
2466,olson_pnas2021,2022,79.181564,79.194462,79.512447,1,1
2467,olson_pnas2021,2022,89.595169,85.053758,84.901929,1,1
2468,olson_pnas2021,2022,88.012459,84.564757,85.591001,1,1
2469,olson_pnas2021,2022,74.301605,79.032795,78.899407,0,1
2470,olson_pnas2021,2022,84.512428,82.522707,82.587674,1,1
2471,olson_pnas2021,2022,72.577637,78.032254,78.712838,1,1
2472,olson_pnas2021,2022,81.987190,78.841680,80.126453,0,1
2473,olson_pnas2021,2022,78.772057,78.157177,78.146297,1,1
2474,olson_pnas2021,2022,80.862061,81.925016,82.328342,0,1
2475,olson_pnas2021,2022,73.472343,78.173392,78.074359,0,1
2476,olson_pnas2021,2022,92.692200,86.736434,87.864141,0,1
2477,olson_pnas2021,2022,85.712990,82.682405,83.527064,0,1
2478,olson_pnas2021,2022,73.219803,77.888035,78.065553,0,1
2479,olson_pnas2021,2022,80.508087,78.685191,79.189351,0,1
2480,olson_pnas2021,2022,75.877274,81.455923,80.871950,0,1
2481,olson_pnas2021,2022,77.719604,78.655675,78.760885,1,1
2482,olson_pnas2021,2022,79.178223,81.763898,81.100951,1,1
2483,olson_pnas2021,2022,81.456741,80.480240,80.410640,1,1
2484,olson_pnas2021,2022,75.503525,78.130688,77.913891,0,1
2485,olson_pnas2021,2022,69.156250,78.404277,79.448578,1,1
2486,olson_pnas2021,2022,83.248535,82.343891,81.981354,1,1
2487,olson_pnas2021,2022,81.538918,82.567729,82.778603,0,1
2488,olson_pnas2021,2022,85.365883,84.022609,84.681134,0,1
2489,olson_pnas2021,2022,77.813217,78.669964,79.068334,0,1
2490,olson_pnas2021,2022,65.324669,75.361068,75.583364,1,1
2491,olson_pnas2021,2022,69.480431,76.389265,78.226407,1,1
2492,olson_pnas2021,2022,77.521370,79.279237,79.054903,0,1
2493,olson_pnas2021,2022,73.261353,76.803968,76.813666,1,1
2494,olson_pnas2021,2022,84.335411,82.541778,83.184960,1,1
2495,olson_pnas2021,2022,68.023682,74.831602,75.330945,1,1
2496,olson_pnas2021,2022,72.473038,76.719684,78.406491,0,1
2497,olson_pnas2021,2022,73.626488,76.594591,76.704734,0,1
2498,olson_pnas2021,2022,80.494446,80.956568,80.835798,1,1
2499,olson_pnas2021,2022,76.811249,82.553507,82.085900,0,1
2500,olson_pnas2021,2022,72.802940,81.922062,82.711630,0,1
2501,olson_pnas2021,2022,84.205002,80.533722,82.029623,1,1
2502,olson_pnas2021,2022,80.378166,79.379038,79.834757,0,1
2503,olson_pnas2021,2022,88.420036,82.507623,83.184798,1,1
2504,olson_pnas2021,2022,77.852539,77.135295,77.741956,1,1
2505,olson_pnas2021,2022,73.608353,76.336773,77.539072,0,1
2506,olson_pnas2021,2022,84.345596,83.725402,83.336100,0,1
2507,olson_pnas2021,2022,78.386742,81.563231,81.728792,0,1
2508,olson_pnas2021,2022,61.968033,74.926096,75.208214,1,1
2509,olson_pnas2021,2022,83.837212,81.221717,82.528692,1,1
2510,olson_pnas2021,2022,75.263229,79.028096,78.973661,0,1
2511,olson_pnas2021,2022,80.459557,78.534013,79.804358,1,1
2512,olson_pnas2021,2022,77.824471,81.099553,81.535814,0,1
2513,olson_pnas2021,2022,87.874100,86.344826,85.561718,1,1
2514,olson_pnas2021,2022,80.570015,79.683648,79.715777,1,1
2515,olson_pnas2021,2022,80.721123,79.834067,80.228643,1,1
2516,olson_pnas2021,2022,76.746910,77.589555,77.797898,1,1
2517,olson_pnas2021,2022,77.820236,77.320661,79.068969,1,1
2518,olson_pnas2021,2022,82.931015,80.499982,81.337707,1,1
2519,olson_pnas2021,2022,91.050041,85.491049,86.616745,1,1
2520,olson_pnas2021,2022,75.714691,77.311851,78.050018,0,1
2521,olson_pnas2021,2022,87.459846,82.287561,82.471275,1,1
2522,olson_pnas2021,2022,78.975380,81.210006,81.650106,1,1
2523,olson_pnas2021,2022,74.720764,78.415386,79.689369,0,1
2524,olson_pnas2021,2022,66.201660,75.577771,75.167784,1,1
2525,olson_pnas2021,2022,76.919411,80.677909,80.308163,1,1
2526,olson_pnas2021,2022,78.458565,81.928769,81.515036,1,1
2527,olson_pnas2021,2022,81.880852,79.346742,80.429536,1,1
2528,olson_pnas2021,2022,72.775826,78.145876,78.129810,0,1
2529,olson_pnas2021,2022,84.119728,84.318570,83.556415,0,1
2530,olson_pnas2021,2022,75.602257,78.180766,77.557954,0,1
2531,olson_pnas2021,2022,85.269302,81.374592,82.157245,1,1
2532,olson_pnas2021,2022,78.061241,81.775863,81.518703,1,1
2533,olson_pnas2021,2022,82.900566,81.869586,81.617615,0,1
2534,olson_pnas2021,2022,78.651649,77.881125,78.213616,1,1
2535,olson_pnas2021,2022,71.908081,75.218119,75.424975,0,1
2536,olson_pnas2021,2022,67.498039,77.320245,77.182450,1,1
2537,olson_pnas2021,2022,74.780289,78.472535,78.219258,0,1
2538,olson_pnas2021,2022,77.009323,76.755817,77.641244,1,1
2539,olson_pnas2021,2022,80.382584,79.610748,79.406668,1,1
2540,olson_pnas2021,2022,73.227585,76.354507,76.878029,0,1
2541,olson_pnas2021,2022,80.667717,81.320780,81.046392,1,1
2542,olson_pnas2021,2022,79.859390,79.034348,78.874359,0,1
2543,olson_pnas2021,2022,73.136589,76.699224,80.184798,0,1
2544,olson_pnas2021,2022,65.835327,74.986895,76.032514,1,1
2545,olson_pnas2021,2022,92.088921,86.041832,86.509276,0,1
2546,olson_pnas2021,2022,78.134109,78.859764,79.956964,1,1
2547,olson_pnas2021,2022,78.822067,76.707186,77.200736,1,1
2548,olson_pnas2021,2022,74.462059,79.780483,79.564722,0,1
2549,olson_pnas2021,2022,80.794128,79.327148,80.607707,0,1
2550,olson_pnas2021,2022,74.800293,77.985503,78.402289,1,1
2551,olson_pnas2021,2022,81.594017,78.225931,79.454555,1,1
2552,olson_pnas2021,2022,78.536469,79.922872,79.882719,1,1
2553,olson_pnas2021,2022,77.073204,79.193663,79.007914,1,1
2554,olson_pnas2021,2022,73.564407,78.838313,79.097203,0,1
2555,olson_pnas2021,2022,85.458893,81.470540,82.045175,1,1
2556,olson_pnas2021,2022,75.254105,79.430171,79.323378,0,1
2557,olson_pnas2021,2022,88.781616,84.926392,86.158636,0,1
2558,olson_pnas2021,2022,78.795502,79.063993,78.930754,1,1
2559,olson_pnas2021,2022,73.742325,77.830829,77.391394,0,1
2560,olson_pnas2021,2022,71.706520,79.341636,78.786218,0,1
2561,olson_pnas2021,2022,85.301620,80.794530,80.703434,0,1
2562,olson_pnas2021,2022,81.691414,79.802321,80.043697,0,1
2563,olson_pnas2021,2022,74.300659,78.055243,77.684065,0,1
2564,olson_pnas2021,2022,81.422195,80.371682,80.978914,1,1
2565,olson_pnas2021,2022,69.292137,78.896522,78.723922,1,1
2566,olson_pnas2021,2022,81.187469,82.204330,81.829361,1,1
2567,olson_pnas2021,2022,71.842598,91.671941,93.447833,0,1
2568,olson_pnas2021,2022,81.556480,78.717479,79.494826,0,1
2569,olson_pnas2021,2022,80.871429,82.011774,82.063534,1,1
2570,olson_pnas2021,2022,82.258522,79.455829,80.890095,0,1
2571,olson_pnas2021,2022,77.461853,78.374272,78.076712,0,1
2572,olson_pnas2021,2022,72.631279,77.634763,77.442088,0,1
2573,olson_pnas2021,2022,79.061844,90.422032,91.134363,0,1
2574,olson_pnas2021,2022,70.948524,76.608800,76.521073,0,1
2575,olson_pnas2021,2022,75.999939,77.259013,78.607264,0,1
2576,olson_pnas2021,2022,59.056503,76.280356,78.677868,1,1
2577,olson_pnas2021,2022,82.022614,86.684311,85.422543,1,1
2578,olson_pnas2021,2022,76.570412,80.564954,80.393135,0,1
2579,olson_pnas2021,2022,77.814819,78.166163,78.119370,1,1
2580,olson_pnas2021,2022,85.634216,82.106830,81.979434,1,1
2581,olson_pnas2021,2022,72.243736,76.986048,78.264490,0,1
2582,olson_pnas2021,2022,76.486954,80.212216,81.797740,1,1
2583,olson_pnas2021,2022,76.399979,79.135698,79.401408,1,1
2584,olson_pnas2021,2022,75.347092,77.348301,77.339595,0,1
2585,olson_pnas2021,2022,76.842827,78.128554,79.364945,1,1
2586,olson_pnas2021,2022,62.249409,76.269808,76.886101,1,1
2587,olson_pnas2021,2022,77.387619,79.159495,79.689645,1,1
2588,olson_pnas2021,2022,76.521843,78.751315,78.506733,0,1
2589,olson_pnas2021,2022,83.117935,81.952094,82.955199,0,1
2590,olson_pnas2021,2022,88.695976,85.984885,86.256402,0,1
2591,olson_pnas2021,2022,88.424423,84.114123,84.107622,1,1
2592,olson_pnas2021,2022,87.284317,84.839476,84.576123,1,1
2593,olson_pnas2021,2022,73.658028,77.165286,77.538380,1,1
2594,olson_pnas2021,2022,80.659225,79.319509,80.181434,0,1
2595,olson_pnas2021,2022,80.181870,80.491203,80.209354,0,1
2596,olson_pnas2021,2022,84.690681,83.009497,82.014437,1,1
2597,olson_pnas2021,2022,72.020271,82.660335,83.361551,0,1
2598,olson_pnas2021,2022,78.228065,78.672521,79.084203,1,1
2599,olson_pnas2021,2022,63.838238,77.495359,78.024074,1,1
2600,olson_pnas2021,2022,75.876823,78.479544,78.958524,0,1
2601,olson_pnas2021,2022,82.592392,80.759742,80.546551,1,1
2602,olson_pnas2021,2022,69.870644,75.528807,75.934551,1,1
2603,olson_pnas2021,2022,71.373253,77.037370,78.069890,1,1
2604,olson_pnas2021,2022,74.361488,77.360001,76.954654,0,1
2605,olson_pnas2021,2022,53.987820,74.567909,75.371232,1,1
2606,olson_pnas2021,2022,79.360390,79.022429,79.233483,0,1
2607,olson_pnas2021,2022,75.950066,78.503280,79.138804,0,1
2608,olson_pnas2021,2022,88.703819,85.319062,86.301006,1,1
2609,olson_pnas2021,2022,82.752350,,,0,0
2610,olson_pnas2021,2022,71.139297,76.187117,76.514756,1,1
2611,olson_pnas2021,2022,83.495071,81.649742,82.495690,0,1
2612,olson_pnas2021,2022,83.076256,81.052729,80.799358,1,1
2613,olson_pnas2021,2022,74.643776,78.723172,78.553332,1,1
2614,olson_pnas2021,2022,82.695839,80.181726,81.274948,1,1
2615,olson_pnas2021,2022,72.094193,75.749350,77.466867,1,1
2616,olson_pnas2021,2022,79.131058,78.195799,79.004023,0,1
2617,olson_pnas2021,2022,92.289978,85.613048,86.709204,1,1
2618,olson_pnas2021,2022,80.939659,81.920278,81.995324,1,1
2619,olson_pnas2021,2022,78.558876,77.975131,78.270442,0,1
2620,olson_pnas2021,2022,78.677475,80.685806,80.998533,1,1
2621,olson_pnas2021,2022,76.199951,77.029015,77.766131,0,1
2622,olson_pnas2021,2022,78.739693,79.895065,79.663866,0,1
2623,olson_pnas2021,2022,86.629608,82.551979,82.809035,0,1
2624,olson_pnas2021,2022,80.523766,77.987956,78.913776,0,1
2625,olson_pnas2021,2022,70.306183,78.449124,78.260999,1,1
2626,olson_pnas2021,2022,69.902916,76.688619,77.519228,0,1
2627,olson_pnas2021,2022,87.269157,87.282841,87.340600,0,1
2628,olson_pnas2021,2022,79.029411,77.504345,78.870762,1,1
2629,olson_pnas2021,2022,64.207420,76.542290,75.956074,0,1
2630,olson_pnas2021,2022,76.732483,81.795085,81.336540,1,1
2631,olson_pnas2021,2022,78.921219,78.833523,79.272798,1,1
2632,olson_pnas2021,2022,76.352882,78.769039,78.850464,0,1
2633,olson_pnas2021,2022,83.041969,80.187101,81.129927,1,1
2634,olson_pnas2021,2022,92.239937,88.149014,88.378683,0,1
2635,olson_pnas2021,2022,79.517265,78.998074,79.364327,0,1
2636,olson_pnas2021,2022,90.905952,83.805834,85.651529,0,1
2637,olson_pnas2021,2022,79.406181,79.634015,79.802433,1,1
2638,olson_pnas2021,2022,86.734428,79.009667,79.649351,1,1
2639,olson_pnas2021,2022,84.561317,81.265858,81.943810,0,1
2640,olson_pnas2021,2022,78.870682,77.977042,79.284557,0,1
2641,olson_pnas2021,2022,85.124847,79.960610,80.299251,1,1
2642,olson_pnas2021,2022,88.469368,83.716322,84.108949,0,1
2643,olson_pnas2021,2022,73.894325,76.999526,78.116998,0,1
2644,olson_pnas2021,2022,82.126518,80.051080,80.681421,1,1
2645,olson_pnas2021,2022,70.724442,75.110761,77.381735,1,1
2646,olson_pnas2021,2022,71.097916,75.630019,75.729748,1,1
2647,olson_pnas2021,2022,57.915642,82.100394,81.478697,1,1
2648,olson_pnas2021,2022,82.550034,79.123589,80.325388,0,1
2649,olson_pnas2021,2022,71.596748,76.930171,76.663500,0,1
2650,olson_pnas2021,2022,81.121323,79.592272,80.920567,1,1
2651,olson_pnas2021,2022,78.363762,76.728969,78.779137,0,1
2652,olson_pnas2021,2022,75.628532,83.384075,84.980719,0,1
2653,olson_pnas2021,2022,75.528114,79.041827,81.125285,0,1
2654,olson_pnas2021,2022,83.162407,80.500881,80.613316,0,1
2655,olson_pnas2021,2022,76.216736,80.454603,80.868203,0,1
2656,olson_pnas2021,2022,76.401222,76.968518,78.454876,0,1
2657,olson_pnas2021,2022,80.203819,79.212407,80.436789,1,1
2658,olson_pnas2021,2022,74.265404,77.372174,77.740026,0,1
2659,olson_pnas2021,2022,80.844589,78.506906,79.700107,1,1
2660,olson_pnas2021,2022,73.262352,78.326879,77.879603,0,1
2661,olson_pnas2021,2022,81.350037,79.357887,79.817175,1,1
2662,olson_pnas2021,2022,78.689941,78.658035,79.205518,1,1
2663,olson_pnas2021,2022,84.770866,83.609388,83.990834,0,1
2664,olson_pnas2021,2022,62.183182,74.687415,76.056888,1,1
2665,olson_pnas2021,2022,85.447037,81.147170,82.602618,1,1
2666,olson_pnas2021,2022,81.311035,82.099815,81.685757,1,1
2667,olson_pnas2021,2022,78.451851,77.788785,78.275106,0,1
2668,olson_pnas2021,2022,84.782463,84.317553,85.545582,1,1
2669,olson_pnas2021,2022,80.595573,81.290008,81.035591,0,1
2670,olson_pnas2021,2022,76.816208,78.837118,78.602894,1,1
2671,olson_pnas2021,2022,80.439934,79.747306,80.655805,1,1
2672,olson_pnas2021,2022,74.590149,77.905902,78.611394,0,1
2673,olson_pnas2021,2022,87.089775,81.800432,81.881315,1,1
2674,olson_pnas2021,2022,84.907631,80.213329,81.284415,1,1
2675,olson_pnas2021,2022,81.949028,80.626755,81.436129,0,1
2676,olson_pnas2021,2022,80.792526,80.256417,80.801746,1,1
2677,olson_pnas2021,2022,74.729134,77.300143,77.368661,0,1
2678,olson_pnas2021,2022,70.242294,78.096581,77.303495,1,1
2679,olson_pnas2021,2022,69.991615,75.932279,76.523704,0,1
2680,olson_pnas2021,2022,78.655090,79.166672,79.276888,1,1
2681,olson_pnas2021,2022,77.297699,79.398638,79.292007,1,1
2682,olson_pnas2021,2022,86.290375,80.912317,80.701712,0,1
2683,olson_pnas2021,2022,74.683990,78.556444,78.933472,0,1
2684,olson_pnas2021,2022,78.361473,80.121806,80.232265,0,1
2685,olson_pnas2021,2022,78.735939,81.871032,81.409759,0,1
2686,olson_pnas2021,2022,77.085236,78.268388,78.830018,0,1
2687,olson_pnas2021,2022,68.649956,79.129495,80.056896,1,1
2688,olson_pnas2021,2022,55.379742,74.897637,76.448783,0,1
2689,olson_pnas2021,2022,72.320404,77.597711,78.784245,0,1
2690,olson_pnas2021,2022,74.931732,77.042070,77.891184,0,1
2691,olson_pnas2021,2022,74.575890,78.397351,78.340450,1,1
2692,olson_pnas2021,2022,75.992516,78.988905,79.198949,0,1
2693,olson_pnas2021,2022,69.783340,76.985894,76.630796,0,1
2694,olson_pnas2021,2022,79.062187,81.027339,80.506710,1,1
2695,olson_pnas2021,2022,74.237831,77.009246,77.060601,1,1
2696,olson_pnas2021,2022,89.347748,84.377364,84.880469,1,1
2697,olson_pnas2021,2022,72.107285,76.497043,77.790492,0,1
2698,olson_pnas2021,2022,79.218971,79.301056,79.573414,1,1
2699,olson_pnas2021,2022,75.187668,79.881955,80.580649,1,1
2700,olson_pnas2021,2022,80.343208,78.779620,78.674819,0,1
2701,olson_pnas2021,2022,84.675774,79.119706,80.448265,1,1
2702,olson_pnas2021,2022,80.825859,78.712897,79.505654,1,1
2703,olson_pnas2021,2022,67.606529,75.541068,76.497318,1,1
2704,olson_pnas2021,2022,63.136055,77.738181,78.178615,1,1
2705,olson_pnas2021,2022,80.505806,79.477125,79.033543,1,1
2706,olson_pnas2021,2022,75.327881,79.839082,79.119994,1,1
2707,olson_pnas2021,2022,73.545387,80.186913,80.908992,1,1
2708,olson_pnas2021,2022,84.190453,80.389942,81.207848,0,1
2709,olson_pnas2021,2022,78.805939,89.763725,90.834593,0,1
2710,olson_pnas2021,2022,57.624905,73.607379,74.783751,1,1
2711,olson_pnas2021,2022,80.332253,79.077935,79.190983,1,1
2712,olson_pnas2021,2022,80.505249,81.691602,81.317897,1,1
2713,olson_pnas2021,2022,86.309021,91.546630,92.093109,1,1
2714,olson_pnas2021,2022,72.450188,78.278469,78.519139,1,1
2715,olson_pnas2021,2022,70.325729,77.486703,77.763801,0,1
2716,olson_pnas2021,2022,68.398949,76.786978,78.923704,0,1
2717,olson_pnas2021,2022,80.372757,77.302788,79.006816,0,1
2718,olson_pnas2021,2022,79.492294,78.254735,80.118860,1,1
2719,olson_pnas2021,2022,86.783943,83.717860,84.410309,1,1
2720,olson_pnas2021,2022,81.294510,79.648173,80.145002,1,1
2721,olson_pnas2021,2022,66.971062,76.054038,77.692371,0,1
2722,olson_pnas2021,2022,70.870293,74.848833,76.260385,1,1
2723,olson_pnas2021,2022,86.255997,82.327693,83.278208,1,1
2724,olson_pnas2021,2022,82.258377,81.144923,80.983219,0,1
2725,olson_pnas2021,2022,76.780998,78.578702,77.884437,1,1
2726,olson_pnas2021,2022,80.386787,78.824591,79.919804,0,1
2727,olson_pnas2021,2022,70.982811,77.982163,77.897648,1,1
2728,olson_pnas2021,2022,70.482170,75.850767,76.003080,0,1
2729,olson_pnas2021,2022,83.537743,81.291211,81.823546,0,1
2730,olson_pnas2021,2022,81.138351,78.881624,79.020176,0,1
2731,olson_pnas2021,2022,79.342148,79.623735,79.029191,1,1
2732,olson_pnas2021,2022,76.539352,77.790072,77.932095,1,1
2733,olson_pnas2021,2022,79.408546,79.056230,80.746137,0,1
2734,olson_pnas2021,2022,80.656990,78.314742,79.997305,0,1
2735,olson_pnas2021,2022,67.905823,75.668493,76.255509,0,1
2736,olson_pnas2021,2022,74.518753,78.057078,78.242064,0,1
2737,olson_pnas2021,2022,76.613197,81.100899,80.470312,0,1
2738,olson_pnas2021,2022,78.861809,79.084183,79.476970,0,1
2739,olson_pnas2021,2022,74.711624,76.500842,77.404888,1,1
2740,olson_pnas2021,2022,80.359413,78.554329,79.484676,1,1
2741,olson_pnas2021,2022,90.761024,83.703986,83.800406,1,1
2742,olson_pnas2021,2022,78.226799,77.485474,78.014861,1,1
2743,olson_pnas2021,2022,83.183846,94.165084,94.075104,1,1
2744,olson_pnas2021,2022,91.997704,87.140569,87.622374,1,1
2745,olson_pnas2021,2022,73.983887,77.746366,77.778796,0,1
2746,olson_pnas2021,2022,71.455170,76.372182,76.654146,1,1
2747,olson_pnas2021,2022,73.451653,78.487494,78.575549,0,1
2748,olson_pnas2021,2022,79.297432,80.867753,81.413117,0,1
2749,olson_pnas2021,2022,82.598999,81.147908,80.627046,1,1
2750,olson_pnas2021,2022,79.107712,77.633281,78.932903,0,1
2751,olson_pnas2021,2022,78.597763,79.019056,79.235228,1,1
2752,olson_pnas2021,2022,77.922195,78.477539,78.984510,1,1
2753,olson_pnas2021,2022,75.145294,77.701745,78.184990,0,1
2754,olson_pnas2021,2022,85.341560,82.639924,82.982363,1,1
2755,olson_pnas2021,2022,83.637169,83.385147,84.543144,0,1
2756,olson_pnas2021,2022,61.408108,76.313527,76.660962,0,1
2757,olson_pnas2021,2022,79.058441,,,0,0
2758,olson_pnas2021,2022,74.073654,80.190707,79.590478,1,1
2759,olson_pnas2021,2022,77.663818,82.779725,82.407166,0,1
2760,olson_pnas2021,2022,72.535301,81.609728,81.878588,0,1
2761,olson_pnas2021,2022,79.718575,79.702262,78.984921,0,1
2762,olson_pnas2021,2022,90.903053,83.443364,85.605226,1,1
2763,olson_pnas2021,2022,75.064308,76.120581,76.968818,0,1
2764,olson_pnas2021,2022,85.393623,80.262005,80.836955,0,1
2765,olson_pnas2021,2022,66.985939,75.497746,76.013820,0,1
2766,olson_pnas2021,2022,77.211624,78.827342,79.040270,0,1
2767,olson_pnas2021,2022,71.069214,75.511180,75.883345,1,1
2768,olson_pnas2021,2022,75.016533,76.847722,78.791242,1,1
2769,olson_pnas2021,2022,76.191833,76.485620,77.654526,0,1
2770,olson_pnas2021,2022,71.006134,77.363485,79.359570,1,1
2771,olson_pnas2021,2022,76.669136,81.178641,82.429964,0,1
2772,olson_pnas2021,2022,62.672371,74.396874,75.902116,1,1
2773,olson_pnas2021,2022,77.867302,80.095497,80.509727,0,1
2774,olson_pnas2021,2022,76.479759,76.783029,77.898348,0,1
2775,olson_pnas2021,2022,73.046127,79.053210,79.843077,1,1
2776,olson_pnas2021,2022,75.883690,78.246230,77.825087,1,1
2777,olson_pnas2021,2022,79.462898,78.380583,78.456288,1,1
2778,olson_pnas2021,2022,82.557854,81.135013,80.762365,1,1
2779,olson_pnas2021,2022,75.832260,77.018011,78.554536,1,1
2780,olson_pnas2021,2022,80.376747,80.903254,81.910882,0,1
2781,olson_pnas2021,2022,77.485672,79.947262,81.658989,1,1
2782,olson_pnas2021,2022,76.492851,78.791080,79.938510,0,1
2783,olson_pnas2021,2022,74.238579,76.311549,76.423837,1,1
2784,olson_pnas2021,2022,59.427708,74.092783,76.305167,0,1
2785,olson_pnas2021,2022,89.986465,86.064743,86.826149,0,1
2786,olson_pnas2021,2022,82.745743,84.751788,85.658210,0,1
2787,olson_pnas2021,2022,62.130379,77.684963,78.525887,0,1
2788,olson_pnas2021,2022,81.266541,81.503530,82.024070,0,1
2789,olson_pnas2021,2022,77.584023,77.320509,79.187233,0,1
2790,olson_pnas2021,2022,81.759537,80.356233,80.226701,1,1
2791,olson_pnas2021,2022,76.173576,78.910546,78.737212,1,1
2792,olson_pnas2021,2022,84.445175,82.130356,82.530772,0,1
2793,olson_pnas2021,2022,67.145874,75.504654,75.879436,1,1
2794,olson_pnas2021,2022,75.564827,80.621174,80.783282,1,1
2795,olson_pnas2021,2022,83.885208,80.681219,81.249566,1,1
2796,olson_pnas2021,2022,86.796982,81.689026,82.692239,0,1
2797,olson_pnas2021,2022,87.807610,85.257607,86.445406,1,1
2798,olson_pnas2021,2022,73.627747,77.249256,77.012169,0,1
2799,olson_pnas2021,2022,79.654381,79.723699,80.177198,0,1
2800,olson_pnas2021,2022,87.910637,81.811791,82.612745,0,1
2801,olson_pnas2021,2022,74.858559,80.205295,80.294028,1,1
2802,olson_pnas2021,2022,82.560417,82.350631,82.314933,0,1
2803,olson_pnas2021,2022,71.218979,78.014793,79.198099,1,1
2804,olson_pnas2021,2022,77.182999,79.079564,79.003430,1,1
2805,olson_pnas2021,2022,83.284393,79.109162,80.331636,0,1
2806,olson_pnas2021,2022,83.021439,85.030752,84.750893,0,1
2807,olson_pnas2021,2022,75.802528,80.598357,80.860759,1,1
2808,olson_pnas2021,2022,79.536095,77.439292,78.139216,0,1
2809,olson_pnas2021,2022,86.520813,81.313753,82.355646,0,1
2810,olson_pnas2021,2022,83.369064,80.682629,81.414707,1,1
2811,olson_pnas2021,2022,82.486412,79.378366,80.901823,1,1
2812,olson_pnas2021,2022,73.636971,76.881646,76.611465,1,1
2813,olson_pnas2021,2022,77.775246,79.943361,79.439022,0,1
2814,olson_pnas2021,2022,79.592186,80.287478,81.056171,0,1
2815,olson_pnas2021,2022,83.696983,79.049587,79.345078,0,1
2816,olson_pnas2021,2022,66.131027,74.983627,75.619677,0,1
2817,olson_pnas2021,2022,62.940632,78.796217,79.681781,1,1
2818,olson_pnas2021,2022,78.312996,79.964385,79.300686,0,1
2819,olson_pnas2021,2022,77.566132,81.254931,80.497495,0,1
2820,olson_pnas2021,2022,79.803169,79.591861,80.172231,0,1
2821,olson_pnas2021,2022,77.847275,78.833637,78.975428,0,1
2822,olson_pnas2021,2022,84.772316,80.506621,80.711765,1,1
2823,olson_pnas2021,2022,83.426651,80.277997,80.950591,0,1
2824,olson_pnas2021,2022,79.035652,79.669822,79.591106,0,1
2825,olson_pnas2021,2022,85.613197,86.172206,85.604028,1,1
2826,olson_pnas2021,2022,76.935181,79.051562,78.700369,0,1
2827,olson_pnas2021,2022,84.014984,81.669189,81.604012,0,1
2828,olson_pnas2021,2022,74.654945,77.491049,78.150595,1,1
2829,olson_pnas2021,2022,77.603355,80.004109,80.149381,0,1
2830,olson_pnas2021,2022,87.551033,84.644879,84.743523,1,1
2831,olson_pnas2021,2022,81.479698,81.203434,82.298958,0,1
2832,olson_pnas2021,2022,74.326241,76.757323,77.215389,1,1
2833,olson_pnas2021,2022,80.918884,79.696241,79.796691,1,1
2834,olson_pnas2021,2022,77.668259,78.386557,78.843765,1,1
2835,olson_pnas2021,2022,65.554207,74.699560,75.638626,1,1
2836,olson_pnas2021,2022,83.022270,81.984070,82.230230,0,1
2837,olson_pnas2021,2022,88.061890,82.426602,82.957655,0,1
2838,olson_pnas2021,2022,75.318230,77.556348,77.550098,1,1
2839,olson_pnas2021,2022,48.109047,75.505902,76.706420,0,1
2840,olson_pnas2021,2022,82.747093,79.271003,79.186183,1,1
2841,olson_pnas2021,2022,78.139755,78.901317,79.334236,1,1
2842,olson_pnas2021,2022,78.685707,79.298850,80.079971,1,1
2843,olson_pnas2021,2022,91.030869,84.381088,85.423904,0,1
2844,olson_pnas2021,2022,81.573761,78.707166,79.124703,1,1
2845,olson_pnas2021,2022,73.426483,79.445852,80.133100,1,1
2846,olson_pnas2021,2022,79.692390,83.208234,82.141635,1,1
2847,olson_pnas2021,2022,78.297287,80.340968,79.835438,1,1
2848,olson_pnas2021,2022,79.366684,79.347702,79.661048,0,1
2849,olson_pnas2021,2022,78.725578,79.418321,78.896227,1,1
2850,olson_pnas2021,2022,76.243103,78.747656,79.845165,1,1
2851,olson_pnas2021,2022,78.210213,77.485926,77.775735,0,1
2852,olson_pnas2021,2022,82.618523,81.915027,81.971404,1,1
2853,olson_pnas2021,2022,77.872803,80.828840,80.374028,1,1
2854,olson_pnas2021,2022,79.921829,78.494070,78.353912,1,1
2855,olson_pnas2021,2022,79.662361,79.019284,79.555013,0,1
2856,olson_pnas2021,2022,72.273239,75.358870,76.155654,0,1
2857,olson_pnas2021,2022,78.379234,77.150605,78.077393,1,1
2858,olson_pnas2021,2022,80.620018,79.310622,79.761931,1,1
2859,olson_pnas2021,2022,68.651611,75.796243,76.640379,0,1
2860,olson_pnas2021,2022,78.713623,78.665900,78.863559,1,1
2861,olson_pnas2021,2022,78.120850,78.634956,80.280487,0,1
2862,olson_pnas2021,2022,76.479561,80.916887,80.467017,0,1
2863,olson_pnas2021,2022,77.832916,79.775198,80.051141,1,1
2864,olson_pnas2021,2022,76.172607,78.403665,78.133406,1,1
2865,olson_pnas2021,2022,84.970390,81.587670,82.633009,0,1
2866,olson_pnas2021,2022,75.937233,78.182546,79.708608,0,1
2867,olson_pnas2021,2022,62.872475,77.203942,77.456327,0,1
2868,olson_pnas2021,2022,83.742348,80.879699,80.644877,0,1
2869,olson_pnas2021,2022,71.271408,77.611357,78.103716,0,1
2870,olson_pnas2021,2022,73.770912,76.803478,76.665453,1,1
2871,olson_pnas2021,2022,71.387085,81.009290,80.558145,0,1
2872,olson_pnas2021,2022,78.706184,79.284574,79.219826,1,1
2873,olson_pnas2021,2022,83.991013,83.387443,84.151486,1,1
2874,olson_pnas2021,2022,80.899826,81.219726,81.175699,0,1
2875,olson_pnas2021,2022,75.352753,85.093004,85.589370,1,1
2876,olson_pnas2021,2022,77.779915,80.142779,79.670079,0,1
2877,olson_pnas2021,2022,80.688026,82.365602,82.513049,0,1
2878,olson_pnas2021,2022,76.628403,78.214873,77.965578,0,1
2879,olson_pnas2021,2022,69.714996,77.306521,77.632343,0,1
2880,olson_pnas2021,2022,74.663910,78.708741,79.639655,0,1
2881,olson_pnas2021,2022,81.328491,81.984834,81.570428,1,1
2882,olson_pnas2021,2022,86.973015,81.942967,82.739097,0,1
2883,olson_pnas2021,2022,91.546112,87.497708,88.304929,1,1
2884,olson_pnas2021,2022,71.148521,76.129072,76.516550,0,1
2885,olson_pnas2021,2022,70.777481,76.224033,76.020535,1,1
2886,olson_pnas2021,2022,80.135223,79.625491,80.544016,0,1
2887,olson_pnas2021,2022,71.919044,79.916780,79.616437,1,1
2888,olson_pnas2021,2022,76.605362,78.092244,79.111944,1,1
2889,olson_pnas2021,2022,90.077660,84.325653,85.700944,0,1
2890,olson_pnas2021,2022,79.174438,77.985517,80.285312,0,1
2891,olson_pnas2021,2022,87.949890,86.150462,86.109502,1,1
2892,olson_pnas2021,2022,85.634247,82.455214,83.195083,1,1
2893,olson_pnas2021,2022,78.829430,79.085460,78.947123,1,1
2894,olson_pnas2021,2022,73.853264,76.191665,77.256227,0,1
2895,olson_pnas2021,2022,73.957237,78.056031,77.366922,0,1
2896,olson_pnas2021,2022,79.562691,78.173457,78.502476,0,1
2897,olson_pnas2021,2022,81.134834,78.388835,79.381894,1,1
2898,olson_pnas2021,2022,73.970291,78.287299,78.045515,0,1
2899,olson_pnas2021,2022,77.680710,78.030541,78.135221,1,1
2900,olson_pnas2021,2022,77.273453,77.862678,78.574873,0,1
2901,olson_pnas2021,2022,80.597878,79.832716,79.849080,1,1
2902,olson_pnas2021,2022,82.024124,79.222279,79.965341,0,1
2903,olson_pnas2021,2022,78.860626,78.534049,79.431327,1,1
2904,olson_pnas2021,2022,78.744713,79.035411,79.332911,0,1
2905,olson_pnas2021,2022,83.820549,79.684401,80.665009,1,1
2906,olson_pnas2021,2022,74.210251,77.904528,79.824805,1,1
2907,olson_pnas2021,2022,83.181175,83.755531,83.420338,0,1
2908,olson_pnas2021,2022,83.273232,83.476029,83.360329,1,1
2909,olson_pnas2021,2022,83.061180,82.228272,83.094612,1,1
2910,olson_pnas2021,2022,76.404068,77.325890,78.124015,0,1
2911,olson_pnas2021,2022,83.516022,81.200810,81.361895,0,1
2912,olson_pnas2021,2022,74.618454,77.429942,77.850177,1,1
2913,olson_pnas2021,2022,77.511353,84.489344,84.484473,0,1
2914,olson_pnas2021,2022,76.753899,78.842893,78.830501,0,1
2915,olson_pnas2021,2022,94.262398,89.187639,89.023379,0,1
2916,olson_pnas2021,2022,80.821747,80.751117,80.560453,1,1
2917,olson_pnas2021,2022,78.618393,78.495215,78.406395,0,1
2918,olson_pnas2021,2022,89.018295,84.801998,85.615614,0,1
2919,olson_pnas2021,2022,70.475380,78.306944,79.124851,0,1
2920,olson_pnas2021,2022,68.699570,78.491517,79.808143,1,1
2921,olson_pnas2021,2022,77.352821,77.289250,78.269442,1,1
2922,olson_pnas2021,2022,72.798065,76.640321,76.556617,0,1
2923,olson_pnas2021,2022,74.965813,77.575054,77.590677,0,1
2924,olson_pnas2021,2022,87.740860,81.489349,82.203414,0,1
2925,olson_pnas2021,2022,81.009583,80.241539,81.495649,0,1
2926,olson_pnas2021,2022,77.968422,78.546353,78.622907,0,1
2927,olson_pnas2021,2022,74.537445,77.255328,77.789651,0,1
2928,olson_pnas2021,2022,74.149788,77.015125,77.441522,1,1
2929,olson_pnas2021,2022,73.818657,82.443587,82.075762,1,1
2930,olson_pnas2021,2022,76.330322,78.197833,78.207598,0,1
2931,olson_pnas2021,2022,81.367790,82.948332,82.671276,1,1
2932,olson_pnas2021,2022,74.408348,77.261695,77.584649,0,1
2933,olson_pnas2021,2022,87.217316,82.485047,83.012009,1,1
2934,olson_pnas2021,2022,79.553879,79.603544,80.194101,1,1
2935,olson_pnas2021,2022,79.228638,80.482960,79.780617,1,1
2936,olson_pnas2021,2022,81.381401,80.344559,80.589285,1,1
2937,olson_pnas2021,2022,80.032990,77.501553,78.073014,0,1
2938,olson_pnas2021,2022,78.016663,79.408769,79.304378,0,1
2939,olson_pnas2021,2022,72.738800,76.018006,77.702633,0,1
2940,olson_pnas2021,2022,78.807899,79.135396,79.289843,0,1
2941,olson_pnas2021,2022,76.524284,78.240931,78.668018,0,1
2942,olson_pnas2021,2022,78.412178,78.605183,78.607162,1,1
2943,olson_pnas2021,2022,80.399719,79.963278,80.422797,0,1
2944,olson_pnas2021,2022,83.508316,79.947217,80.029889,0,1
2945,olson_pnas2021,2022,80.624283,79.568203,80.655503,0,1
2946,olson_pnas2021,2022,83.377373,79.790572,81.591422,0,1
2947,olson_pnas2021,2022,78.831863,81.522325,80.961887,0,1
2948,olson_pnas2021,2022,88.161041,83.423623,83.600749,1,1
2949,olson_pnas2021,2022,83.666901,80.903232,81.947062,0,1
2950,olson_pnas2021,2022,81.002167,77.919853,78.732559,0,1
2951,olson_pnas2021,2022,85.650726,,,0,0
2952,olson_pnas2021,2022,81.542847,79.896941,80.131716,1,1
2953,olson_pnas2021,2022,77.769279,81.124088,80.695333,1,1
2954,olson_pnas2021,2022,73.427696,76.740253,77.522852,0,1
2955,olson_pnas2021,2022,81.480545,80.164017,80.407346,1,1
2956,olson_pnas2021,2022,78.034538,79.664581,80.262114,1,1
2957,olson_pnas2021,2022,71.705940,75.765099,76.229702,1,1
2958,olson_pnas2021,2022,82.358589,78.990380,79.984155,0,1
2959,olson_pnas2021,2022,88.440552,81.328940,83.128207,1,1
2960,olson_pnas2021,2022,76.804718,77.970842,78.891574,1,1
2961,olson_pnas2021,2022,78.254494,80.364904,80.782254,0,1
2962,olson_pnas2021,2022,80.906921,79.394408,79.512550,1,1
2963,olson_pnas2021,2022,86.163887,81.267769,82.063453,1,1
2964,olson_pnas2021,2022,74.815544,,,0,0
2965,olson_pnas2021,2022,81.108734,79.153875,80.355045,1,1
2966,olson_pnas2021,2022,75.323448,81.243144,80.939974,0,1
2967,olson_pnas2021,2022,78.505043,76.354752,79.096338,0,1
2968,olson_pnas2021,2022,85.131767,82.584545,83.720758,1,1
2969,olson_pnas2021,2022,78.940483,78.400270,78.887816,1,1
2970,olson_pnas2021,2022,70.225143,76.237237,77.357928,0,1
2971,olson_pnas2021,2022,82.109955,81.563149,81.692342,0,1
2972,olson_pnas2021,2022,73.904816,76.700764,76.813884,1,1
2973,olson_pnas2021,2022,81.567223,80.662875,81.063259,0,1
2974,olson_pnas2021,2022,75.513489,79.014726,78.933764,0,1
2975,olson_pnas2021,2022,92.395241,89.252374,90.076664,0,1
2976,olson_pnas2021,2022,80.561989,78.753349,79.334561,0,1
2977,olson_pnas2021,2022,87.335571,87.206753,88.062201,1,1
2978,olson_pnas2021,2022,72.145050,77.421958,77.317247,1,1
2979,olson_pnas2021,2022,71.315430,75.756372,76.220062,0,1
2980,olson_pnas2021,2022,79.174545,78.372734,78.423234,0,1
2981,olson_pnas2021,2022,86.765465,80.225792,80.656426,0,1
2982,olson_pnas2021,2022,66.761635,74.812359,75.745130,0,1
2983,olson_pnas2021,2022,80.909035,79.758947,79.801350,0,1
2984,olson_pnas2021,2022,76.027954,77.689576,77.979562,0,1
2985,olson_pnas2021,2022,78.768883,78.211453,78.479630,1,1
2986,olson_pnas2021,2022,72.469170,77.702202,79.492713,0,1
2987,olson_pnas2021,2022,87.187103,84.051097,84.446610,0,1
2988,olson_pnas2021,2022,79.347092,78.732189,79.489345,1,1
2989,olson_pnas2021,2022,81.951797,80.241745,80.956181,0,1
2990,olson_pnas2021,2022,78.525505,77.781221,78.678258,1,1
2991,olson_pnas2021,2022,80.412018,81.819381,82.704110,0,1
2992,olson_pnas2021,2022,80.062309,79.477066,80.232028,0,1
2993,olson_pnas2021,2022,75.527809,78.964205,78.743364,1,1
2994,olson_pnas2021,2022,88.967148,82.600070,83.566944,1,1
2995,olson_pnas2021,2022,71.832077,78.341045,77.654678,1,1
2996,olson_pnas2021,2022,77.008217,78.886404,79.070082,0,1
2997,olson_pnas2021,2022,71.591476,76.207616,76.718216,0,1
2998,olson_pnas2021,2022,84.406715,79.822706,80.928698,1,1
2999,olson_pnas2021,2022,84.028152,79.678930,81.245396,1,1
3000,olson_pnas2021,2022,73.207405,76.248302,77.806227,1,1
3001,olson_pnas2021,2022,85.007370,83.751532,84.513541,1,1
3002,olson_pnas2021,2022,90.962746,85.660508,85.695459,0,1
3003,olson_pnas2021,2022,86.589706,,,0,0
3004,olson_pnas2021,2022,68.589172,81.881942,81.050253,1,1
3005,olson_pnas2021,2022,84.321754,83.900017,85.760153,0,1
3006,olson_pnas2021,2022,76.102036,80.993427,80.462258,1,1
3007,olson_pnas2021,2022,56.009148,74.369588,75.845831,1,1
3008,olson_pnas2021,2022,72.664268,77.093186,77.376683,1,1
3009,olson_pnas2021,2022,76.929893,81.160475,81.722904,1,1
3010,olson_pnas2021,2022,75.994820,77.741981,77.760935,0,1
3011,olson_pnas2021,2022,82.472786,79.241957,80.592907,0,1
3012,olson_pnas2021,2022,73.214272,78.472062,78.292758,0,1
3013,olson_pnas2021,2022,82.963898,82.193293,82.510078,0,1
3014,olson_pnas2021,2022,86.479706,81.895125,82.207118,1,1
3015,olson_pnas2021,2022,81.480515,81.604939,81.464637,0,1
3016,olson_pnas2021,2022,81.194099,87.289290,86.751288,0,1
3017,olson_pnas2021,2022,86.298782,83.771481,84.148901,1,1
3018,olson_pnas2021,2022,56.856316,81.645485,84.692002,0,1
3019,olson_pnas2021,2022,78.686195,79.026945,78.928113,1,1
3020,olson_pnas2021,2022,80.116844,80.075873,80.345254,0,1
3021,olson_pnas2021,2022,66.634865,82.355683,83.141518,0,1
3022,olson_pnas2021,2022,74.036736,78.372500,78.750515,0,1
3023,olson_pnas2021,2022,78.569672,77.233110,79.907333,0,1
3024,olson_pnas2021,2022,72.503159,76.876282,77.395522,0,1
3025,olson_pnas2021,2022,87.558762,86.481810,86.060136,0,1
3026,olson_pnas2021,2022,73.401573,77.380095,77.303744,0,1
3027,olson_pnas2021,2022,83.858696,82.706264,83.630421,0,1
3028,olson_pnas2021,2022,65.567139,73.899292,75.729404,0,1
3029,olson_pnas2021,2022,81.571159,82.136243,82.614166,1,1
3030,olson_pnas2021,2022,81.392845,82.299818,82.302281,1,1
3031,olson_pnas2021,2022,79.673607,81.772445,83.900381,0,1
3032,olson_pnas2021,2022,71.899178,78.708356,78.351304,1,1
3033,olson_pnas2021,2022,72.463692,75.444793,76.008310,1,1
3034,olson_pnas2021,2022,76.555649,78.426523,78.754508,1,1
3035,olson_pnas2021,2022,74.066132,75.875182,76.682121,1,1
3036,olson_pnas2021,2022,78.106163,79.893502,79.603606,1,1
3037,olson_pnas2021,2022,84.918938,79.902058,80.812644,0,1
3038,olson_pnas2021,2022,79.986397,79.089579,79.016612,0,1
3039,olson_pnas2021,2022,86.830536,81.948780,82.716387,0,1
3040,olson_pnas2021,2022,89.025658,85.716740,86.558674,1,1
3041,olson_pnas2021,2022,69.487572,76.299327,78.030585,0,1
3042,olson_pnas2021,2022,68.347260,82.465391,84.830527,1,1
3043,olson_pnas2021,2022,80.047699,90.261817,90.190084,0,1
3044,olson_pnas2021,2022,83.266693,82.590440,81.786862,1,1
3045,olson_pnas2021,2022,72.322388,77.257058,77.015886,0,1
3046,olson_pnas2021,2022,80.257576,78.956621,78.923094,0,1
3047,olson_pnas2021,2022,89.216232,85.310061,86.736067,1,1
3048,olson_pnas2021,2022,69.084694,75.273306,75.249762,0,1
3049,olson_pnas2021,2022,76.715050,78.920428,79.040362,1,1
3050,olson_pnas2021,2022,83.672073,79.714213,80.545866,1,1
3051,olson_pnas2021,2022,83.509430,81.482609,82.884359,0,1
3052,olson_pnas2021,2022,70.551651,77.225904,77.017768,0,1
3053,olson_pnas2021,2022,78.646141,78.385269,79.206956,1,1
3054,olson_pnas2021,2022,77.139442,77.548921,78.548902,1,1
3055,olson_pnas2021,2022,60.822742,76.289548,77.726787,1,1
3056,olson_pnas2021,2022,74.183174,76.606162,77.987920,1,1
3057,olson_pnas2021,2022,80.201843,80.872185,81.973127,1,1
3058,olson_pnas2021,2022,79.517883,78.829060,79.694806,1,1
3059,olson_pnas2021,2022,57.338364,75.097180,75.803794,0,1
3060,olson_pnas2021,2022,81.726234,82.397106,81.253539,0,1
3061,olson_pnas2021,2022,82.738045,79.631297,80.896906,0,1
3062,olson_pnas2021,2022,87.268158,84.219414,84.908510,1,1
3063,olson_pnas2021,2022,26.431433,74.107613,74.076288,1,1
3064,olson_pnas2021,2022,73.048744,75.731895,76.540643,1,1
3065,olson_pnas2021,2022,77.881004,78.186414,79.263009,1,1
3066,olson_pnas2021,2022,82.107475,81.698134,82.058748,0,1
3067,olson_pnas2021,2022,81.011864,82.889748,82.904899,0,1
3068,olson_pnas2021,2022,68.242798,77.222006,77.524979,1,1
3069,olson_pnas2021,2022,74.095139,77.354069,78.684716,1,1
3070,olson_pnas2021,2022,70.435997,75.570238,76.920228,1,1
3071,olson_pnas2021,2022,84.479301,85.815161,84.860871,1,1
3072,olson_pnas2021,2022,62.478985,77.215674,78.069804,0,1
3073,olson_pnas2021,2022,73.415535,77.484926,77.506324,0,1
3074,olson_pnas2021,2022,79.561684,81.529911,81.508492,0,1
3075,olson_pnas2021,2022,77.680809,80.690087,81.587812,0,1
3076,olson_pnas2021,2022,69.344032,74.621823,76.120720,1,1
3077,olson_pnas2021,2022,56.876541,74.350702,74.197407,0,1
3078,olson_pnas2021,2022,67.144218,74.391476,76.005001,1,1
3079,olson_pnas2021,2022,78.391388,79.780053,79.736953,1,1
3080,olson_pnas2021,2022,72.341263,77.440649,78.584803,1,1
3081,olson_pnas2021,2022,78.905731,78.693776,79.590210,1,1
3082,olson_pnas2021,2022,71.768883,81.383467,80.650996,1,1
3083,olson_pnas2021,2022,72.884750,76.655149,77.854524,1,1
3084,olson_pnas2021,2022,82.618210,79.620562,80.040216,1,1
3085,olson_pnas2021,2022,74.056961,76.916920,77.226080,0,1
3086,olson_pnas2021,2022,71.868507,75.680553,76.959593,0,1
3087,olson_pnas2021,2022,76.705261,78.971422,80.468160,1,1
3088,olson_pnas2021,2022,75.221016,79.470383,78.863229,0,1
3089,olson_pnas2021,2022,69.919456,75.539702,77.241666,1,1
3090,olson_pnas2021,2022,81.834862,79.370769,79.476677,1,1
3091,olson_pnas2021,2022,75.477287,77.683872,78.976859,0,1
3092,olson_pnas2021,2022,75.075768,78.177673,78.601539,0,1
3093,olson_pnas2021,2022,63.846924,79.176342,80.249370,1,1
3094,olson_pnas2021,2022,80.902252,78.732984,78.886505,0,1
3095,olson_pnas2021,2022,79.876343,78.475756,79.268259,0,1
3096,olson_pnas2021,2022,89.488464,86.494417,86.891801,1,1
3097,olson_pnas2021,2022,75.181549,77.103068,78.679300,0,1
3098,olson_pnas2021,2022,75.677010,78.362752,78.518118,1,1
3099,olson_pnas2021,2022,84.420654,82.670460,82.078241,1,1
3100,olson_pnas2021,2022,69.825676,75.804961,76.710708,1,1
3101,olson_pnas2021,2022,77.683601,77.067538,78.150148,0,1
3102,olson_pnas2021,2022,82.523209,85.402885,84.936785,0,1
3103,olson_pnas2021,2022,57.435448,74.906495,75.432717,0,1
3104,olson_pnas2021,2022,74.759918,77.373404,79.361784,0,1
3105,olson_pnas2021,2022,80.444817,80.204773,80.002769,1,1
3106,olson_pnas2021,2022,84.636948,82.552420,82.457286,1,1
3107,olson_pnas2021,2022,79.417870,81.345548,81.612149,1,1
3108,olson_pnas2021,2022,76.791992,79.470959,79.971214,1,1
3109,olson_pnas2021,2022,69.258629,76.549666,77.453937,0,1
3110,olson_pnas2021,2022,79.959717,78.368340,78.496112,0,1
3111,olson_pnas2021,2022,54.049141,73.614634,74.081485,1,1
3112,olson_pnas2021,2022,74.426491,83.140078,83.698730,0,1
3113,olson_pnas2021,2022,76.646873,79.103711,79.705477,1,1
3114,olson_pnas2021,2022,72.622406,77.860604,77.819650,1,1
3115,olson_pnas2021,2022,77.246521,80.003560,79.437901,1,1
3116,olson_pnas2021,2022,68.308601,77.293725,78.107678,1,1
3117,olson_pnas2021,2022,72.995499,77.072698,77.900957,0,1
3118,olson_pnas2021,2022,83.311340,82.864611,82.559959,1,1
3119,olson_pnas2021,2022,80.903625,78.390331,79.043001,0,1
3120,olson_pnas2021,2022,81.785324,78.586925,79.645988,1,1
3121,olson_pnas2021,2022,73.113510,77.707432,78.337520,0,1
3122,olson_pnas2021,2022,75.759727,79.441493,80.128183,0,1
3123,olson_pnas2021,2022,53.879883,73.592621,74.078262,0,1
3124,olson_pnas2021,2022,62.049187,75.900903,75.776941,1,1
3125,olson_pnas2021,2022,79.412964,78.320093,78.145853,1,1
3126,olson_pnas2021,2022,73.848335,78.193466,79.533195,1,1
3127,olson_pnas2021,2022,78.194740,79.231534,79.748326,0,1
3128,olson_pnas2021,2022,81.099083,79.254051,79.968626,0,1
3129,olson_pnas2021,2022,87.495819,83.248411,83.325056,0,1
3130,olson_pnas2021,2022,69.987610,75.689979,76.327803,0,1
3131,olson_pnas2021,2022,84.816933,78.809837,79.496318,1,1
3132,olson_pnas2021,2022,83.393143,83.081818,82.732978,0,1
3133,olson_pnas2021,2022,81.497040,80.477544,80.560823,0,1
3134,olson_pnas2021,2022,75.896461,77.891861,78.141749,1,1
3135,olson_pnas2021,2022,81.039902,83.323342,82.908994,0,1
3136,olson_pnas2021,2022,79.734901,80.186493,80.224819,0,1
3137,olson_pnas2021,2022,81.206421,79.865922,80.092802,0,1
3138,olson_pnas2021,2022,85.167870,83.018216,83.465587,0,1
3139,olson_pnas2021,2022,90.107018,84.617275,83.861900,0,1
3140,olson_pnas2021,2022,80.445847,79.633601,79.703655,1,1
3141,olson_pnas2021,2022,79.910919,79.657266,79.536290,0,1
3142,olson_pnas2021,2022,89.381287,88.299217,87.923886,1,1
3143,olson_pnas2021,2022,82.120232,79.973710,79.872322,1,1
3144,olson_pnas2021,2022,78.768250,81.971288,83.435482,0,1
3145,olson_pnas2021,2022,81.434494,80.324762,80.585282,0,1
3146,olson_pnas2021,2022,71.682838,76.446214,76.886171,1,1
3147,olson_pnas2021,2022,74.564453,79.006619,78.713730,1,1
3148,olson_pnas2021,2022,81.013313,82.064082,82.550091,0,1
3149,olson_pnas2021,2022,84.163132,83.721704,83.393656,1,1
3150,olson_pnas2021,2022,74.266541,83.138379,85.341229,1,1
3151,olson_pnas2021,2022,78.221687,80.476786,80.165321,0,1
3152,olson_pnas2021,2022,75.895241,77.224750,77.601420,0,1
3153,olson_pnas2021,2022,74.439651,76.940634,77.100465,0,1
3154,olson_pnas2021,2022,77.574524,79.314658,80.518609,0,1
3155,olson_pnas2021,2022,81.182671,78.073255,77.873385,1,1
3156,olson_pnas2021,2022,79.678467,81.114100,81.603442,1,1
3157,olson_pnas2021,2022,75.690094,80.913059,81.192229,1,1
3158,olson_pnas2021,2022,64.621498,76.518124,76.796451,1,1
3159,olson_pnas2021,2022,72.510231,78.827770,79.054554,1,1
3160,olson_pnas2021,2022,82.946465,80.952426,81.589590,0,1
3161,olson_pnas2021,2022,78.609138,76.594615,77.791269,1,1
3162,olson_pnas2021,2022,70.560326,76.659075,76.276266,1,1
3163,olson_pnas2021,2022,84.793350,82.483683,82.579008,1,1
3164,olson_pnas2021,2022,70.331818,77.174670,77.331660,0,1
3165,olson_pnas2021,2022,81.118462,83.019763,81.886817,1,1
3166,olson_pnas2021,2022,82.301712,82.117820,82.375342,1,1
3167,olson_pnas2021,2022,91.581520,86.723791,86.869172,1,1
3168,olson_pnas2021,2022,66.463806,79.658470,80.414244,1,1
3169,olson_pnas2021,2022,77.270935,77.139404,77.666410,1,1
3170,olson_pnas2021,2022,84.839577,83.232127,83.321813,0,1
3171,olson_pnas2021,2022,76.349136,79.020146,79.348277,0,1
3172,olson_pnas2021,2022,84.016457,80.614481,81.406157,0,1
3173,olson_pnas2021,2022,81.336067,79.988111,80.725342,1,1
3174,olson_pnas2021,2022,73.831017,76.636539,78.007565,0,1
3175,olson_pnas2021,2022,84.750656,81.922404,82.166145,0,1
3176,olson_pnas2021,2022,75.778404,78.345932,78.634758,0,1
3177,olson_pnas2021,2022,70.927208,78.024750,79.939188,1,1
3178,olson_pnas2021,2022,82.168648,79.963429,82.032336,1,1
3179,olson_pnas2021,2022,86.724922,84.901514,85.588039,1,1
3180,olson_pnas2021,2022,75.464874,79.327291,79.235251,1,1
3181,olson_pnas2021,2022,80.313713,85.020450,84.960651,1,1
3182,olson_pnas2021,2022,71.444046,75.740733,76.129712,1,1
3183,olson_pnas2021,2022,80.599609,84.050488,83.143753,0,1
3184,olson_pnas2021,2022,69.997314,75.883085,76.840758,0,1
3185,olson_pnas2021,2022,77.281868,78.448920,78.855688,0,1
3186,olson_pnas2021,2022,76.514854,77.788624,77.912987,0,1
3187,olson_pnas2021,2022,80.212364,82.032989,82.009035,0,1
3188,olson_pnas2021,2022,72.565910,77.546857,77.672457,1,1
3189,olson_pnas2021,2022,73.477676,79.352341,78.815697,0,1
3190,olson_pnas2021,2022,74.606514,77.363040,78.181675,0,1
3191,olson_pnas2021,2022,80.514046,78.976662,79.300206,1,1
3192,olson_pnas2021,2022,74.921295,78.858125,79.478484,1,1
3193,olson_pnas2021,2022,72.700256,77.496635,77.312203,1,1
3194,olson_pnas2021,2022,69.798447,76.587504,77.051949,0,1
3195,olson_pnas2021,2022,75.993614,78.684952,78.227243,0,1
3196,olson_pnas2021,2022,85.260117,80.129567,81.329786,1,1
3197,olson_pnas2021,2022,73.947777,77.147818,78.696415,1,1
3198,olson_pnas2021,2022,73.925331,77.732287,77.510342,1,1
3199,olson_pnas2021,2022,80.482933,78.843708,80.172489,0,1
3200,olson_pnas2021,2022,67.496414,74.623994,75.032859,1,1
3201,olson_pnas2021,2022,77.239403,78.131848,78.336767,1,1
3202,olson_pnas2021,2022,69.785088,76.384536,76.550666,1,1
3203,olson_pnas2021,2022,67.706039,76.499082,78.277076,0,1
3204,olson_pnas2021,2022,75.152641,77.838114,78.078555,1,1
3205,olson_pnas2021,2022,70.987823,77.286285,77.477984,0,1
3206,olson_pnas2021,2022,78.575447,79.442807,79.747534,0,1
3207,olson_pnas2021,2022,86.922020,77.498153,77.817928,0,1
3208,olson_pnas2021,2022,82.655525,82.995412,84.671249,0,1
3209,olson_pnas2021,2022,80.897949,79.693165,79.938696,1,1
3210,olson_pnas2021,2022,76.843307,79.293476,78.241628,0,1
3211,olson_pnas2021,2022,82.010811,81.250814,81.938750,1,1
3212,olson_pnas2021,2022,75.182785,78.255639,79.029159,0,1
3213,olson_pnas2021,2022,83.312134,79.789173,79.844770,1,1
3214,olson_pnas2021,2022,83.779160,79.491500,78.961800,1,1
3215,olson_pnas2021,2022,73.091682,76.945337,77.232162,0,1
3216,olson_pnas2021,2022,71.769699,77.791346,77.791682,0,1
3217,olson_pnas2021,2022,80.715820,80.905990,81.247988,0,1
3218,olson_pnas2021,2022,75.639412,76.746428,77.879644,0,1
3219,olson_pnas2021,2022,76.903831,77.594484,78.341295,1,1
3220,olson_pnas2021,2022,76.611816,78.030653,78.587366,0,1
3221,olson_pnas2021,2022,66.670357,77.604733,77.858914,1,1
3222,olson_pnas2021,2022,73.145454,79.910929,78.929060,0,1
3223,olson_pnas2021,2022,78.134674,78.771734,79.147507,1,1
3224,olson_pnas2021,2022,84.244743,82.602547,82.728741,1,1
3225,olson_pnas2021,2022,81.410172,80.326160,80.388199,1,1
3226,olson_pnas2021,2022,72.148590,76.653395,77.199943,0,1
3227,olson_pnas2021,2022,78.951042,78.637266,80.442123,1,1
3228,olson_pnas2021,2022,84.909592,83.031910,82.823121,1,1
3229,olson_pnas2021,2022,74.951347,77.864692,78.060858,0,1
3230,olson_pnas2021,2022,82.405037,79.896038,80.804522,1,1
3231,olson_pnas2021,2022,78.600952,77.954663,79.578529,0,1
3232,olson_pnas2021,2022,80.104034,78.622206,78.902813,0,1
3233,olson_pnas2021,2022,85.292732,,,0,0
3234,olson_pnas2021,2022,80.551773,81.750943,81.405465,0,1
3235,olson_pnas2021,2022,80.160507,80.563670,81.405540,0,1
3236,olson_pnas2021,2022,72.177856,77.716664,78.420091,0,1
3237,olson_pnas2021,2022,78.512917,82.986412,84.070411,0,1
3238,olson_pnas2021,2022,70.040024,74.930110,75.748484,1,1
3239,olson_pnas2021,2022,80.296135,78.780854,78.992435,1,1
3240,olson_pnas2021,2022,80.355995,78.759870,79.096965,0,1
3241,olson_pnas2021,2022,79.330406,82.745154,82.734320,1,1
3242,olson_pnas2021,2022,72.555901,76.942268,77.589985,0,1
3243,olson_pnas2021,2022,78.870880,79.336591,79.547698,1,1
3244,olson_pnas2021,2022,50.133038,74.624150,75.289217,0,1
3245,olson_pnas2021,2022,78.507195,79.456218,80.825391,0,1
3246,olson_pnas2021,2022,81.091148,80.003667,80.574382,1,1
3247,olson_pnas2021,2022,71.596748,79.954982,79.964075,0,1
3248,olson_pnas2021,2022,87.669846,82.994305,83.581115,0,1
3249,olson_pnas2021,2022,74.602745,78.231372,77.895605,1,1
3250,olson_pnas2021,2022,78.639969,78.561271,79.141206,0,1
3251,olson_pnas2021,2022,75.455063,78.048957,78.331964,1,1
3252,olson_pnas2021,2022,86.043564,83.020824,82.912177,0,1
3253,olson_pnas2021,2022,73.170876,77.457260,77.432510,1,1
3254,olson_pnas2021,2022,83.956177,80.707860,81.145541,0,1
3255,olson_pnas2021,2022,78.653160,79.758000,79.385771,1,1
3256,olson_pnas2021,2022,80.326370,79.925593,79.925443,1,1
3257,olson_pnas2021,2022,63.354637,75.204593,77.856429,0,1
3258,olson_pnas2021,2022,74.407562,77.430253,78.644022,0,1
3259,olson_pnas2021,2022,74.415192,77.459959,77.432962,0,1
3260,olson_pnas2021,2022,77.679115,78.838094,79.118378,1,1
3261,olson_pnas2021,2022,70.708824,77.141575,76.411146,1,1
3262,olson_pnas2021,2022,82.048698,80.791291,80.728674,0,1
3263,olson_pnas2021,2022,68.698647,76.718532,76.518136,0,1
3264,olson_pnas2021,2022,77.929260,82.816903,83.184632,1,1
3265,olson_pnas2021,2022,74.969711,78.554314,77.904340,1,1
3266,olson_pnas2021,2022,85.455978,81.212558,81.780204,1,1
3267,olson_pnas2021,2022,79.511330,79.591342,79.546240,1,1
3268,olson_pnas2021,2022,83.072693,83.721173,84.278392,1,1
3269,olson_pnas2021,2022,73.266121,79.607414,79.504927,1,1
3270,olson_pnas2021,2022,81.048462,82.607755,82.906041,0,1
3271,olson_pnas2021,2022,75.690529,78.564768,78.575766,0,1
3272,olson_pnas2021,2022,74.046501,77.530542,77.657497,0,1
3273,olson_pnas2021,2022,77.690140,77.844947,78.510121,1,1
3274,olson_pnas2021,2022,77.290489,80.485588,81.191699,1,1
3275,olson_pnas2021,2022,73.163185,77.112680,77.510592,0,1
3276,olson_pnas2021,2022,76.365265,78.371128,78.198438,1,1
3277,olson_pnas2021,2022,77.332703,78.413855,78.474812,1,1
3278,olson_pnas2021,2022,88.376266,82.985372,83.096956,1,1
3279,olson_pnas2021,2022,77.742714,78.244602,79.039784,1,1
3280,olson_pnas2021,2022,72.227394,75.846468,77.238460,0,1
3281,olson_pnas2021,2022,76.252380,78.980391,80.260318,0,1
3282,olson_pnas2021,2022,84.415924,81.583127,81.178441,1,1
3283,olson_pnas2021,2022,78.021881,78.368205,78.653476,0,1
3284,olson_pnas2021,2022,76.581291,77.608203,77.441379,1,1
3285,olson_pnas2021,2022,87.530151,82.514571,82.437035,1,1
3286,olson_pnas2021,2022,91.705254,87.311210,87.660575,1,1
3287,olson_pnas2021,2022,75.706909,77.514867,77.930187,0,1
3288,olson_pnas2021,2022,73.998055,79.055489,78.849790,1,1
3289,olson_pnas2021,2022,79.748192,81.096135,80.373729,0,1
3290,olson_pnas2021,2022,80.459366,79.788862,80.220786,1,1
3291,olson_pnas2021,2022,79.370621,79.007633,80.165067,1,1
3292,olson_pnas2021,2022,64.116737,78.080419,79.810914,0,1
3293,olson_pnas2021,2022,71.408340,76.917645,78.262835,0,1
3294,olson_pnas2021,2022,74.112206,79.793956,80.435229,1,1
3295,olson_pnas2021,2022,75.066628,76.704875,77.302905,1,1
3296,olson_pnas2021,2022,78.917328,81.210794,81.634005,1,1
3297,olson_pnas2021,2022,78.694824,78.771974,79.644767,0,1
3298,olson_pnas2021,2022,80.857277,80.392408,80.163017,0,1
3299,olson_pnas2021,2022,87.584755,84.306360,84.222197,1,1
3300,olson_pnas2021,2022,77.632767,78.031601,78.743751,1,1
3301,olson_pnas2021,2022,72.001106,77.192808,78.345511,0,1
3302,olson_pnas2021,2022,73.658897,75.653075,77.280292,1,1
3303,olson_pnas2021,2022,78.202766,78.106125,78.288071,0,1
3304,olson_pnas2021,2022,74.070198,78.269226,78.450049,1,1
3305,olson_pnas2021,2022,71.068878,78.113216,77.819559,0,1
3306,olson_pnas2021,2022,77.536896,81.370809,81.191116,0,1
3307,olson_pnas2021,2022,91.480812,86.563641,87.225047,0,1
3308,olson_pnas2021,2022,78.224792,78.210808,79.504407,0,1
3309,olson_pnas2021,2022,75.003433,77.711204,77.682044,1,1
3310,olson_pnas2021,2022,79.937553,80.182298,80.714067,0,1
3311,olson_pnas2021,2022,69.914436,76.835019,76.795362,1,1
3312,olson_pnas2021,2022,85.358345,82.676193,83.320256,0,1
3313,olson_pnas2021,2022,60.394794,75.475864,76.109767,1,1
3314,olson_pnas2021,2022,74.695847,78.489354,78.528629,1,1
3315,olson_pnas2021,2022,87.845596,83.731603,84.390297,1,1
3316,olson_pnas2021,2022,72.820885,75.316837,76.747960,1,1
3317,olson_pnas2021,2022,75.962898,79.192920,79.220828,1,1
3318,olson_pnas2021,2022,73.804451,78.104857,77.693641,0,1
3319,olson_pnas2021,2022,77.401665,78.930727,79.312479,1,1
3320,olson_pnas2021,2022,83.331345,81.780324,81.779271,1,1
3321,olson_pnas2021,2022,81.923576,80.853240,81.258311,0,1
3322,olson_pnas2021,2022,80.246269,79.101221,78.754876,1,1
3323,olson_pnas2021,2022,70.648888,75.196378,76.370451,1,1
3324,olson_pnas2021,2022,74.795578,77.202863,79.043644,1,1
3325,olson_pnas2021,2022,70.644333,76.722151,77.041074,1,1
3326,olson_pnas2021,2022,67.776695,75.547709,76.839434,1,1
3327,olson_pnas2021,2022,77.255684,78.384220,78.712763,0,1
3328,olson_pnas2021,2022,90.777084,84.069302,83.959201,0,1
3329,olson_pnas2021,2022,80.574432,78.566744,78.918108,0,1
3330,olson_pnas2021,2022,82.734970,83.390424,83.213127,1,1
3331,olson_pnas2021,2022,75.340927,75.613904,77.131996,1,1
3332,olson_pnas2021,2022,67.986862,82.266804,82.281738,0,1
3333,olson_pnas2021,2022,82.178238,81.515680,81.708579,1,1
3334,olson_pnas2021,2022,71.940765,80.751667,80.628758,1,1
3335,olson_pnas2021,2022,84.129234,,,0,0
3336,olson_pnas2021,2022,72.880020,79.050213,78.875608,1,1
3337,olson_pnas2021,2022,74.788391,77.742495,78.033923,1,1
3338,olson_pnas2021,2022,79.001633,78.669649,79.508567,0,1
3339,olson_pnas2021,2022,84.331200,80.728548,80.787065,0,1
3340,olson_pnas2021,2022,71.980545,79.344976,79.155013,1,1
3341,olson_pnas2021,2022,75.576385,76.047670,76.553058,0,1
3342,olson_pnas2021,2022,72.610107,81.244372,81.815664,0,1
3343,olson_pnas2021,2022,74.685158,76.736086,77.318326,0,1
3344,olson_pnas2021,2022,77.351204,77.986356,78.470344,0,1
3345,olson_pnas2021,2022,89.970299,84.396647,85.498005,1,1
3346,olson_pnas2021,2022,66.613861,76.236277,78.650264,1,1
3347,olson_pnas2021,2022,76.204163,79.563110,80.228619,0,1
3348,olson_pnas2021,2022,72.054955,75.856922,77.177899,0,1
3349,olson_pnas2021,2022,81.570038,81.838319,82.223366,1,1
3350,olson_pnas2021,2022,79.822090,78.635476,79.614861,1,1
3351,olson_pnas2021,2022,76.159737,77.534341,77.819941,1,1
3352,olson_pnas2021,2022,79.703560,81.128095,80.647748,1,1
3353,olson_pnas2021,2022,84.489769,83.190717,82.529752,1,1
3354,olson_pnas2021,2022,74.032448,75.939926,77.147776,0,1
3355,olson_pnas2021,2022,80.704269,82.219271,81.805546,0,1
3356,olson_pnas2021,2022,71.239456,77.409195,77.623081,0,1
3357,olson_pnas2021,2022,68.884399,75.886515,76.745319,0,1
3358,olson_pnas2021,2022,75.152794,77.325996,77.595382,1,1
3359,olson_pnas2021,2022,78.561974,78.391463,78.865272,1,1
3360,olson_pnas2021,2022,80.933937,81.310841,81.932120,0,1
3361,olson_pnas2021,2022,57.844627,77.235255,78.793197,0,1
3362,olson_pnas2021,2022,71.591011,76.986999,78.316516,0,1
3363,olson_pnas2021,2022,87.563965,82.166333,83.236008,1,1
3364,olson_pnas2021,2022,78.225723,80.388510,80.486026,1,1
3365,olson_pnas2021,2022,79.312950,78.483691,79.158908,1,1
3366,olson_pnas2021,2022,68.097450,75.940089,75.974398,0,1
3367,olson_pnas2021,2022,66.280991,74.474460,76.176377,0,1
3368,olson_pnas2021,2022,79.496971,79.262745,79.446302,1,1
3369,olson_pnas2021,2022,86.742630,83.219187,83.420983,0,1
3370,olson_pnas2021,2022,73.534271,78.014458,78.539407,1,1
3371,olson_pnas2021,2022,81.059509,79.617543,81.384444,0,1
3372,olson_pnas2021,2022,82.251633,79.315724,80.437832,0,1
3373,olson_pnas2021,2022,82.389709,83.041793,82.784088,1,1
3374,olson_pnas2021,2022,89.979034,83.375730,83.803873,0,1
3375,olson_pnas2021,2022,82.110489,81.330507,81.901493,1,1
3376,olson_pnas2021,2022,83.484856,80.010745,81.127493,0,1
3377,olson_pnas2021,2022,79.018036,79.841320,81.439437,1,1
3378,olson_pnas2021,2022,85.791626,82.790125,83.035823,0,1
3379,olson_pnas2021,2022,79.970642,78.681293,80.296932,1,1
3380,olson_pnas2021,2022,81.670502,79.836375,80.045497,1,1
3381,olson_pnas2021,2022,84.366158,80.134710,81.602128,1,1
3382,olson_pnas2021,2022,73.678444,76.906497,76.794381,0,1
3383,olson_pnas2021,2022,82.762337,84.320018,83.602564,0,1
3384,olson_pnas2021,2022,70.746017,79.189127,78.946943,0,1
3385,olson_pnas2021,2022,68.946167,78.302464,78.178264,1,1
3386,olson_pnas2021,2022,85.593193,86.487319,86.665913,0,1
3387,olson_pnas2021,2022,71.080429,75.951923,76.933376,0,1
3388,olson_pnas2021,2022,82.577240,79.395429,80.301102,0,1
3389,olson_pnas2021,2022,74.847015,77.790047,78.144046,1,1
3390,olson_pnas2021,2022,88.938812,84.720434,85.078709,1,1
3391,olson_pnas2021,2022,79.695076,81.415301,80.574896,0,1
3392,olson_pnas2021,2022,83.585098,81.857380,81.900569,0,1
3393,olson_pnas2021,2022,65.699974,77.503149,78.652378,1,1
3394,olson_pnas2021,2022,75.828926,77.590477,78.154987,0,1
3395,olson_pnas2021,2022,88.371613,82.526047,82.486582,1,1
3396,olson_pnas2021,2022,86.286583,89.642722,89.643883,1,1
3397,olson_pnas2021,2022,76.112762,77.875639,78.371962,0,1
3398,olson_pnas2021,2022,77.879890,77.690590,77.856682,1,1
3399,olson_pnas2021,2022,85.440742,81.380900,81.686478,0,1
3400,olson_pnas2021,2022,85.565659,81.427956,82.085176,0,1
3401,olson_pnas2021,2022,82.029999,78.351355,78.503972,1,1
3402,olson_pnas2021,2022,76.843361,77.321743,77.902796,1,1
3403,olson_pnas2021,2022,78.790977,80.103961,80.436740,1,1
3404,olson_pnas2021,2022,75.741402,78.110058,78.748003,1,1
3405,olson_pnas2021,2022,77.790176,82.337643,83.209339,0,1
3406,olson_pnas2021,2022,73.599709,77.990866,77.618643,0,1
3407,olson_pnas2021,2022,74.039955,78.313373,78.130599,0,1
3408,olson_pnas2021,2022,72.673073,75.357006,76.815914,0,1
3409,olson_pnas2021,2022,76.353058,78.353904,78.865460,1,1
3410,olson_pnas2021,2022,75.597694,77.439280,77.043395,1,1
3411,olson_pnas2021,2022,77.344864,78.991371,79.312910,1,1
3412,olson_pnas2021,2022,77.904732,78.851526,79.106429,0,1
3413,olson_pnas2021,2022,72.407059,77.513956,77.580629,0,1
3414,olson_pnas2021,2022,67.366692,76.564273,76.236657,0,1
3415,olson_pnas2021,2022,78.405334,79.326041,79.761219,1,1
3416,olson_pnas2021,2022,81.495621,79.389428,80.244257,1,1
3417,olson_pnas2021,2022,84.058174,81.296755,81.451672,0,1
3418,olson_pnas2021,2022,77.482460,78.168637,78.891765,0,1
3419,olson_pnas2021,2022,81.152534,79.350421,79.121923,1,1
3420,olson_pnas2021,2022,75.053864,77.630027,77.315465,0,1
3421,olson_pnas2021,2022,75.038704,77.299302,77.638356,1,1
3422,olson_pnas2021,2022,79.990944,79.457183,79.926483,1,1
3423,olson_pnas2021,2022,84.958527,82.091058,82.910003,0,1
3424,olson_pnas2021,2022,87.381294,88.067013,87.700434,0,1
3425,olson_pnas2021,2022,73.161819,76.936654,77.356292,0,1
3426,olson_pnas2021,2022,86.920395,82.443986,82.800637,1,1
3427,olson_pnas2021,2022,82.441872,80.582681,80.828558,0,1
3428,olson_pnas2021,2022,81.365631,82.345630,81.691353,1,1
3429,olson_pnas2021,2022,82.815361,81.922885,82.007919,0,1
3430,olson_pnas2021,2022,79.210953,79.551686,79.241636,0,1
3431,olson_pnas2021,2022,84.231285,81.936969,81.672330,0,1
3432,olson_pnas2021,2022,78.623840,80.887882,80.311821,0,1
3433,olson_pnas2021,2022,85.832558,83.958964,83.659386,1,1
3434,olson_pnas2021,2022,74.924011,79.253358,78.752940,0,1
3435,olson_pnas2021,2022,77.583107,76.384084,77.950444,0,1
3436,olson_pnas2021,2022,79.459290,78.554734,78.416595,0,1
3437,olson_pnas2021,2022,77.159737,78.760371,80.064260,0,1
3438,olson_pnas2021,2022,78.149117,76.765458,78.892607,0,1
3439,olson_pnas2021,2022,73.817032,77.325391,78.516237,0,1
3440,olson_pnas2021,2022,75.408691,78.889141,79.644772,1,1
3441,olson_pnas2021,2022,76.568550,79.671247,81.089273,0,1
3442,olson_pnas2021,2022,76.242432,76.400405,77.783794,1,1
3443,olson_pnas2021,2022,86.914093,84.097615,83.547968,1,1
3444,olson_pnas2021,2022,69.849380,77.374960,77.176742,1,1
3445,olson_pnas2021,2022,83.002754,80.303565,81.293911,1,1
3446,olson_pnas2021,2022,80.288345,79.404344,79.701229,0,1
3447,olson_pnas2021,2022,80.673012,82.065907,82.104850,1,1
3448,olson_pnas2021,2022,84.092674,84.426820,85.474482,1,1
3449,olson_pnas2021,2022,69.302544,80.773090,81.422689,1,1
3450,olson_pnas2021,2022,81.548485,80.404733,81.171718,0,1
3451,olson_pnas2021,2022,80.681351,79.451664,80.080063,0,1
3452,olson_pnas2021,2022,81.590050,80.266633,80.504650,0,1
3453,olson_pnas2021,2022,76.693901,79.881679,79.818908,1,1
3454,olson_pnas2021,2022,86.388573,81.868891,82.546736,0,1
3455,olson_pnas2021,2022,79.919937,79.655205,80.170703,1,1
3456,olson_pnas2021,2022,76.527908,80.534584,80.548007,0,1
3457,olson_pnas2021,2022,79.660645,78.577899,78.984442,1,1
3458,olson_pnas2021,2022,80.615166,82.769487,82.686208,1,1
3459,olson_pnas2021,2022,86.717880,82.993080,83.101605,0,1
3460,olson_pnas2021,2022,66.203484,85.482681,84.467939,0,1
3461,olson_pnas2021,2022,81.073814,81.286436,81.618067,1,1
3462,olson_pnas2021,2022,76.343399,78.727126,79.800452,0,1
3463,olson_pnas2021,2022,78.555534,80.600471,80.207452,0,1
3464,olson_pnas2021,2022,72.562965,76.902493,77.570753,1,1
3465,olson_pnas2021,2022,80.040947,81.422086,80.763451,1,1
3466,olson_pnas2021,2022,69.297928,78.225903,78.738938,0,1
3467,olson_pnas2021,2022,82.517853,86.024145,86.330444,1,1
3468,olson_pnas2021,2022,81.535896,81.486291,81.303823,1,1
3469,olson_pnas2021,2022,74.764565,76.095348,77.739765,1,1
3470,olson_pnas2021,2022,75.944321,79.609591,79.352153,0,1
3471,olson_pnas2021,2022,79.120445,78.825181,79.186261,0,1
3472,olson_pnas2021,2022,73.701775,77.694924,77.075637,0,1
3473,olson_pnas2021,2022,74.501122,76.281107,76.508799,0,1
3474,olson_pnas2021,2022,82.790009,80.111575,80.113649,1,1
3475,olson_pnas2021,2022,73.393105,77.767133,78.213134,1,1
3476,olson_pnas2021,2022,86.391670,82.595025,83.311787,1,1
3477,olson_pnas2021,2022,90.881332,85.194785,86.344476,0,1
3478,olson_pnas2021,2022,78.889069,78.458770,78.972329,0,1
3479,olson_pnas2021,2022,72.752747,75.694766,76.002131,0,1
3480,olson_pnas2021,2022,84.493675,81.455159,81.861941,1,1
3481,olson_pnas2021,2022,74.774887,77.746448,77.726619,1,1
3482,olson_pnas2021,2022,80.972031,82.519226,82.894639,0,1
3483,olson_pnas2021,2022,85.031143,81.451211,81.553191,0,1
3484,olson_pnas2021,2022,79.197571,79.574442,79.992017,0,1
3485,olson_pnas2021,2022,82.936371,80.836282,81.889724,1,1
3486,olson_pnas2021,2022,77.732277,77.576576,78.359829,0,1
3487,olson_pnas2021,2022,83.217514,80.780859,81.324410,0,1
3488,olson_pnas2021,2022,77.676407,77.670839,77.892082,0,1
3489,olson_pnas2021,2022,78.213242,77.163539,77.982681,0,1
3490,olson_pnas2021,2022,73.611198,80.889152,82.292698,0,1
3491,olson_pnas2021,2022,71.424332,81.135016,82.311906,1,1
3492,olson_pnas2021,2022,79.851860,79.032464,79.432021,0,1
3493,olson_pnas2021,2022,83.266518,78.909076,80.547513,1,1
3494,olson_pnas2021,2022,86.084450,82.496947,82.783265,1,1
3495,olson_pnas2021,2022,75.803391,79.479505,79.270501,1,1
3496,olson_pnas2021,2022,83.258720,83.521692,82.979119,0,1
3497,olson_pnas2021,2022,73.347351,77.935524,78.706880,0,1
3498,olson_pnas2021,2022,80.752411,81.253845,82.996250,1,1
3499,olson_pnas2021,2022,71.952744,75.287296,76.698681,0,1
3500,olson_pnas2021,2022,77.101791,79.875456,79.844691,1,1
3501,olson_pnas2021,2022,90.330330,91.320124,91.539863,1,1
3502,olson_pnas2021,2022,73.925446,77.585564,77.639050,1,1
3503,olson_pnas2021,2022,76.467255,78.227371,78.757013,0,1
3504,olson_pnas2021,2022,72.068855,77.787561,78.056983,0,1
3505,olson_pnas2021,2022,62.082619,79.765211,82.246110,1,1
3506,olson_pnas2021,2022,69.155861,75.781655,75.244385,0,1
3507,olson_pnas2021,2022,88.051048,83.452098,84.041776,1,1
3508,olson_pnas2021,2022,83.345901,82.109181,82.202262,1,1
3509,olson_pnas2021,2022,89.677322,88.096194,89.032146,1,1
3510,olson_pnas2021,2022,81.487808,81.124642,80.682084,1,1
3511,olson_pnas2021,2022,74.695702,79.124776,79.509949,0,1
3512,olson_pnas2021,2022,76.553070,77.617538,78.079123,0,1
3513,olson_pnas2021,2022,73.785149,76.484509,77.149564,0,1
3514,olson_pnas2021,2022,77.553459,79.488481,78.849530,0,1
3515,olson_pnas2021,2022,76.529404,78.385985,78.677200,1,1
3516,olson_pnas2021,2022,80.617973,79.957859,81.915695,0,1
3517,olson_pnas2021,2022,78.806908,79.546519,79.903510,0,1
3518,olson_pnas2021,2022,83.432770,80.870186,81.648250,1,1
3519,olson_pnas2021,2022,74.968803,76.726849,77.121105,0,1
3520,olson_pnas2021,2022,80.336044,79.674204,79.385569,1,1
3521,olson_pnas2021,2022,72.549820,76.210426,76.633229,0,1
3522,olson_pnas2021,2022,78.595024,78.619126,78.508051,1,1
3523,olson_pnas2021,2022,76.881546,79.471330,79.708357,0,1
3524,olson_pnas2021,2022,80.926964,79.269706,79.817258,0,1
3525,olson_pnas2021,2022,72.527626,78.296152,78.492483,1,1
3526,olson_pnas2021,2022,80.566841,78.383862,80.211841,1,1
3527,olson_pnas2021,2022,81.621933,79.480876,79.593495,1,1
3528,olson_pnas2021,2022,73.166206,76.166268,77.261366,1,1
3529,olson_pnas2021,2022,87.757805,86.718670,87.180420,0,1
3530,olson_pnas2021,2022,62.979485,74.474266,74.977733,0,1
3531,olson_pnas2021,2022,82.745728,81.005459,80.977660,0,1
3532,olson_pnas2021,2022,75.556755,76.976097,77.990175,0,1
3533,olson_pnas2021,2022,76.444435,80.190956,79.690995,0,1
3534,olson_pnas2021,2022,74.703133,78.922693,78.725013,0,1
3535,olson_pnas2021,2022,65.422821,78.103548,78.388300,0,1
3536,olson_pnas2021,2022,84.975761,82.309631,83.818367,0,1
3537,olson_pnas2021,2022,71.799294,76.133013,76.262585,0,1
3538,olson_pnas2021,2022,73.825691,76.020953,77.655096,1,1
3539,olson_pnas2021,2022,85.293495,77.392524,77.946781,1,1
3540,olson_pnas2021,2022,72.733055,78.284520,79.635872,1,1
3541,olson_pnas2021,2022,79.490173,78.022833,79.199857,1,1
3542,olson_pnas2021,2022,72.238800,75.726482,76.113378,0,1
3543,olson_pnas2021,2022,78.048241,82.863602,81.715478,1,1
3544,olson_pnas2021,2022,77.753395,77.452754,78.036144,1,1
3545,olson_pnas2021,2022,60.844601,78.525716,78.541367,1,1
3546,olson_pnas2021,2022,74.036209,76.789304,76.799415,0,1
3547,olson_pnas2021,2022,85.871902,82.419797,82.589948,1,1
3548,olson_pnas2021,2022,71.633377,80.269648,82.938807,0,1
3549,olson_pnas2021,2022,77.555832,81.834386,82.449768,0,1
3550,olson_pnas2021,2022,86.626389,82.044375,81.930134,1,1
3551,olson_pnas2021,2022,74.637497,77.237971,77.667877,0,1
3552,olson_pnas2021,2022,73.218521,80.369236,80.501938,1,1
3553,olson_pnas2021,2022,76.995918,79.799671,79.052655,1,1
3554,olson_pnas2021,2022,84.562668,,,0,0
3555,olson_pnas2021,2022,74.944809,78.215344,77.599644,1,1
3556,olson_pnas2021,2022,77.086517,77.961651,78.848754,1,1
3557,olson_pnas2021,2022,88.225189,82.764141,83.037283,0,1
3558,olson_pnas2021,2022,76.995628,77.944239,79.999491,1,1
3559,olson_pnas2021,2022,83.283249,82.153616,81.685147,0,1
3560,olson_pnas2021,2022,78.350845,82.552995,83.156124,1,1
3561,olson_pnas2021,2022,86.388344,82.059851,81.959907,0,1
3562,olson_pnas2021,2022,83.078491,80.250318,82.049751,0,1
3563,olson_pnas2021,2022,75.155846,76.977849,77.318961,1,1
3564,olson_pnas2021,2022,80.992004,81.229934,80.616090,1,1
3565,olson_pnas2021,2022,84.633636,81.358744,81.639350,1,1
3566,olson_pnas2021,2022,73.583000,78.269653,78.046967,1,1
3567,olson_pnas2021,2022,71.491882,78.031202,78.994498,1,1
3568,olson_pnas2021,2022,71.694580,77.511806,77.793866,0,1
3569,olson_pnas2021,2022,72.577522,75.973887,76.807940,1,1
3570,olson_pnas2021,2022,69.171730,76.763116,77.383415,1,1
3571,olson_pnas2021,2022,79.594437,80.052407,80.943950,0,1
3572,olson_pnas2021,2022,79.409065,77.661088,79.381786,1,1
3573,olson_pnas2021,2022,74.829948,77.116172,77.776320,0,1
3574,olson_pnas2021,2022,77.702698,79.688647,80.017463,0,1
3575,olson_pnas2021,2022,79.020210,77.740973,78.264771,1,1
3576,olson_pnas2021,2022,86.792076,86.040188,86.331758,0,1
3577,olson_pnas2021,2022,79.332336,79.061040,79.262538,1,1
3578,olson_pnas2021,2022,55.858940,74.513639,75.163328,1,1
3579,olson_pnas2021,2022,78.568871,78.799571,79.612193,0,1
3580,olson_pnas2021,2022,75.274834,78.177439,78.005946,1,1
3581,olson_pnas2021,2022,93.225143,87.607457,88.189280,0,1
3582,olson_pnas2021,2022,77.877846,77.817195,78.672048,1,1
3583,olson_pnas2021,2022,70.522102,77.246006,77.217326,0,1
3584,olson_pnas2021,2022,85.391670,83.053503,82.825213,0,1
3585,olson_pnas2021,2022,80.306419,78.843385,79.214789,0,1
3586,olson_pnas2021,2022,79.918495,76.329321,77.166576,1,1
3587,olson_pnas2021,2022,82.301224,81.819544,81.850384,0,1
3588,olson_pnas2021,2022,84.460793,83.545764,83.906845,0,1
3589,olson_pnas2021,2022,74.720795,79.506209,79.198399,1,1
3590,olson_pnas2021,2022,85.028046,80.222268,81.829480,1,1
3591,olson_pnas2021,2022,80.071030,79.565737,80.084695,0,1
3592,olson_pnas2021,2022,90.351074,84.637379,85.138348,1,1
3593,olson_pnas2021,2022,79.060081,78.788460,80.039529,1,1
3594,olson_pnas2021,2022,72.379562,77.671609,77.328763,1,1
3595,olson_pnas2021,2022,82.016357,79.359539,79.964979,0,1
3596,olson_pnas2021,2022,79.668167,80.312742,80.699651,1,1
3597,olson_pnas2021,2022,89.528069,85.396973,85.543154,0,1
3598,olson_pnas2021,2022,84.140541,80.382929,81.712531,1,1
3599,olson_pnas2021,2022,53.761719,84.344853,84.262482,1,1
3600,olson_pnas2021,2022,83.563164,80.473247,80.160266,1,1
3601,olson_pnas2021,2022,70.951180,77.023177,76.702729,0,1
3602,olson_pnas2021,2022,78.170135,77.689864,78.031999,1,1
3603,olson_pnas2021,2022,71.545639,78.325688,78.411818,0,1
3604,olson_pnas2021,2022,80.714050,77.492376,78.950830,0,1
3605,olson_pnas2021,2022,73.893852,76.401734,76.489402,1,1
3606,olson_pnas2021,2022,77.664345,76.432214,78.403255,0,1
3607,olson_pnas2021,2022,84.151047,82.769046,83.032664,0,1
3608,olson_pnas2021,2022,85.743645,83.431293,84.249380,1,1
3609,olson_pnas2021,2022,88.424889,81.195272,81.568359,0,1
3610,olson_pnas2021,2022,92.024010,87.886441,88.240864,1,1
3611,olson_pnas2021,2022,70.366013,75.095138,76.047737,1,1
3612,olson_pnas2021,2022,78.263954,77.072178,78.268164,1,1
3613,olson_pnas2021,2022,84.235558,81.734207,82.346812,1,1
3614,olson_pnas2021,2022,76.252487,79.052895,80.497714,1,1
3615,olson_pnas2021,2022,74.747643,79.745575,78.750431,1,1
3616,olson_pnas2021,2022,80.472633,85.672335,86.516813,0,1
3617,olson_pnas2021,2022,85.589203,80.083379,80.977227,1,1
3618,olson_pnas2021,2022,87.744507,80.607449,82.211178,0,1
3619,olson_pnas2021,2022,77.811897,76.467376,77.930982,1,1
3620,olson_pnas2021,2022,67.856064,76.471927,76.915744,1,1
3621,olson_pnas2021,2022,81.371429,80.196674,80.372703,0,1
3622,olson_pnas2021,2022,79.701027,79.175014,78.924716,1,1
3623,olson_pnas2021,2022,75.915649,77.440735,77.488547,0,1
3624,olson_pnas2021,2022,79.643806,83.153965,83.207704,1,1
3625,olson_pnas2021,2022,73.967621,76.469723,77.636849,0,1
3626,olson_pnas2021,2022,77.160553,79.045412,79.297865,1,1
3627,olson_pnas2021,2022,59.044861,77.278426,78.161101,1,1
3628,olson_pnas2021,2022,79.359955,79.194729,79.020278,1,1
3629,olson_pnas2021,2022,81.413841,78.776347,80.743132,1,1
3630,olson_pnas2021,2022,90.241241,84.441300,85.296986,1,1
3631,olson_pnas2021,2022,78.365845,78.660182,79.762322,0,1
3632,olson_pnas2021,2022,75.537155,78.473285,78.931230,0,1
3633,olson_pnas2021,2022,80.771736,77.792956,78.811475,0,1
3634,olson_pnas2021,2022,62.858803,77.331722,78.801534,1,1
3635,olson_pnas2021,2022,69.972496,74.525129,75.143879,1,1
3636,olson_pnas2021,2022,82.363686,82.121187,82.666904,0,1
3637,olson_pnas2021,2022,75.570206,78.659505,78.262487,1,1
3638,olson_pnas2021,2022,67.616913,75.172118,75.567141,1,1
3639,olson_pnas2021,2022,78.776169,79.494407,79.374863,1,1
3640,olson_pnas2021,2022,81.407875,81.642118,82.686462,0,1
3641,olson_pnas2021,2022,86.191818,81.639126,81.697471,0,1
3642,olson_pnas2021,2022,72.114548,77.413520,77.057001,1,1
3643,olson_pnas2021,2022,85.697174,81.648505,81.294766,1,1
3644,olson_pnas2021,2022,78.276726,80.239825,80.176669,0,1
3645,olson_pnas2021,2022,76.525238,78.803255,78.286081,0,1
3646,olson_pnas2021,2022,71.406776,75.438883,76.459193,0,1
3647,olson_pnas2021,2022,76.935104,76.408414,77.797841,1,1
3648,olson_pnas2021,2022,83.725929,80.059103,80.955736,0,1
3649,olson_pnas2021,2022,73.835503,78.645006,78.447616,0,1
3650,olson_pnas2021,2022,80.624245,78.850963,80.096648,1,1
3651,olson_pnas2021,2022,76.333328,77.430432,77.529132,1,1
3652,olson_pnas2021,2022,72.619392,78.522811,79.177895,1,1
3653,olson_pnas2021,2022,77.271187,78.690617,79.306992,1,1
3654,olson_pnas2021,2022,71.662849,75.518039,76.583413,0,1
3655,olson_pnas2021,2022,75.742615,77.741059,77.708702,1,1
3656,olson_pnas2021,2022,84.893623,81.626402,81.802830,1,1
3657,olson_pnas2021,2022,89.071640,80.570505,81.433910,0,1
3658,olson_pnas2021,2022,78.117058,79.085343,79.504510,0,1
3659,olson_pnas2021,2022,88.960281,,,0,0
3660,olson_pnas2021,2022,80.755547,82.722534,82.001689,1,1
3661,olson_pnas2021,2022,86.055946,83.010886,84.563509,0,1
3662,olson_pnas2021,2022,80.792442,80.918101,81.026279,0,1
3663,olson_pnas2021,2022,78.650803,77.502230,78.107598,0,1
3664,olson_pnas2021,2022,81.459579,79.083692,79.052278,1,1
3665,olson_pnas2021,2022,87.965233,92.095573,92.394464,0,1
3666,olson_pnas2021,2022,71.065155,75.543453,76.293205,1,1
3667,olson_pnas2021,2022,81.516335,81.276812,81.017433,1,1
3668,olson_pnas2021,2022,89.064720,84.898953,84.924867,0,1
3669,olson_pnas2021,2022,76.202705,79.681693,79.683146,0,1
3670,olson_pnas2021,2022,80.608719,79.678578,79.379539,1,1
3671,olson_pnas2021,2022,83.432533,79.751400,81.420499,1,1
3672,olson_pnas2021,2022,90.485298,86.882311,86.407498,0,1
3673,olson_pnas2021,2022,86.899292,83.730919,83.919803,1,1
3674,olson_pnas2021,2022,85.082352,94.743182,95.132366,0,1
3675,olson_pnas2021,2022,76.006416,77.521339,77.699897,0,1
3676,olson_pnas2021,2022,86.959122,81.675879,82.657227,0,1
3677,olson_pnas2021,2022,75.059082,76.528664,77.756939,1,1
3678,olson_pnas2021,2022,78.942505,80.349112,80.256851,1,1
3679,olson_pnas2021,2022,82.818893,79.950408,80.370531,0,1
3680,olson_pnas2021,2022,82.760201,80.390427,80.273032,1,1
3681,olson_pnas2021,2022,81.578445,79.385036,81.964866,0,1
3682,olson_pnas2021,2022,78.433945,81.725959,81.277588,1,1
3683,olson_pnas2021,2022,78.121094,76.584764,78.700929,0,1
3684,olson_pnas2021,2022,66.392090,79.121405,80.673397,0,1
3685,olson_pnas2021,2022,83.496651,81.145965,81.124013,0,1
3686,olson_pnas2021,2022,78.998283,80.238417,80.034649,1,1
3687,olson_pnas2021,2022,91.749886,82.251305,84.060180,1,1
3688,olson_pnas2021,2022,57.788223,76.292224,76.500714,1,1
3689,olson_pnas2021,2022,71.174850,76.624575,76.741647,0,1
3690,olson_pnas2021,2022,73.758530,81.772472,80.899171,1,1
3691,olson_pnas2021,2022,80.433434,79.351118,80.018461,0,1
3692,olson_pnas2021,2022,64.572594,75.022978,77.354105,1,1
3693,olson_pnas2021,2022,71.656105,77.123840,77.015700,0,1
3694,olson_pnas2021,2022,73.807648,76.825483,77.179760,1,1
3695,olson_pnas2021,2022,76.799240,76.736380,77.287040,1,1
3696,olson_pnas2021,2022,79.054161,82.950435,82.520120,0,1
3697,olson_pnas2021,2022,75.149368,78.708675,78.553832,1,1
3698,olson_pnas2021,2022,91.996834,88.098233,88.860336,0,1
3699,olson_pnas2021,2022,84.658798,81.831520,81.986519,0,1
3700,olson_pnas2021,2022,90.564713,87.334840,87.086631,0,1
3701,olson_pnas2021,2022,24.655823,73.782541,73.955685,1,1
3702,olson_pnas2021,2022,77.450302,79.177145,79.562696,1,1
3703,olson_pnas2021,2022,85.220299,81.857014,83.122498,0,1
3704,olson_pnas2021,2022,82.695892,79.828381,80.448142,0,1
3705,olson_pnas2021,2022,91.773514,86.153195,86.457600,0,1
3706,olson_pnas2021,2022,71.556122,76.386840,77.049952,1,1
3707,olson_pnas2021,2022,78.828468,79.227335,79.213772,1,1
3708,olson_pnas2021,2022,82.581749,80.373348,80.395412,1,1
3709,olson_pnas2021,2022,75.802933,78.643422,78.731286,0,1
3710,olson_pnas2021,2022,71.187866,76.086344,77.169392,0,1
3711,olson_pnas2021,2022,74.691841,80.331758,80.775228,0,1
3712,olson_pnas2021,2022,63.181198,76.635084,76.288708,0,1
3713,olson_pnas2021,2022,75.548988,78.737087,79.262138,0,1
3714,olson_pnas2021,2022,85.172585,81.768434,83.492070,0,1
3715,olson_pnas2021,2022,86.291817,81.364134,81.393219,0,1
3716,olson_pnas2021,2022,81.689865,81.001524,81.190737,0,1
3717,olson_pnas2021,2022,84.460312,82.382171,82.163475,0,1
3718,olson_pnas2021,2022,73.665588,76.475356,76.778082,0,1
3719,olson_pnas2021,2022,81.239937,80.765733,80.464899,0,1
3720,olson_pnas2021,2022,73.840149,78.707376,78.697311,0,1
3721,olson_pnas2021,2022,83.503311,79.697876,80.802091,1,1
3722,olson_pnas2021,2022,84.708946,82.863555,82.227971,1,1
3723,olson_pnas2021,2022,87.260788,83.069042,83.419314,0,1
3724,olson_pnas2021,2022,77.133575,78.770555,79.251510,1,1
3725,olson_pnas2021,2022,56.999004,74.677882,76.053211,0,1
3726,olson_pnas2021,2022,80.352417,83.010287,82.699779,0,1
3727,olson_pnas2021,2022,79.582932,80.260447,79.750914,1,1
3728,olson_pnas2021,2022,71.231598,81.441349,81.819915,1,1
3729,olson_pnas2021,2022,86.111435,83.384287,83.724778,1,1
3730,olson_pnas2021,2022,81.455597,78.911405,80.073031,1,1
3731,olson_pnas2021,2022,73.837105,78.815125,79.547364,1,1
3732,olson_pnas2021,2022,69.707436,75.949294,76.604436,1,1
3733,olson_pnas2021,2022,77.390640,80.028950,80.165547,1,1
3734,olson_pnas2021,2022,70.375771,81.835306,81.408320,0,1
3735,olson_pnas2021,2022,76.871696,78.435548,78.104846,1,1
3736,olson_pnas2021,2022,78.967247,79.942814,80.139837,0,1
3737,olson_pnas2021,2022,82.333405,79.210402,79.660495,0,1
3738,olson_pnas2021,2022,76.943497,78.062806,78.512503,1,1
3739,olson_pnas2021,2022,72.039032,77.892678,78.137236,1,1
3740,olson_pnas2021,2022,81.894127,80.387061,81.854676,0,1
3741,olson_pnas2021,2022,77.291534,79.640746,80.009821,1,1
3742,olson_pnas2021,2022,71.513863,74.676625,75.599656,0,1
3743,olson_pnas2021,2022,83.257057,79.539924,79.776071,1,1
3744,olson_pnas2021,2022,76.975876,75.407971,78.007008,0,1
3745,olson_pnas2021,2022,77.653313,77.958954,78.137134,0,1
3746,olson_pnas2021,2022,81.105301,80.617163,81.048921,1,1
3747,olson_pnas2021,2022,71.728882,75.881502,76.457990,0,1
3748,olson_pnas2021,2022,65.432388,83.080202,83.061294,1,1
3749,olson_pnas2021,2022,82.747093,79.673140,80.736413,1,1
3750,olson_pnas2021,2022,81.159630,80.581563,82.497057,0,1
3751,olson_pnas2021,2022,70.296982,76.902041,77.938807,0,1
3752,olson_pnas2021,2022,79.529869,80.572819,81.615491,1,1
3753,olson_pnas2021,2022,81.192085,79.955288,80.516035,1,1
3754,olson_pnas2021,2022,82.707664,82.805853,82.764850,1,1
3755,olson_pnas2021,2022,78.801933,77.588537,78.750034,1,1
3756,olson_pnas2021,2022,76.068611,79.206398,80.241885,0,1
3757,olson_pnas2021,2022,79.626671,79.731129,79.943934,1,1
3758,olson_pnas2021,2022,72.578400,75.668218,77.385494,1,1
3759,olson_pnas2021,2022,84.323349,82.248995,82.239803,1,1
3760,olson_pnas2021,2022,72.731224,79.402751,78.594573,1,1
3761,olson_pnas2021,2022,75.721962,82.451754,82.599343,1,1
3762,olson_pnas2021,2022,81.601784,82.220184,82.212824,1,1
3763,olson_pnas2021,2022,68.958733,76.639339,76.512813,0,1
3764,olson_pnas2021,2022,82.665031,79.653077,80.486494,0,1
3765,olson_pnas2021,2022,73.532959,76.501139,76.543439,0,1
3766,olson_pnas2021,2022,77.169106,79.485800,80.374973,0,1
3767,olson_pnas2021,2022,86.165306,82.422475,82.681790,1,1
3768,olson_pnas2021,2022,76.214668,79.462880,79.689308,1,1
3769,olson_pnas2021,2022,85.980972,83.310275,83.546929,1,1
3770,olson_pnas2021,2022,82.896851,78.903384,78.819064,0,1
3771,olson_pnas2021,2022,82.197472,80.187560,79.776968,0,1
3772,olson_pnas2021,2022,71.863434,78.849469,78.916787,0,1
3773,olson_pnas2021,2022,79.736855,80.241474,79.748257,0,1
3774,olson_pnas2021,2022,82.921562,79.830922,80.353484,0,1
3775,olson_pnas2021,2022,58.899204,75.510199,75.774786,1,1
3776,olson_pnas2021,2022,80.780556,79.982488,79.621503,0,1
3777,olson_pnas2021,2022,74.454918,78.329112,77.683841,1,1
3778,olson_pnas2021,2022,79.525139,79.610763,80.402363,1,1
3779,olson_pnas2021,2022,70.865753,75.106830,75.893003,1,1
3780,olson_pnas2021,2022,77.521561,81.327681,81.134028,1,1
3781,olson_pnas2021,2022,76.686943,80.640132,79.759597,1,1
3782,olson_pnas2021,2022,87.140671,84.170805,83.819792,0,1
3783,olson_pnas2021,2022,75.422295,79.808069,79.545355,1,1
3784,olson_pnas2021,2022,76.455116,78.075732,78.266783,0,1
3785,olson_pnas2021,2022,79.031876,78.993803,79.656629,0,1
3786,olson_pnas2021,2022,76.945908,78.344359,79.015470,0,1
3787,olson_pnas2021,2022,66.718605,77.041037,76.927880,1,1
3788,olson_pnas2021,2022,79.610321,78.902935,80.708309,1,1
3789,olson_pnas2021,2022,85.852242,81.494530,82.725175,1,1
3790,olson_pnas2021,2022,86.030182,,,0,0
3791,olson_pnas2021,2022,82.953087,,,0,0
3792,olson_pnas2021,2022,67.034164,77.249879,78.735159,0,1
3793,olson_pnas2021,2022,72.321045,76.937447,77.708437,0,1
3794,olson_pnas2021,2022,70.747009,80.815658,83.028498,1,1
3795,olson_pnas2021,2022,77.788200,79.843627,79.605587,0,1
3796,olson_pnas2021,2022,67.100105,77.118872,77.965945,0,1
3797,olson_pnas2021,2022,85.346954,79.963142,81.114219,0,1
3798,olson_pnas2021,2022,78.817886,78.741432,79.740078,1,1
3799,olson_pnas2021,2022,79.932243,79.541726,79.681063,1,1
3800,olson_pnas2021,2022,64.240852,75.286836,76.028790,1,1
3801,olson_pnas2021,2022,80.498398,79.581033,80.432313,1,1
3802,olson_pnas2021,2022,86.315674,83.699123,83.719754,0,1
3803,olson_pnas2021,2022,72.202469,79.588181,78.613431,0,1
3804,olson_pnas2021,2022,71.960594,77.312085,76.842950,1,1
3805,olson_pnas2021,2022,75.750496,78.047000,78.492666,1,1
3806,olson_pnas2021,2022,75.552322,80.102720,80.094750,1,1
3807,olson_pnas2021,2022,74.707954,77.020936,76.854813,0,1
3808,olson_pnas2021,2022,77.942795,78.357172,80.042337,0,1
3809,olson_pnas2021,2022,91.653725,88.032228,88.451443,1,1
3810,olson_pnas2021,2022,86.646065,83.320891,83.674291,0,1
3811,olson_pnas2021,2022,86.581566,82.350847,83.296105,0,1
3812,olson_pnas2021,2022,89.443161,85.622735,85.866578,0,1
3813,olson_pnas2021,2022,69.190529,75.423848,75.155758,1,1
3814,olson_pnas2021,2022,79.844528,79.142203,79.086938,0,1
3815,olson_pnas2021,2022,69.322311,75.852666,77.313789,1,1
3816,olson_pnas2021,2022,81.233719,81.073716,80.589061,0,1
3817,olson_pnas2021,2022,81.248077,80.274114,80.251824,0,1
3818,olson_pnas2021,2022,83.967712,79.149705,80.466656,0,1
3819,olson_pnas2021,2022,75.119621,78.293929,78.048281,1,1
3820,olson_pnas2021,2022,76.288116,77.257692,77.408272,0,1
3821,olson_pnas2021,2022,83.682854,81.113040,81.740974,0,1
3822,olson_pnas2021,2022,79.546806,82.021685,81.623358,0,1
3823,olson_pnas2021,2022,81.346268,79.831265,80.779788,1,1
3824,olson_pnas2021,2022,89.677795,83.120251,84.764429,0,1
3825,olson_pnas2021,2022,72.977249,77.752227,77.360071,1,1
3826,olson_pnas2021,2022,78.149727,78.311298,79.392748,0,1
3827,olson_pnas2021,2022,77.224312,81.005535,81.575360,1,1
3828,olson_pnas2021,2022,88.646713,78.610238,80.346520,0,1
3829,olson_pnas2021,2022,74.400887,76.180695,76.805389,0,1
3830,olson_pnas2021,2022,79.883987,78.672660,79.785779,0,1
3831,olson_pnas2021,2022,86.677704,82.058915,81.963430,0,1
3832,olson_pnas2021,2022,74.636566,78.632666,78.391897,1,1
3833,olson_pnas2021,2022,81.339752,81.813470,81.070413,1,1
3834,olson_pnas2021,2022,76.294228,76.865532,77.450224,1,1
3835,olson_pnas2021,2022,80.508713,79.870651,80.513387,1,1
3836,olson_pnas2021,2022,81.088478,79.764456,80.634758,1,1
3837,olson_pnas2021,2022,85.413712,82.630002,83.200559,1,1
3838,olson_pnas2021,2022,73.527229,76.097234,78.714492,1,1
3839,olson_pnas2021,2022,81.694862,80.260667,81.121739,1,1
3840,olson_pnas2021,2022,50.774460,77.311644,80.325776,0,1
3841,olson_pnas2021,2022,77.849648,78.952689,78.444011,1,1
3842,olson_pnas2021,2022,77.312332,78.253000,78.162152,0,1
3843,olson_pnas2021,2022,77.308929,76.940190,78.263834,0,1
3844,olson_pnas2021,2022,83.783058,79.442664,80.672594,0,1
3845,olson_pnas2021,2022,77.431137,77.205675,78.919775,0,1
3846,olson_pnas2021,2022,88.347954,85.320399,85.751324,0,1
3847,olson_pnas2021,2022,84.843338,81.961000,82.059780,0,1
3848,olson_pnas2021,2022,81.303825,81.215938,81.046941,1,1
3849,olson_pnas2021,2022,68.488266,82.643799,82.013819,1,1
3850,olson_pnas2021,2022,87.873718,80.047498,82.682445,1,1
3851,olson_pnas2021,2022,82.334221,82.884450,83.897657,0,1
3852,olson_pnas2021,2022,75.349632,84.030434,83.524056,1,1
3853,olson_pnas2021,2022,79.778877,80.246722,80.820835,1,1
3854,olson_pnas2021,2022,75.722099,77.360676,77.793160,0,1
3855,olson_pnas2021,2022,84.239754,80.949049,80.837393,1,1
3856,olson_pnas2021,2022,79.687798,81.065117,81.717673,0,1
3857,olson_pnas2021,2022,82.677490,80.863619,81.526889,1,1
3858,olson_pnas2021,2022,78.994469,83.697983,83.414572,0,1
3859,olson_pnas2021,2022,78.624138,77.044473,78.784897,0,1
3860,olson_pnas2021,2022,77.840462,78.139002,78.091372,1,1
3861,olson_pnas2021,2022,82.697502,80.387843,81.368970,1,1
3862,olson_pnas2021,2022,75.691841,77.615315,78.928530,0,1
3863,olson_pnas2021,2022,69.057411,78.202959,79.720516,0,1
3864,olson_pnas2021,2022,76.395363,77.254564,77.556752,1,1
3865,olson_pnas2021,2022,75.633171,77.819027,78.580625,1,1
3866,olson_pnas2021,2022,89.189926,84.440030,84.156401,0,1
3867,olson_pnas2021,2022,85.787460,80.983958,81.981634,0,1
3868,olson_pnas2021,2022,74.221642,77.210223,77.004207,1,1
3869,olson_pnas2021,2022,84.550438,84.792311,86.176281,1,1
3870,olson_pnas2021,2022,85.166122,80.383197,80.820917,0,1
3871,olson_pnas2021,2022,66.695091,76.086030,76.776202,0,1
3872,olson_pnas2021,2022,79.686371,79.449860,80.092202,0,1
3873,olson_pnas2021,2022,80.366676,78.636123,79.589769,1,1
3874,olson_pnas2021,2022,89.233521,82.223991,83.505716,1,1
3875,olson_pnas2021,2022,74.091087,79.232554,79.419100,0,1
3876,olson_pnas2021,2022,78.146988,80.993635,80.477001,1,1
3877,olson_pnas2021,2022,75.188431,76.865569,77.562265,0,1
3878,olson_pnas2021,2022,86.980042,85.327960,85.480693,0,1
3879,olson_pnas2021,2022,76.004494,78.484182,79.162220,1,1
3880,olson_pnas2021,2022,77.908997,79.571904,80.020042,0,1
3881,olson_pnas2021,2022,81.996101,81.946644,82.490360,0,1
3882,olson_pnas2021,2022,69.086800,78.043004,77.503749,0,1
3883,olson_pnas2021,2022,68.594955,79.111103,80.353319,0,1
3884,olson_pnas2021,2022,87.748444,84.842584,85.986916,1,1
3885,olson_pnas2021,2022,77.086067,78.343316,78.122738,0,1
3886,olson_pnas2021,2022,83.716202,80.163681,80.720236,1,1
3887,olson_pnas2021,2022,77.400192,79.152139,79.469001,0,1
3888,olson_pnas2021,2022,79.440063,78.919852,78.805335,1,1
3889,olson_pnas2021,2022,88.554382,86.439243,86.631051,0,1
3890,olson_pnas2021,2022,84.488533,82.926866,82.931721,0,1
3891,olson_pnas2021,2022,78.463242,78.176971,78.645373,0,1
3892,olson_pnas2021,2022,83.379799,81.551101,82.488626,0,1
3893,olson_pnas2021,2022,86.406952,85.945785,86.698455,0,1
3894,olson_pnas2021,2022,80.384285,80.273785,79.562736,1,1
3895,olson_pnas2021,2022,78.796814,79.495277,80.178620,1,1
3896,olson_pnas2021,2022,85.353592,79.701562,81.040960,0,1
3897,olson_pnas2021,2022,80.095772,80.131367,81.295274,0,1
3898,olson_pnas2021,2022,88.809219,86.009960,87.030241,1,1
3899,olson_pnas2021,2022,86.047333,83.928420,84.387946,0,1
3900,olson_pnas2021,2022,82.397308,80.491595,81.566582,1,1
3901,olson_pnas2021,2022,73.831924,78.993040,78.303994,0,1
3902,olson_pnas2021,2022,70.511665,75.877382,76.050819,1,1
3903,olson_pnas2021,2022,74.318710,78.058048,78.351479,1,1
3904,olson_pnas2021,2022,75.919891,77.448935,77.639711,1,1
3905,olson_pnas2021,2022,79.201599,80.487863,80.278139,1,1
3906,olson_pnas2021,2022,89.027596,83.416086,83.605285,1,1
3907,olson_pnas2021,2022,79.021797,78.435351,79.465827,1,1
3908,olson_pnas2021,2022,78.798294,77.147547,78.975386,0,1
3909,olson_pnas2021,2022,83.788368,80.559594,81.135346,1,1
3910,olson_pnas2021,2022,75.165871,81.479156,80.391271,1,1
3911,olson_pnas2021,2022,76.107834,78.065844,78.182798,0,1
3912,olson_pnas2021,2022,90.603691,94.547930,95.954154,0,1
3913,olson_pnas2021,2022,87.546318,81.451318,82.820407,1,1
3914,olson_pnas2021,2022,81.563309,79.663260,79.695563,1,1
3915,olson_pnas2021,2022,74.109627,78.588445,78.431526,0,1
3916,olson_pnas2021,2022,75.228516,76.726263,77.036521,0,1
3917,olson_pnas2021,2022,75.654175,77.507741,77.709061,1,1
3918,olson_pnas2021,2022,70.098259,78.804254,78.338306,1,1
3919,olson_pnas2021,2022,78.537987,76.513032,77.030157,1,1
3920,olson_pnas2021,2022,70.381966,74.922313,75.981174,1,1
3921,olson_pnas2021,2022,65.803185,76.349495,77.765958,1,1
3922,olson_pnas2021,2022,75.942955,77.230028,77.459663,1,1
3923,olson_pnas2021,2022,76.483292,78.503025,78.461175,1,1
3924,olson_pnas2021,2022,67.210762,80.202109,81.525844,0,1
3925,olson_pnas2021,2022,76.196480,80.221670,79.838501,0,1
3926,olson_pnas2021,2022,79.234924,82.429172,81.722012,0,1
3927,olson_pnas2021,2022,89.737038,87.615243,89.093619,0,1
3928,olson_pnas2021,2022,76.514000,77.510176,77.605777,0,1
3929,olson_pnas2021,2022,73.465088,77.000339,76.862949,0,1
3930,olson_pnas2021,2022,62.720257,77.769284,78.092170,0,1
3931,olson_pnas2021,2022,76.797394,78.697839,78.406672,0,1
3932,olson_pnas2021,2022,73.439316,79.560520,79.396623,1,1
3933,olson_pnas2021,2022,72.816376,77.519856,77.371866,0,1
3934,olson_pnas2021,2022,82.951042,80.305302,81.462656,1,1
3935,olson_pnas2021,2022,74.523201,77.645038,77.243505,1,1
3936,olson_pnas2021,2022,84.832779,80.906677,80.750744,1,1
3937,olson_pnas2021,2022,69.860672,79.948050,79.055037,1,1
3938,olson_pnas2021,2022,73.496284,75.696168,76.469427,0,1
3939,olson_pnas2021,2022,87.480270,85.891262,85.451466,0,1
3940,olson_pnas2021,2022,73.941841,78.675880,78.784723,0,1
3941,olson_pnas2021,2022,82.046982,80.417778,81.050783,1,1
3942,olson_pnas2021,2022,78.316582,77.425102,79.310640,1,1
3943,olson_pnas2021,2022,73.418434,79.481507,80.471961,1,1
3944,olson_pnas2021,2022,82.681046,81.641772,81.180644,1,1
3945,olson_pnas2021,2022,82.066315,80.024695,80.246859,0,1
3946,olson_pnas2021,2022,88.491112,85.710765,86.263948,0,1
3947,olson_pnas2021,2022,81.453476,82.524541,83.297445,1,1
3948,olson_pnas2021,2022,73.829826,78.278903,78.382338,1,1
3949,olson_pnas2021,2022,77.715210,77.484443,78.686135,1,1
3950,olson_pnas2021,2022,69.987961,75.371855,76.765446,0,1
3951,olson_pnas2021,2022,66.866722,76.761148,77.356072,0,1
3952,olson_pnas2021,2022,80.035957,81.081894,81.962204,0,1
3953,olson_pnas2021,2022,80.662392,80.155121,79.576178,0,1
3954,olson_pnas2021,2022,72.984459,76.803300,77.762228,1,1
3955,olson_pnas2021,2022,74.283279,79.296229,78.664056,1,1
3956,olson_pnas2021,2022,84.267853,80.942301,81.312881,1,1
3957,olson_pnas2021,2022,68.188263,76.222121,77.962446,0,1
3958,olson_pnas2021,2022,73.293510,77.463583,76.870683,0,1
3959,olson_pnas2021,2022,78.556946,78.896528,78.799142,0,1
3960,olson_pnas2021,2022,76.565536,77.573885,78.031515,0,1
3961,olson_pnas2021,2022,88.624046,83.622122,84.448765,0,1
3962,olson_pnas2021,2022,69.318756,76.305093,76.456093,0,1
3963,olson_pnas2021,2022,84.644302,81.486347,82.100550,0,1
3964,olson_pnas2021,2022,72.924919,77.799346,78.913683,0,1
3965,olson_pnas2021,2022,80.645599,80.332851,80.807868,1,1
3966,olson_pnas2021,2022,73.731842,77.152136,77.673452,0,1
3967,olson_pnas2021,2022,73.182854,76.178535,76.454589,0,1
3968,olson_pnas2021,2022,75.192574,77.511321,78.322122,0,1
3969,olson_pnas2021,2022,89.515320,82.314567,83.732170,0,1
3970,olson_pnas2021,2022,80.803749,79.756943,79.837594,1,1
3971,olson_pnas2021,2022,73.673248,77.413299,76.937605,1,1
3972,olson_pnas2021,2022,80.137909,79.815268,79.657742,0,1
3973,olson_pnas2021,2022,67.416489,73.600466,76.224772,1,1
3974,olson_pnas2021,2022,77.900902,79.070118,80.175437,0,1
3975,olson_pnas2021,2022,91.415894,88.366349,88.294093,0,1
3976,olson_pnas2021,2022,71.633041,75.773203,77.064681,0,1
3977,olson_pnas2021,2022,85.793266,82.702291,82.951609,0,1
3978,olson_pnas2021,2022,63.842846,74.137756,76.304585,0,1
3979,olson_pnas2021,2022,77.240318,78.548548,78.646689,1,1
3980,olson_pnas2021,2022,79.785622,81.313842,81.662128,0,1
3981,olson_pnas2021,2022,65.186676,79.613100,81.117718,0,1
3982,olson_pnas2021,2022,81.151680,82.251532,83.312220,1,1
3983,olson_pnas2021,2022,86.735107,84.306386,86.327218,1,1
3984,olson_pnas2021,2022,75.973732,80.096728,80.334875,1,1
3985,olson_pnas2021,2022,80.508842,79.842767,79.490750,0,1
3986,olson_pnas2021,2022,58.325737,76.845059,76.548291,0,1
3987,olson_pnas2021,2022,77.256493,77.363506,77.553061,1,1
3988,olson_pnas2021,2022,83.302811,80.215780,81.091278,1,1
3989,olson_pnas2021,2022,82.668549,80.214731,81.668247,1,1
3990,olson_pnas2021,2022,74.898979,77.963269,79.201305,1,1
3991,olson_pnas2021,2022,80.579147,79.457641,79.017611,0,1
3992,olson_pnas2021,2022,75.371216,79.362224,79.258059,1,1
3993,olson_pnas2021,2022,74.990097,76.839221,77.078634,1,1
3994,olson_pnas2021,2022,75.803497,76.715103,77.307204,1,1
3995,olson_pnas2021,2022,74.027489,77.433714,77.554535,0,1
3996,olson_pnas2021,2022,82.021553,81.806840,81.764627,0,1
3997,olson_pnas2021,2022,78.948906,80.319478,79.565390,0,1
3998,olson_pnas2021,2022,77.383385,78.539896,79.420563,1,1
3999,olson_pnas2021,2022,78.802216,77.789422,78.345191,1,1
4000,olson_pnas2021,2022,73.264336,77.535964,76.840837,0,1
4001,olson_pnas2021,2022,75.129021,79.911554,80.269160,1,1
4002,olson_pnas2021,2022,87.177101,82.557902,83.770740,0,1
4003,olson_pnas2021,2022,86.583359,81.359793,82.104499,1,1
4004,olson_pnas2021,2022,83.962662,81.118583,81.099458,1,1
4005,olson_pnas2021,2022,75.685188,80.365236,79.872743,0,1
4006,olson_pnas2021,2022,75.873428,77.349318,77.802954,0,1
4007,olson_pnas2021,2022,75.381828,77.384988,77.936190,0,1
4008,olson_pnas2021,2022,72.553726,76.884965,77.295131,1,1
4009,olson_pnas2021,2022,78.585609,80.398857,82.320031,0,1
4010,olson_pnas2021,2022,88.156563,82.946896,83.510933,1,1
4011,olson_pnas2021,2022,81.860107,79.465418,79.745180,0,1
4012,olson_pnas2021,2022,75.514786,77.919493,78.457311,1,1
4013,olson_pnas2021,2022,86.086563,81.981192,81.268843,0,1
4014,olson_pnas2021,2022,71.534302,76.353770,76.794896,1,1
4015,olson_pnas2021,2022,78.218719,79.538644,80.090214,0,1
4016,olson_pnas2021,2022,79.144005,77.824304,78.351418,0,1
4017,olson_pnas2021,2022,85.693977,,,0,0
4018,olson_pnas2021,2022,78.665382,79.623361,79.757136,1,1
4019,olson_pnas2021,2022,71.006592,77.919643,77.101386,1,1
4020,olson_pnas2021,2022,87.580559,85.671911,87.413726,1,1
4021,olson_pnas2021,2022,86.883385,81.909473,81.991821,1,1
4022,olson_pnas2021,2022,75.855621,78.612936,79.969773,1,1
4023,olson_pnas2021,2022,74.546837,78.392728,78.273116,0,1
4024,olson_pnas2021,2022,79.486656,79.490975,80.307434,1,1
4025,olson_pnas2021,2022,70.525505,80.739426,80.298268,0,1
4026,olson_pnas2021,2022,79.557884,82.378066,81.853049,0,1
4027,olson_pnas2021,2022,71.165779,76.359862,77.703728,1,1
4028,olson_pnas2021,2022,73.071899,75.806887,77.147097,0,1
4029,olson_pnas2021,2022,87.944260,82.653290,83.519231,1,1
4030,olson_pnas2021,2022,76.870621,78.336508,79.592593,1,1
4031,olson_pnas2021,2022,81.604721,80.787501,80.826397,0,1
4032,olson_pnas2021,2022,73.666016,81.364625,81.415344,1,1
4033,olson_pnas2021,2022,74.640434,76.829470,77.540057,0,1
4034,olson_pnas2021,2022,64.519630,77.505839,77.826687,0,1
4035,olson_pnas2021,2022,65.405548,76.977962,77.768514,0,1
4036,olson_pnas2021,2022,78.826294,80.022763,80.114975,1,1
4037,olson_pnas2021,2022,75.676018,77.938472,77.815713,0,1
4038,olson_pnas2021,2022,67.575539,81.708283,81.904700,1,1
4039,olson_pnas2021,2022,78.629303,78.404503,79.771398,0,1
4040,olson_pnas2021,2022,78.670937,79.422810,79.484457,1,1
4041,olson_pnas2021,2022,75.245300,77.600856,77.896572,0,1
4042,olson_pnas2021,2022,77.945015,82.791184,82.571723,1,1
4043,olson_pnas2021,2022,55.204861,76.332870,76.800905,0,1
4044,olson_pnas2021,2022,83.129745,80.968658,81.470882,0,1
4045,olson_pnas2021,2022,76.240524,76.621029,77.655646,1,1
4046,olson_pnas2021,2022,74.103760,78.623476,78.353182,1,1
4047,olson_pnas2021,2022,69.676208,76.919635,76.826501,1,1
4048,olson_pnas2021,2022,81.473610,78.096184,78.629564,0,1
4049,olson_pnas2021,2022,72.471161,79.417075,79.192930,0,1
4050,olson_pnas2021,2022,82.033936,82.709476,82.485842,1,1
4051,olson_pnas2021,2022,80.430809,79.437255,79.324465,1,1
4052,olson_pnas2021,2022,71.307152,77.394346,77.337667,1,1
4053,olson_pnas2021,2022,63.609207,75.862828,76.880081,0,1
4054,olson_pnas2021,2022,89.102463,85.000388,84.980387,1,1
4055,olson_pnas2021,2022,62.565453,77.830968,79.377842,1,1
4056,olson_pnas2021,2022,77.004608,77.901685,78.444515,0,1
4057,olson_pnas2021,2022,71.308182,78.525635,78.302100,0,1
4058,olson_pnas2021,2022,75.244331,76.868598,77.250884,0,1
4059,olson_pnas2021,2022,73.597321,79.187945,80.211846,0,1
4060,olson_pnas2021,2022,77.920677,81.033590,80.327502,1,1
4061,olson_pnas2021,2022,75.267899,78.207622,79.295772,1,1
4062,olson_pnas2021,2022,74.397224,76.428951,77.407466,1,1
4063,olson_pnas2021,2022,82.740196,83.248430,84.520963,1,1
4064,olson_pnas2021,2022,84.832573,81.769980,82.070559,1,1
4065,olson_pnas2021,2022,82.717255,80.860482,81.503650,0,1
4066,olson_pnas2021,2022,70.694305,75.909696,76.211984,0,1
4067,olson_pnas2021,2022,83.051956,81.134812,81.742816,1,1
4068,olson_pnas2021,2022,73.431953,76.738260,76.941642,1,1
4069,olson_pnas2021,2022,78.818855,79.369002,79.948769,1,1
4070,olson_pnas2021,2022,82.086548,78.978956,79.834183,0,1
4071,olson_pnas2021,2022,76.809464,79.219587,80.950146,1,1
4072,olson_pnas2021,2022,77.724281,80.487248,80.591569,1,1
4073,olson_pnas2021,2022,78.140709,79.080386,80.009387,1,1
4074,olson_pnas2021,2022,69.857491,79.290285,79.624027,1,1
4075,olson_pnas2021,2022,80.726952,79.684124,80.410505,0,1
4076,olson_pnas2021,2022,78.458214,78.331110,79.345098,0,1
4077,olson_pnas2021,2022,75.850517,76.709150,77.767341,1,1
4078,olson_pnas2021,2022,81.379280,79.750816,79.389864,1,1
4079,olson_pnas2021,2022,78.722328,77.443845,78.841740,1,1
4080,olson_pnas2021,2022,73.231956,77.129929,78.191917,0,1
4081,olson_pnas2021,2022,79.306999,78.304498,79.088256,0,1
4082,olson_pnas2021,2022,76.887062,78.012608,78.401564,1,1
4083,olson_pnas2021,2022,76.829529,80.135133,79.911509,0,1
4084,olson_pnas2021,2022,87.356033,82.830953,83.179644,0,1
4085,olson_pnas2021,2022,76.636559,79.963125,81.097586,0,1
4086,olson_pnas2021,2022,82.696793,80.780130,81.164212,1,1
4087,olson_pnas2021,2022,75.320671,76.574962,77.043885,0,1
4088,olson_pnas2021,2022,77.348038,77.543193,78.450267,1,1
4089,olson_pnas2021,2022,72.961006,78.991933,78.303333,0,1
4090,olson_pnas2021,2022,83.962997,80.423860,80.474916,0,1
4091,olson_pnas2021,2022,80.746681,78.316467,79.053303,0,1
4092,olson_pnas2021,2022,78.979439,78.019980,77.851630,1,1
4093,olson_pnas2021,2022,77.577431,79.538738,79.453102,1,1
4094,olson_pnas2021,2022,80.578300,77.927291,79.739045,1,1
4095,olson_pnas2021,2022,86.433830,83.071026,83.305402,0,1
4096,olson_pnas2021,2022,74.861214,77.956234,78.669247,1,1
4097,olson_pnas2021,2022,85.854408,81.618414,82.154560,0,1
4098,olson_pnas2021,2022,77.267731,78.276755,79.574985,0,1
4099,olson_pnas2021,2022,76.977074,78.787383,79.145507,0,1
4100,olson_pnas2021,2022,72.636864,79.053770,78.385335,0,1
4101,olson_pnas2021,2022,84.772270,80.481076,82.428245,1,1
4102,olson_pnas2021,2022,77.003197,83.804231,85.119144,1,1
4103,olson_pnas2021,2022,82.471893,80.494535,80.678490,0,1
4104,olson_pnas2021,2022,82.810608,80.948025,80.903136,1,1
4105,olson_pnas2021,2022,73.374001,74.841524,77.193980,1,1
4106,olson_pnas2021,2022,80.428093,79.396255,81.535348,1,1
4107,olson_pnas2021,2022,75.679657,77.737906,77.769778,1,1
4108,olson_pnas2021,2022,74.597603,76.971404,77.235813,0,1
4109,olson_pnas2021,2022,79.703941,78.578328,78.344367,0,1
4110,olson_pnas2021,2022,70.007607,78.139446,77.889624,0,1
4111,olson_pnas2021,2022,84.444443,83.620175,86.735375,1,1
4112,olson_pnas2021,2022,84.920898,85.852429,86.064558,0,1
4113,olson_pnas2021,2022,67.817482,78.384990,78.482580,0,1
4114,olson_pnas2021,2022,84.779358,81.996352,82.194981,0,1
4115,olson_pnas2021,2022,75.775757,78.965222,79.241705,0,1
4116,olson_pnas2021,2022,78.849045,80.742527,80.630569,1,1
4117,olson_pnas2021,2022,82.296768,79.437603,80.591716,1,1
4118,olson_pnas2021,2022,79.641083,79.818312,80.955962,1,1
4119,olson_pnas2021,2022,74.906525,80.471182,80.776157,1,1
4120,olson_pnas2021,2022,80.084129,78.946918,78.831878,0,1
4121,olson_pnas2021,2022,68.085571,78.323308,78.602936,1,1
4122,olson_pnas2021,2022,76.113289,77.925484,78.189711,1,1
4123,olson_pnas2021,2022,86.176918,81.593436,83.436905,1,1
4124,olson_pnas2021,2022,75.705894,79.219355,79.360643,1,1
4125,olson_pnas2021,2022,83.663589,83.517136,83.355005,1,1
4126,olson_pnas2021,2022,79.072556,79.224284,79.260796,1,1
4127,olson_pnas2021,2022,78.419334,79.174722,79.347147,1,1
4128,olson_pnas2021,2022,79.721550,79.469710,79.188777,1,1
4129,olson_pnas2021,2022,67.964645,77.733464,79.091331,0,1
4130,olson_pnas2021,2022,83.599762,80.256945,81.026736,0,1
4131,olson_pnas2021,2022,80.299232,78.680767,79.463028,1,1
4132,olson_pnas2021,2022,75.728958,77.450317,77.704758,0,1
4133,olson_pnas2021,2022,79.153633,77.996539,79.194797,0,1
4134,olson_pnas2021,2022,63.389236,75.269937,76.425125,1,1
4135,olson_pnas2021,2022,69.547028,83.459115,84.352352,1,1
4136,olson_pnas2021,2022,82.690758,80.347493,80.454936,0,1
4137,olson_pnas2021,2022,78.211449,78.498831,78.938191,0,1
4138,olson_pnas2021,2022,87.477806,81.623766,81.983188,1,1
4139,olson_pnas2021,2022,83.919159,81.944868,81.875476,1,1
4140,olson_pnas2021,2022,77.935341,76.678645,78.486862,0,1
4141,olson_pnas2021,2022,76.166313,77.483083,78.733544,0,1
4142,olson_pnas2021,2022,78.823540,80.028118,79.686919,1,1
4143,olson_pnas2021,2022,79.708275,78.742318,78.986263,0,1
4144,olson_pnas2021,2022,73.619865,77.829152,77.755559,1,1
4145,olson_pnas2021,2022,80.307091,79.527137,80.341689,0,1
4146,olson_pnas2021,2022,84.801987,83.808927,84.743737,0,1
4147,olson_pnas2021,2022,79.436790,78.620604,79.309562,1,1
4148,olson_pnas2021,2022,77.620575,79.471743,79.295705,0,1
4149,olson_pnas2021,2022,73.716614,78.036297,78.122783,0,1
4150,olson_pnas2021,2022,74.511192,78.202616,77.799605,1,1
4151,olson_pnas2021,2022,78.526527,80.919434,81.071966,0,1
4152,olson_pnas2021,2022,71.962502,75.713826,76.950800,1,1
4153,olson_pnas2021,2022,74.893913,77.881205,77.588490,0,1
4154,olson_pnas2021,2022,83.700859,80.854720,82.046716,0,1
4155,olson_pnas2021,2022,76.907570,78.024673,78.678733,1,1
4156,olson_pnas2021,2022,71.101944,78.345956,77.901468,0,1
4157,olson_pnas2021,2022,75.672462,80.680775,80.208460,1,1
4158,olson_pnas2021,2022,90.907188,87.280327,86.465792,0,1
4159,olson_pnas2021,2022,77.885353,80.030957,80.245031,0,1
4160,olson_pnas2021,2022,66.356003,78.140121,77.899749,1,1
4161,olson_pnas2021,2022,83.501503,83.601120,83.976005,1,1
4162,olson_pnas2021,2022,75.765388,77.463655,77.577826,0,1
4163,olson_pnas2021,2022,76.378220,77.062318,79.446239,1,1
4164,olson_pnas2021,2022,80.464554,81.570073,81.660707,1,1
4165,olson_pnas2021,2022,87.310326,84.505312,85.186004,1,1
4166,olson_pnas2021,2022,84.032906,81.146623,82.135190,0,1
4167,olson_pnas2021,2022,75.376099,78.079708,78.305781,0,1
4168,olson_pnas2021,2022,77.933189,79.858871,79.457221,0,1
4169,olson_pnas2021,2022,79.480972,79.923950,79.517793,1,1
4170,olson_pnas2021,2022,69.370110,77.253458,77.921286,0,1
4171,olson_pnas2021,2022,79.327461,80.614543,80.459925,0,1
4172,olson_pnas2021,2022,88.624435,84.559596,84.309293,0,1
4173,olson_pnas2021,2022,75.480240,77.550747,77.875976,0,1
4174,olson_pnas2021,2022,80.018822,79.288664,79.936742,0,1
4175,olson_pnas2021,2022,81.624947,80.198027,80.517343,1,1
4176,olson_pnas2021,2022,88.553093,81.051796,80.696594,1,1
4177,olson_pnas2021,2022,60.059460,75.517168,75.999975,0,1
4178,olson_pnas2021,2022,81.102043,80.348251,80.161971,0,1
4179,olson_pnas2021,2022,72.762009,77.569514,77.784668,0,1
4180,olson_pnas2021,2022,68.740204,78.427942,80.511815,1,1
4181,olson_pnas2021,2022,78.995026,77.150592,78.528478,1,1
4182,olson_pnas2021,2022,73.454933,76.733938,76.141633,1,1
4183,olson_pnas2021,2022,79.713181,79.022842,80.181887,1,1
4184,olson_pnas2021,2022,88.795158,84.462018,84.924603,1,1
4185,olson_pnas2021,2022,73.982307,76.317260,77.373854,1,1
4186,olson_pnas2021,2022,74.575470,76.844747,77.483928,0,1
4187,olson_pnas2021,2022,84.479759,83.132621,82.212002,1,1
4188,olson_pnas2021,2022,81.602859,80.862346,81.741452,0,1
4189,olson_pnas2021,2022,71.745888,77.236126,77.342035,1,1
4190,olson_pnas2021,2022,68.460152,77.333853,77.494799,0,1
4191,olson_pnas2021,2022,90.581024,86.332943,86.233112,1,1
4192,olson_pnas2021,2022,73.158997,75.908223,77.664662,1,1
4193,olson_pnas2021,2022,75.014915,78.210202,78.800883,0,1
4194,olson_pnas2021,2022,83.132332,80.595440,81.884394,1,1
4195,olson_pnas2021,2022,73.811424,76.235148,76.733825,1,1
4196,olson_pnas2021,2022,82.871101,82.170091,82.702007,1,1
4197,olson_pnas2021,2022,83.677307,80.252215,82.653023,0,1
4198,olson_pnas2021,2022,85.277298,81.593758,82.234823,1,1
4199,olson_pnas2021,2022,79.061905,78.257091,78.740499,0,1
4200,olson_pnas2021,2022,78.973282,78.298582,79.379852,1,1
4201,olson_pnas2021,2022,77.922615,79.322931,79.463025,1,1
4202,olson_pnas2021,2022,70.807716,75.665373,76.071649,0,1
4203,olson_pnas2021,2022,79.725197,81.080047,83.135347,1,1
4204,olson_pnas2021,2022,77.023209,78.540421,79.046081,0,1
4205,olson_pnas2021,2022,74.877419,78.036311,78.149867,0,1
4206,olson_pnas2021,2022,81.419876,82.763586,83.748325,1,1
4207,olson_pnas2021,2022,74.642250,77.226293,77.467432,0,1
4208,olson_pnas2021,2022,73.928268,76.576012,77.241477,0,1
4209,olson_pnas2021,2022,84.065094,80.327471,80.849958,0,1
4210,olson_pnas2021,2022,88.419655,79.457004,80.357445,0,1
4211,olson_pnas2021,2022,74.578079,79.684384,79.408204,1,1
4212,olson_pnas2021,2022,74.697540,79.962988,80.078003,0,1
4213,olson_pnas2021,2022,89.637550,87.472760,88.063401,1,1
4214,olson_pnas2021,2022,72.392723,77.764379,79.065500,0,1
4215,olson_pnas2021,2022,75.274239,78.656771,78.939997,1,1
4216,olson_pnas2021,2022,80.560074,79.298979,80.301932,1,1
4217,olson_pnas2021,2022,80.925713,81.041043,81.406783,1,1
4218,olson_pnas2021,2022,76.551575,77.058822,78.541056,1,1
4219,olson_pnas2021,2022,87.793488,83.324541,84.490949,0,1
4220,olson_pnas2021,2022,81.840050,80.377953,81.232336,1,1
4221,olson_pnas2021,2022,78.722519,78.281926,79.020558,0,1
4222,olson_pnas2021,2022,80.474838,79.899258,79.731219,1,1
4223,olson_pnas2021,2022,74.160568,80.481749,82.866247,0,1
4224,olson_pnas2021,2022,79.880211,78.251067,79.183864,1,1
4225,olson_pnas2021,2022,78.149590,79.057073,79.037044,1,1
4226,olson_pnas2021,2022,76.269302,79.279589,78.805318,1,1
4227,olson_pnas2021,2022,81.860336,79.354177,79.999632,1,1
4228,olson_pnas2021,2022,74.653831,78.693139,80.813463,1,1
4229,olson_pnas2021,2022,73.672386,75.801930,77.327489,1,1
4230,olson_pnas2021,2022,85.183853,82.271307,82.468628,0,1
4231,olson_pnas2021,2022,82.652473,84.021970,83.425256,1,1
4232,olson_pnas2021,2022,80.991379,81.409065,81.419169,0,1
4233,olson_pnas2021,2022,82.065056,81.699831,81.781000,1,1
4234,olson_pnas2021,2022,83.419640,82.965276,82.525366,1,1
4235,olson_pnas2021,2022,77.088074,77.501983,77.771954,1,1
4236,olson_pnas2021,2022,80.103775,80.361949,80.087433,1,1
4237,olson_pnas2021,2022,83.597481,84.574941,84.049418,0,1
4238,olson_pnas2021,2022,87.013290,85.945046,86.334262,1,1
4239,olson_pnas2021,2022,58.992081,74.223083,75.742327,1,1
4240,olson_pnas2021,2022,73.972389,77.969758,78.758519,0,1
4241,olson_pnas2021,2022,84.328911,80.696733,81.976882,0,1
4242,olson_pnas2021,2022,79.978859,80.908804,80.496862,0,1
4243,olson_pnas2021,2022,79.035828,79.259388,80.236943,1,1
4244,olson_pnas2021,2022,77.492493,78.502477,78.903894,1,1
4245,olson_pnas2021,2022,69.571388,85.707554,87.286230,0,1
4246,olson_pnas2021,2022,79.090851,78.199739,79.306468,1,1
4247,olson_pnas2021,2022,82.325867,80.895188,80.996963,1,1
4248,olson_pnas2021,2022,56.780231,76.047410,77.696961,1,1
4249,olson_pnas2021,2022,77.088860,76.242537,78.521545,1,1
4250,olson_pnas2021,2022,92.563507,,,0,0
4251,olson_pnas2021,2022,77.641708,78.992634,79.417395,0,1
4252,olson_pnas2021,2022,86.403343,82.511061,83.123617,0,1
4253,olson_pnas2021,2022,85.565407,82.246927,82.244674,1,1
4254,olson_pnas2021,2022,84.897598,83.740355,85.663922,0,1
4255,olson_pnas2021,2022,80.339119,81.124957,81.101000,1,1
4256,olson_pnas2021,2022,75.119789,77.535914,78.481579,1,1
4257,olson_pnas2021,2022,83.682220,80.056402,80.821121,1,1
4258,olson_pnas2021,2022,86.453125,82.691412,82.740046,1,1
4259,olson_pnas2021,2022,63.488533,76.170129,77.025019,0,1
4260,olson_pnas2021,2022,65.934593,75.592782,75.381560,1,1
4261,olson_pnas2021,2022,82.178429,78.608318,79.321338,0,1
4262,olson_pnas2021,2022,79.175026,79.018584,79.542550,1,1
4263,olson_pnas2021,2022,84.057495,80.500400,80.827621,0,1
4264,olson_pnas2021,2022,80.504120,83.244724,82.924429,0,1
4265,olson_pnas2021,2022,65.764229,80.506260,80.622553,0,1
4266,olson_pnas2021,2022,83.395699,83.591963,83.283927,0,1
4267,olson_pnas2021,2022,58.556183,75.564894,75.581931,1,1
4268,olson_pnas2021,2022,86.186531,82.860169,83.879902,1,1
4269,olson_pnas2021,2022,67.477699,77.392313,79.029951,1,1
4270,olson_pnas2021,2022,76.416451,78.934189,80.204479,1,1
4271,olson_pnas2021,2022,88.470543,85.310059,85.206246,1,1
4272,olson_pnas2021,2022,75.914940,77.162504,77.800093,1,1
4273,olson_pnas2021,2022,82.060196,80.411375,80.195332,1,1
4274,olson_pnas2021,2022,81.465080,79.728127,79.554332,0,1
4275,olson_pnas2021,2022,77.426949,75.473746,78.234561,1,1
4276,olson_pnas2021,2022,64.680794,80.871645,80.902451,0,1
4277,olson_pnas2021,2022,85.807655,81.607915,81.758135,0,1
4278,olson_pnas2021,2022,80.931953,79.053028,79.539164,1,1
4279,olson_pnas2021,2022,70.365646,78.775373,79.526668,0,1
4280,olson_pnas2021,2022,79.923851,83.381086,82.834809,0,1
4281,olson_pnas2021,2022,74.136818,78.381149,78.620812,0,1
4282,olson_pnas2021,2022,66.632927,78.064221,78.010246,1,1
4283,olson_pnas2021,2022,83.809105,78.438403,80.313949,0,1
4284,olson_pnas2021,2022,78.239349,78.967419,79.311469,1,1
4285,olson_pnas2021,2022,78.208145,79.334150,80.596160,1,1
4286,olson_pnas2021,2022,56.632771,77.041213,77.841333,1,1
4287,olson_pnas2021,2022,86.582253,82.458215,83.313610,1,1
4288,olson_pnas2021,2022,89.582916,85.577561,85.726176,1,1
4289,olson_pnas2021,2022,73.043358,77.465683,77.871240,1,1
4290,olson_pnas2021,2022,75.345436,78.001756,77.455435,1,1
4291,olson_pnas2021,2022,75.394073,78.467615,78.766152,1,1
4292,olson_pnas2021,2022,63.724007,77.466624,78.477417,1,1
4293,olson_pnas2021,2022,75.216431,78.157446,77.922693,1,1
4294,olson_pnas2021,2022,73.046371,75.937244,76.351672,1,1
4295,olson_pnas2021,2022,79.290489,78.608440,79.605798,0,1
4296,olson_pnas2021,2022,79.210922,78.304336,79.383113,0,1
4297,olson_pnas2021,2022,76.964340,78.426117,78.729020,1,1
4298,olson_pnas2021,2022,74.870422,77.272404,78.278935,1,1
4299,olson_pnas2021,2022,77.119492,78.695718,80.013667,1,1
4300,olson_pnas2021,2022,74.984512,80.984989,80.837391,0,1
4301,olson_pnas2021,2022,71.894920,76.581280,77.323736,0,1
4302,olson_pnas2021,2022,73.858231,79.522821,79.245461,1,1
4303,olson_pnas2021,2022,76.649269,79.792293,79.252083,0,1
4304,olson_pnas2021,2022,82.161552,79.447026,80.237941,0,1
4305,olson_pnas2021,2022,72.630898,76.682807,76.735774,1,1
4306,olson_pnas2021,2022,83.604637,80.831520,81.174257,0,1
4307,olson_pnas2021,2022,84.181160,87.285260,86.826978,1,1
4308,olson_pnas2021,2022,71.458771,75.437958,76.521144,0,1
4309,olson_pnas2021,2022,88.014503,84.032940,85.558627,1,1
4310,olson_pnas2021,2022,81.823952,81.035250,80.515546,1,1
4311,olson_pnas2021,2022,76.298332,77.895700,77.688199,1,1
4312,olson_pnas2021,2022,71.628174,76.603949,76.832602,1,1
4313,olson_pnas2021,2022,75.850555,76.824905,77.449722,1,1
4314,olson_pnas2021,2022,81.615974,81.750092,81.271381,0,1
4315,olson_pnas2021,2022,78.294228,80.277379,82.283472,0,1
4316,olson_pnas2021,2022,76.257256,79.911244,80.137856,0,1
4317,olson_pnas2021,2022,74.420387,77.151741,78.200696,1,1
4318,olson_pnas2021,2022,77.296829,76.596965,77.300217,1,1
4319,olson_pnas2021,2022,73.405136,77.683608,78.619601,1,1
4320,olson_pnas2021,2022,81.746117,79.678709,80.227924,1,1
4321,olson_pnas2021,2022,82.170868,80.886923,81.692637,1,1
4322,olson_pnas2021,2022,82.279442,82.361413,81.712239,0,1
4323,olson_pnas2021,2022,77.330536,79.436252,79.148416,0,1
4324,olson_pnas2021,2022,76.108849,76.404982,77.042230,0,1
4325,olson_pnas2021,2022,82.869690,79.836037,80.425163,0,1
4326,olson_pnas2021,2022,75.902145,76.288942,77.413881,0,1
4327,olson_pnas2021,2022,78.103340,79.349292,79.049457,1,1
4328,olson_pnas2021,2022,91.895691,87.293596,86.951944,1,1
4329,olson_pnas2021,2022,72.401825,84.180982,83.340159,0,1
4330,olson_pnas2021,2022,76.064278,75.930692,76.794979,0,1
4331,olson_pnas2021,2022,73.398804,78.340111,78.977028,1,1
4332,olson_pnas2021,2022,76.613098,77.694839,78.677704,1,1
4333,olson_pnas2021,2022,76.234642,77.741533,78.405277,1,1
4334,olson_pnas2021,2022,73.971718,77.383226,77.100459,1,1
4335,olson_pnas2021,2022,76.266930,78.543674,78.483067,0,1
4336,olson_pnas2021,2022,81.529648,78.833619,78.931139,1,1
4337,olson_pnas2021,2022,67.258194,76.452112,77.998194,0,1
4338,olson_pnas2021,2022,68.010712,75.922139,76.255245,1,1
4339,olson_pnas2021,2022,87.884605,83.657942,84.970915,1,1
4340,olson_pnas2021,2022,80.222961,81.484236,82.775061,1,1
4341,olson_pnas2021,2022,67.360146,79.314108,79.481700,0,1
4342,olson_pnas2021,2022,72.255295,76.526175,76.739463,1,1
4343,olson_pnas2021,2022,75.507500,78.179264,78.835153,1,1
4344,olson_pnas2021,2022,75.605530,79.707052,79.401387,1,1
4345,olson_pnas2021,2022,87.017784,87.617078,87.935054,0,1
4346,olson_pnas2021,2022,78.747681,78.979713,79.069253,1,1
4347,olson_pnas2021,2022,79.108932,78.085815,78.878975,1,1
4348,olson_pnas2021,2022,87.657234,82.552845,82.310568,0,1
4349,olson_pnas2021,2022,67.418213,76.259890,78.280522,0,1
4350,olson_pnas2021,2022,80.377785,78.860686,79.714041,1,1
4351,olson_pnas2021,2022,79.526123,78.857614,79.472102,0,1
4352,olson_pnas2021,2022,77.300056,79.454219,79.048877,1,1
4353,olson_pnas2021,2022,78.862343,79.006728,79.010261,0,1
4354,olson_pnas2021,2022,83.427307,80.912033,81.066265,1,1
4355,olson_pnas2021,2022,83.020988,84.533457,84.320482,1,1
4356,olson_pnas2021,2022,89.623276,86.468453,86.603057,1,1
4357,olson_pnas2021,2022,74.481201,76.841097,77.676266,0,1
4358,olson_pnas2021,2022,73.276978,77.475514,77.182791,1,1
4359,olson_pnas2021,2022,86.020973,82.434653,82.149841,1,1
4360,olson_pnas2021,2022,79.347122,84.320540,85.441592,0,1
4361,olson_pnas2021,2022,82.776726,80.757600,81.122753,0,1
4362,olson_pnas2021,2022,75.366127,78.699861,78.892278,1,1
4363,olson_pnas2021,2022,79.171700,79.730044,79.980545,0,1
4364,olson_pnas2021,2022,77.326996,79.407672,79.645496,0,1
4365,olson_pnas2021,2022,73.564255,78.145322,78.901485,0,1
4366,olson_pnas2021,2022,74.495201,78.039070,78.155639,1,1
4367,olson_pnas2021,2022,73.766754,76.215072,76.913372,0,1
4368,olson_pnas2021,2022,72.994324,77.668238,77.246364,1,1
4369,olson_pnas2021,2022,78.924797,80.601379,80.817294,0,1
4370,olson_pnas2021,2022,79.158684,78.000754,79.265648,0,1
4371,olson_pnas2021,2022,83.463737,79.428342,81.462629,1,1
4372,olson_pnas2021,2022,85.048035,81.485614,82.258718,0,1
4373,olson_pnas2021,2022,62.315536,76.736837,77.383633,0,1
4374,olson_pnas2021,2022,80.679688,80.176408,80.203491,0,1
4375,olson_pnas2021,2022,80.251968,81.370719,81.006022,1,1
4376,olson_pnas2021,2022,82.253197,80.823884,81.779004,0,1
4377,olson_pnas2021,2022,83.892441,80.229327,80.082107,1,1
4378,olson_pnas2021,2022,84.447617,82.709735,82.587762,1,1
4379,olson_pnas2021,2022,73.126427,75.557720,75.951061,0,1
4380,olson_pnas2021,2022,81.419113,77.943400,79.802109,0,1
4381,olson_pnas2021,2022,68.533531,80.236728,79.964835,0,1
4382,olson_pnas2021,2022,82.957893,81.340852,81.791137,0,1
4383,olson_pnas2021,2022,83.020592,82.984890,82.553922,0,1
4384,olson_pnas2021,2022,72.242310,81.154479,82.207031,1,1
4385,olson_pnas2021,2022,73.079758,78.600690,78.537540,0,1
4386,olson_pnas2021,2022,79.538567,78.999890,79.174532,1,1
4387,olson_pnas2021,2022,85.453621,83.812445,86.195854,0,1
4388,olson_pnas2021,2022,84.357819,85.027851,84.343216,0,1
4389,olson_pnas2021,2022,79.536148,80.536177,80.899688,0,1
4390,olson_pnas2021,2022,70.758247,77.308565,76.855900,1,1
4391,olson_pnas2021,2022,78.082397,77.636112,78.251022,1,1
4392,olson_pnas2021,2022,79.177216,78.492253,78.963475,0,1
4393,olson_pnas2021,2022,83.910973,,,0,0
4394,olson_pnas2021,2022,82.888885,83.172013,82.329545,0,1
4395,olson_pnas2021,2022,82.668594,79.205725,80.615143,0,1
4396,olson_pnas2021,2022,79.266533,79.233285,79.892695,0,1
4397,olson_pnas2021,2022,74.013168,77.621548,77.637231,0,1
4398,olson_pnas2021,2022,82.923477,78.997489,80.482451,1,1
4399,olson_pnas2021,2022,78.167793,78.674044,78.777281,1,1
4400,olson_pnas2021,2022,81.321976,79.836260,80.342858,0,1
4401,olson_pnas2021,2022,79.691795,79.187220,79.353783,0,1
4402,olson_pnas2021,2022,69.928711,79.234786,79.684806,0,1
4403,olson_pnas2021,2022,66.494209,75.505574,76.420209,1,1
4404,olson_pnas2021,2022,73.569527,77.917058,79.268513,1,1
4405,olson_pnas2021,2022,81.083832,78.095069,80.250762,1,1
4406,olson_pnas2021,2022,83.223709,80.868176,81.199975,0,1
4407,olson_pnas2021,2022,85.661652,82.371284,82.785489,0,1
4408,olson_pnas2021,2022,74.515572,78.365102,77.906457,0,1
4409,olson_pnas2021,2022,80.081833,81.398400,82.060919,0,1
4410,olson_pnas2021,2022,81.130363,81.631792,81.242852,1,1
4411,olson_pnas2021,2022,78.226509,77.351711,78.026665,1,1
4412,olson_pnas2021,2022,87.458817,83.425248,83.526595,0,1
4413,olson_pnas2021,2022,87.191895,85.487106,86.465284,0,1
4414,olson_pnas2021,2022,82.854691,83.255969,83.488032,1,1
4415,olson_pnas2021,2022,92.012596,91.436307,91.507343,0,1
4416,olson_pnas2021,2022,77.545464,81.398874,82.352920,0,1
4417,olson_pnas2021,2022,82.556274,79.904896,80.385677,1,1
4418,olson_pnas2021,2022,78.641113,83.194757,83.045014,1,1
4419,olson_pnas2021,2022,88.889053,85.184276,85.352746,1,1
4420,olson_pnas2021,2022,72.991806,77.500086,77.375459,0,1
4421,olson_pnas2021,2022,78.659004,79.614818,79.767314,1,1
4422,olson_pnas2021,2022,76.768890,81.240198,81.711789,0,1
4423,olson_pnas2021,2022,71.069595,76.693560,76.791205,0,1
4424,olson_pnas2021,2022,73.069656,78.089555,77.398758,1,1
4425,olson_pnas2021,2022,77.969467,77.496172,78.749927,0,1
4426,olson_pnas2021,2022,69.496277,76.063955,77.192262,1,1
4427,olson_pnas2021,2022,77.269394,79.068792,79.363023,1,1
4428,olson_pnas2021,2022,72.601212,76.163157,76.873480,1,1
4429,olson_pnas2021,2022,74.160095,76.652910,78.241649,0,1
4430,olson_pnas2021,2022,87.563812,82.713571,83.900013,1,1
4431,olson_pnas2021,2022,82.312134,78.910948,80.046766,0,1
4432,olson_pnas2021,2022,74.014244,76.977248,77.196715,0,1
4433,olson_pnas2021,2022,71.717773,75.547598,75.883548,0,1
4434,olson_pnas2021,2022,77.025314,80.236261,81.129365,1,1
4435,olson_pnas2021,2022,74.084930,79.085177,80.673869,1,1
4436,olson_pnas2021,2022,81.607155,79.037477,80.048339,0,1
4437,olson_pnas2021,2022,52.531578,75.878339,76.702782,1,1
4438,olson_pnas2021,2022,84.888039,81.302901,82.394314,1,1
4439,olson_pnas2021,2022,82.501251,80.092470,80.048297,0,1
4440,olson_pnas2021,2022,90.674919,88.465190,88.934312,0,1
4441,olson_pnas2021,2022,84.960220,80.860469,81.017938,1,1
4442,olson_pnas2021,2022,77.008385,79.070502,78.630913,1,1
4443,olson_pnas2021,2022,69.886818,77.593400,77.707738,1,1
4444,olson_pnas2021,2022,61.253624,76.154846,76.159963,0,1
4445,olson_pnas2021,2022,85.472504,83.597238,83.231590,1,1
4446,olson_pnas2021,2022,82.624466,79.815845,81.112184,0,1
4447,olson_pnas2021,2022,73.913300,76.766547,77.157773,1,1
4448,olson_pnas2021,2022,84.912140,84.782169,84.292288,0,1
4449,olson_pnas2021,2022,87.497566,84.456371,84.025966,1,1
4450,olson_pnas2021,2022,76.678276,78.138821,78.287636,1,1
4451,olson_pnas2021,2022,85.390228,82.012473,81.549036,1,1
4452,olson_pnas2021,2022,80.865685,80.036028,81.624781,1,1
4453,olson_pnas2021,2022,77.542595,78.122854,78.416928,0,1
4454,olson_pnas2021,2022,74.042740,76.446006,77.587142,0,1
4455,olson_pnas2021,2022,78.098747,78.090376,78.560520,0,1
4456,olson_pnas2021,2022,78.479401,81.312821,81.569921,1,1
4457,olson_pnas2021,2022,70.359680,75.977618,76.654177,0,1
4458,olson_pnas2021,2022,60.399712,83.127361,82.538573,1,1
4459,olson_pnas2021,2022,68.461052,75.979220,76.669614,0,1
4460,olson_pnas2021,2022,70.239853,80.072208,79.412873,0,1
4461,olson_pnas2021,2022,72.175964,78.893827,78.829091,1,1
4462,olson_pnas2021,2022,75.225349,77.456587,78.192746,1,1
4463,olson_pnas2021,2022,74.391991,76.897433,76.886633,0,1
4464,olson_pnas2021,2022,81.017700,79.992738,81.920907,1,1
4465,olson_pnas2021,2022,90.561745,87.840334,88.779368,1,1
4466,olson_pnas2021,2022,56.922955,78.710109,78.506595,0,1
4467,olson_pnas2021,2022,77.428314,79.546766,79.711057,0,1
4468,olson_pnas2021,2022,83.671883,81.080847,80.432171,0,1
4469,olson_pnas2021,2022,78.864761,78.329399,79.456718,0,1
4470,olson_pnas2021,2022,74.518425,76.852928,78.255244,0,1
4471,olson_pnas2021,2022,73.604515,77.951075,78.038914,1,1
4472,olson_pnas2021,2022,86.713326,84.157418,83.956204,0,1
4473,olson_pnas2021,2022,76.672951,77.658387,78.194111,1,1
4474,olson_pnas2021,2022,82.024452,81.514153,81.892602,1,1
4475,olson_pnas2021,2022,86.969498,82.023214,82.265289,0,1
4476,olson_pnas2021,2022,70.328125,75.367884,75.528519,1,1
4477,olson_pnas2021,2022,81.295296,80.275119,81.264137,1,1
4478,olson_pnas2021,2022,76.493355,79.165466,80.241085,1,1
4479,olson_pnas2021,2022,72.693924,80.782744,81.300824,1,1
4480,olson_pnas2021,2022,90.503380,85.519390,85.960972,0,1
4481,olson_pnas2021,2022,78.034645,78.933012,79.105666,0,1
4482,olson_pnas2021,2022,75.035843,77.849482,77.949315,0,1
4483,olson_pnas2021,2022,61.657215,78.047072,78.992855,1,1
4484,olson_pnas2021,2022,76.122559,77.211515,78.884093,0,1
4485,olson_pnas2021,2022,76.882172,77.270016,77.634580,1,1
4486,olson_pnas2021,2022,84.499428,81.273246,81.747499,0,1
4487,olson_pnas2021,2022,75.826958,78.191408,78.624931,1,1
4488,olson_pnas2021,2022,75.783417,77.980913,78.263443,1,1
4489,olson_pnas2021,2022,87.855461,81.820364,82.472849,1,1
4490,olson_pnas2021,2022,72.670486,76.518311,76.463056,1,1
4491,olson_pnas2021,2022,76.391060,77.077606,78.408845,0,1
4492,olson_pnas2021,2022,84.135040,82.458599,82.915074,1,1
4493,olson_pnas2021,2022,77.874306,82.428666,81.828928,1,1
4494,olson_pnas2021,2022,68.458832,77.035940,77.372939,0,1
4495,olson_pnas2021,2022,75.972153,77.559019,78.161399,1,1
4496,olson_pnas2021,2022,71.518448,76.213301,76.895305,1,1
4497,olson_pnas2021,2022,75.184013,77.777422,77.458527,0,1
4498,olson_pnas2021,2022,90.226601,83.751808,83.883245,1,1
4499,olson_pnas2021,2022,86.577118,80.486223,81.788617,1,1
4500,olson_pnas2021,2022,76.555527,79.189569,79.004003,0,1
4501,olson_pnas2021,2022,80.817291,80.415133,81.816026,1,1
4502,olson_pnas2021,2022,76.556305,78.299913,78.563334,1,1
4503,olson_pnas2021,2022,86.370934,,,0,0
4504,olson_pnas2021,2022,75.591225,78.161124,78.283215,1,1
4505,olson_pnas2021,2022,81.368301,79.995984,80.708146,0,1
4506,olson_pnas2021,2022,92.208153,88.397900,88.606516,1,1
4507,olson_pnas2021,2022,78.477409,78.265403,78.816258,0,1
4508,olson_pnas2021,2022,68.722404,75.917281,76.454275,0,1
4509,olson_pnas2021,2022,65.772697,77.211537,76.794540,1,1
4510,olson_pnas2021,2022,82.001335,85.944014,86.697491,0,1
4511,olson_pnas2021,2022,81.615707,81.161755,81.265191,1,1
4512,olson_pnas2021,2022,78.687393,78.765606,78.829951,0,1
4513,olson_pnas2021,2022,82.322899,80.583669,80.436391,1,1
4514,olson_pnas2021,2022,77.639732,79.476642,79.579814,0,1
4515,olson_pnas2021,2022,86.639664,82.193734,82.820601,1,1
4516,olson_pnas2021,2022,80.854515,79.975027,79.606360,1,1
4517,olson_pnas2021,2022,72.618233,76.422471,77.354104,0,1
4518,olson_pnas2021,2022,75.386414,79.378617,79.279645,1,1
4519,olson_pnas2021,2022,77.897659,77.391789,78.990321,0,1
4520,olson_pnas2021,2022,86.816475,81.722804,82.460624,1,1
4521,olson_pnas2021,2022,74.134865,77.824396,77.516842,0,1
4522,olson_pnas2021,2022,74.742165,76.526586,77.035942,0,1
4523,olson_pnas2021,2022,79.180977,78.487984,78.663881,1,1
4524,olson_pnas2021,2022,80.352432,80.444521,80.458173,0,1
4525,olson_pnas2021,2022,74.849274,77.372627,77.581063,0,1
4526,olson_pnas2021,2022,65.582680,80.301820,80.246649,0,1
4527,olson_pnas2021,2022,71.335785,75.979693,75.787382,0,1
4528,olson_pnas2021,2022,80.772591,79.957031,81.635636,1,1
4529,olson_pnas2021,2022,80.516289,80.526986,79.990658,1,1
4530,olson_pnas2021,2022,86.303589,84.015600,84.108398,1,1
4531,olson_pnas2021,2022,85.501335,81.753839,82.989136,1,1
4532,olson_pnas2021,2022,73.287621,76.527070,77.745744,0,1
4533,olson_pnas2021,2022,78.019920,78.347470,79.394318,1,1
4534,olson_pnas2021,2022,70.751808,75.822963,76.481321,0,1
4535,olson_pnas2021,2022,81.589714,80.136479,80.822565,1,1
4536,olson_pnas2021,2022,74.271103,82.108557,83.050221,0,1
4537,olson_pnas2021,2022,69.758224,77.127716,77.814435,1,1
4538,olson_pnas2021,2022,77.789047,79.971156,79.822969,1,1
4539,olson_pnas2021,2022,79.182312,81.315783,82.194293,0,1
4540,olson_pnas2021,2022,80.797821,79.910748,80.529643,0,1
4541,olson_pnas2021,2022,76.601463,77.702338,78.132187,1,1
4542,olson_pnas2021,2022,77.089348,76.389261,77.752001,1,1
4543,olson_pnas2021,2022,75.831123,77.093861,78.386894,1,1
4544,olson_pnas2021,2022,76.182159,80.984644,80.613940,0,1
4545,olson_pnas2021,2022,70.290100,75.996027,75.494001,1,1
4546,olson_pnas2021,2022,77.344353,81.237831,81.464164,0,1
4547,olson_pnas2021,2022,80.096954,81.583782,81.779452,1,1
4548,olson_pnas2021,2022,70.837776,75.744770,77.320093,0,1
4549,olson_pnas2021,2022,80.069641,79.783724,79.729333,0,1
4550,olson_pnas2021,2022,80.904610,85.635835,85.102270,0,1
4551,olson_pnas2021,2022,78.248268,77.104879,78.275072,1,1
4552,olson_pnas2021,2022,65.143265,78.449503,79.627269,0,1
4553,olson_pnas2021,2022,76.828316,80.447109,82.480571,0,1
4554,olson_pnas2021,2022,80.730522,78.500566,78.801687,0,1
4555,olson_pnas2021,2022,76.110001,78.329511,78.794980,0,1
4556,olson_pnas2021,2022,70.701988,76.300742,76.566836,1,1
4557,olson_pnas2021,2022,74.355141,80.659458,82.467182,1,1
4558,olson_pnas2021,2022,87.129539,83.885950,84.065155,0,1
4559,olson_pnas2021,2022,82.356499,80.060096,80.383606,1,1
4560,olson_pnas2021,2022,80.155510,80.945763,80.571012,1,1
4561,olson_pnas2021,2022,64.961235,75.535822,76.569932,0,1
4562,olson_pnas2021,2022,84.437279,83.135083,83.707456,0,1
4563,olson_pnas2021,2022,78.152573,79.617973,79.875823,0,1
4564,olson_pnas2021,2022,68.583626,80.286730,82.362146,1,1
4565,olson_pnas2021,2022,80.534081,81.037972,81.320870,1,1
4566,olson_pnas2021,2022,77.661369,78.567675,79.255003,0,1
4567,olson_pnas2021,2022,82.280075,80.032582,82.024330,1,1
4568,olson_pnas2021,2022,85.725937,82.871367,83.449323,0,1
4569,olson_pnas2021,2022,69.236053,76.936004,77.292151,1,1
4570,olson_pnas2021,2022,68.884804,77.641894,78.838495,0,1
4571,olson_pnas2021,2022,51.199902,84.305806,86.260209,1,1
4572,olson_pnas2021,2022,88.888374,82.643264,83.684662,1,1
4573,olson_pnas2021,2022,81.001755,78.743882,79.010062,0,1
4574,olson_pnas2021,2022,83.732155,81.079100,81.268772,1,1
4575,olson_pnas2021,2022,74.706505,79.063098,79.188690,0,1
4576,olson_pnas2021,2022,74.308411,76.344774,76.943653,1,1
4577,olson_pnas2021,2022,84.688095,80.697046,81.717961,0,1
4578,olson_pnas2021,2022,80.159485,79.269064,79.665194,0,1
4579,olson_pnas2021,2022,76.866615,77.192177,77.961589,1,1
4580,olson_pnas2021,2022,83.103264,80.824804,81.150339,1,1
4581,olson_pnas2021,2022,80.672630,80.421281,80.301910,1,1
4582,olson_pnas2021,2022,82.824615,80.252940,80.710806,1,1
4583,olson_pnas2021,2022,78.385704,79.634475,80.083384,1,1
4584,olson_pnas2021,2022,78.812286,80.551184,81.331404,0,1
4585,olson_pnas2021,2022,70.677116,80.640421,80.298905,0,1
4586,olson_pnas2021,2022,85.727760,79.793051,80.249927,0,1
4587,olson_pnas2021,2022,79.379311,79.311743,78.916006,1,1
4588,olson_pnas2021,2022,73.376862,80.498304,80.730714,0,1
4589,olson_pnas2021,2022,83.185814,80.112179,80.347733,0,1
4590,olson_pnas2021,2022,61.999939,77.432108,77.115755,0,1
4591,olson_pnas2021,2022,81.925392,80.230138,81.136969,1,1
4592,olson_pnas2021,2022,84.372223,81.349746,82.439835,1,1
4593,olson_pnas2021,2022,84.345871,78.128013,78.532913,1,1
4594,olson_pnas2021,2022,78.971947,78.396711,78.921426,1,1
4595,olson_pnas2021,2022,77.073982,78.577060,78.411255,0,1
4596,olson_pnas2021,2022,91.381691,85.617274,85.390633,0,1
4597,olson_pnas2021,2022,79.352829,77.238124,78.789410,0,1
4598,olson_pnas2021,2022,78.920570,80.654464,81.440735,1,1
4599,olson_pnas2021,2022,81.867744,83.835587,83.901986,0,1
4600,olson_pnas2021,2022,81.218925,79.415801,79.703077,1,1
4601,olson_pnas2021,2022,74.575249,77.385726,78.292290,1,1
4602,olson_pnas2021,2022,67.435112,79.198367,78.436957,1,1
4603,olson_pnas2021,2022,88.789368,87.946668,87.148858,1,1
4604,olson_pnas2021,2022,82.054726,81.598270,81.896445,1,1
4605,olson_pnas2021,2022,79.644173,78.614112,78.062811,0,1
4606,olson_pnas2021,2022,78.803291,80.768643,81.019691,1,1
4607,olson_pnas2021,2022,66.447083,79.350253,80.091024,1,1
4608,olson_pnas2021,2022,90.552574,85.660833,86.326818,1,1
4609,olson_pnas2021,2022,76.905891,78.163270,78.952514,1,1
4610,olson_pnas2021,2022,81.935242,79.861715,80.088228,0,1
4611,olson_pnas2021,2022,89.997292,84.273970,85.003192,0,1
4612,olson_pnas2021,2022,56.473263,78.682593,79.477722,1,1
4613,olson_pnas2021,2022,75.064850,79.673134,79.192254,0,1
4614,olson_pnas2021,2022,75.351944,81.870895,81.240373,0,1
4615,olson_pnas2021,2022,84.579994,83.412997,84.588259,1,1
4616,olson_pnas2021,2022,75.037018,79.167065,78.901143,1,1
4617,olson_pnas2021,2022,77.686546,81.631785,81.023677,1,1
4618,olson_pnas2021,2022,68.874390,76.665933,77.695441,1,1
4619,olson_pnas2021,2022,80.916992,81.499478,81.087346,1,1
4620,olson_pnas2021,2022,70.858368,82.235861,81.616838,1,1
4621,olson_pnas2021,2022,79.476517,79.940075,80.327970,1,1
4622,olson_pnas2021,2022,74.377975,79.181321,79.236209,1,1
4623,olson_pnas2021,2022,76.412285,78.303125,78.224578,0,1
4624,olson_pnas2021,2022,78.580948,78.341792,79.093148,1,1
4625,olson_pnas2021,2022,84.917778,82.205570,82.071197,1,1
4626,olson_pnas2021,2022,82.897797,80.460309,81.113193,0,1
4627,olson_pnas2021,2022,74.919525,79.097904,79.314203,1,1
4628,olson_pnas2021,2022,73.061356,76.906548,77.202583,1,1
4629,olson_pnas2021,2022,79.942612,79.968866,79.979223,0,1
4630,olson_pnas2021,2022,92.586235,86.458814,86.099306,1,1
4631,olson_pnas2021,2022,84.610695,80.627805,80.963472,0,1
4632,olson_pnas2021,2022,70.041916,76.139370,76.443850,0,1
4633,olson_pnas2021,2022,75.291405,76.133283,77.336203,1,1
4634,olson_pnas2021,2022,76.266983,82.860770,84.723822,1,1
4635,olson_pnas2021,2022,77.028793,77.991148,77.650212,0,1
4636,olson_pnas2021,2022,81.317230,77.004309,77.642536,1,1
4637,olson_pnas2021,2022,62.539577,82.190035,81.883749,1,1
4638,olson_pnas2021,2022,76.645782,79.153900,78.578310,0,1
4639,olson_pnas2021,2022,74.011803,77.363859,78.685909,1,1
4640,olson_pnas2021,2022,80.982635,79.948042,81.763940,0,1
4641,olson_pnas2021,2022,82.323387,80.642327,80.782875,0,1
4642,olson_pnas2021,2022,82.888741,84.346070,84.170943,0,1
4643,olson_pnas2021,2022,85.165443,82.323989,82.546594,0,1
4644,olson_pnas2021,2022,71.709503,81.126708,81.127859,1,1
4645,olson_pnas2021,2022,77.925583,80.213802,80.229798,0,1
4646,olson_pnas2021,2022,79.254616,79.889438,79.369522,1,1
4647,olson_pnas2021,2022,86.978752,81.223287,81.742096,0,1
4648,olson_pnas2021,2022,76.186569,78.511236,78.333926,1,1
4649,olson_pnas2021,2022,74.251244,77.955089,78.300246,1,1
4650,olson_pnas2021,2022,74.355377,78.254350,79.284844,1,1
4651,olson_pnas2021,2022,92.213913,89.572626,89.918299,1,1
4652,olson_pnas2021,2022,80.773178,81.573086,81.347889,1,1
4653,olson_pnas2021,2022,72.838196,79.378349,78.791963,1,1
4654,olson_pnas2021,2022,50.286652,77.616222,77.675662,0,1
4655,olson_pnas2021,2022,76.581329,76.403908,76.666778,1,1
4656,olson_pnas2021,2022,39.699600,76.403719,76.819916,0,1
4657,olson_pnas2021,2022,86.454964,81.645385,82.922549,0,1
4658,olson_pnas2021,2022,85.654846,82.219254,83.255816,0,1
4659,olson_pnas2021,2022,74.632484,78.255202,78.478176,0,1
4660,olson_pnas2021,2022,83.947617,81.475803,82.515645,1,1
4661,olson_pnas2021,2022,83.490982,80.667419,80.790079,1,1
4662,olson_pnas2021,2022,74.985634,76.088094,76.954489,1,1
4663,olson_pnas2021,2022,71.486145,75.785603,76.666437,0,1
4664,olson_pnas2021,2022,73.129356,76.490132,77.044374,1,1
4665,olson_pnas2021,2022,89.657738,85.819529,86.874581,0,1
4666,olson_pnas2021,2022,76.308807,77.554461,77.660737,1,1
4667,olson_pnas2021,2022,80.797592,81.293750,81.356891,1,1
4668,olson_pnas2021,2022,84.676598,82.788574,82.747056,0,1
4669,olson_pnas2021,2022,84.679695,83.416679,83.377028,1,1
4670,olson_pnas2021,2022,84.568909,83.508471,83.532763,0,1
4671,olson_pnas2021,2022,75.642380,80.022938,79.401471,0,1
4672,olson_pnas2021,2022,87.280151,88.213500,88.836745,0,1
4673,olson_pnas2021,2022,84.691689,80.945867,80.924384,1,1
4674,olson_pnas2021,2022,79.984818,79.055422,79.288766,1,1
4675,olson_pnas2021,2022,75.643913,77.723342,77.374946,1,1
4676,olson_pnas2021,2022,75.105736,79.371950,79.294773,0,1
4677,olson_pnas2021,2022,85.457558,82.974511,83.475640,1,1
4678,olson_pnas2021,2022,78.163597,80.190228,79.664632,1,1
4679,olson_pnas2021,2022,80.526146,78.114670,78.818800,0,1
4680,olson_pnas2021,2022,69.461121,74.923348,75.116490,0,1
4681,olson_pnas2021,2022,76.862785,78.604294,79.780325,1,1
4682,olson_pnas2021,2022,75.159996,78.591044,79.071999,1,1
4683,olson_pnas2021,2022,81.255814,81.872340,82.515682,1,1
4684,olson_pnas2021,2022,74.131134,77.881740,77.834530,0,1
4685,olson_pnas2021,2022,84.522964,81.932026,81.577740,0,1
4686,olson_pnas2021,2022,85.182144,95.139467,95.848189,1,1
4687,olson_pnas2021,2022,76.674545,80.617114,80.185689,1,1
4688,olson_pnas2021,2022,71.589973,76.948459,77.354341,0,1
4689,olson_pnas2021,2022,72.475906,76.453110,77.338687,0,1
4690,olson_pnas2021,2022,77.971321,78.499555,78.741831,0,1
4691,olson_pnas2021,2022,77.831223,79.525468,79.065474,0,1
4692,olson_pnas2021,2022,72.746124,78.496130,78.650295,1,1
4693,olson_pnas2021,2022,76.346100,80.937425,82.252785,1,1
4694,olson_pnas2021,2022,75.619286,78.312183,78.286489,0,1
4695,olson_pnas2021,2022,66.541733,80.712823,80.526905,1,1
4696,olson_pnas2021,2022,78.929283,78.992199,78.651702,0,1
4697,olson_pnas2021,2022,80.170532,79.725406,80.821277,0,1
4698,olson_pnas2021,2022,66.828796,78.889725,80.844809,0,1
4699,olson_pnas2021,2022,72.104713,75.016636,76.206620,1,1
4700,olson_pnas2021,2022,85.522858,81.741942,81.847010,1,1
4701,olson_pnas2021,2022,80.770164,78.010652,78.765272,1,1
4702,olson_pnas2021,2022,80.808990,81.013474,81.019936,0,1
4703,olson_pnas2021,2022,74.454987,80.312081,80.268868,0,1
4704,olson_pnas2021,2022,83.794113,81.570603,81.584819,1,1
4705,olson_pnas2021,2022,74.594063,77.856554,77.668318,1,1
4706,olson_pnas2021,2022,78.172630,78.716268,79.506599,1,1
4707,olson_pnas2021,2022,83.075943,81.370860,81.285920,0,1
4708,olson_pnas2021,2022,81.887451,79.576919,80.502909,1,1
4709,olson_pnas2021,2022,83.030388,81.783852,81.172672,1,1
4710,olson_pnas2021,2022,79.493958,79.272625,79.618335,1,1
4711,olson_pnas2021,2022,79.668381,79.075254,79.176152,0,1
4712,olson_pnas2021,2022,84.999588,81.116142,80.722788,1,1
4713,olson_pnas2021,2022,74.527184,77.474867,78.967012,0,1
4714,olson_pnas2021,2022,81.965675,80.587300,81.185524,0,1
4715,olson_pnas2021,2022,87.482231,83.975407,85.157597,1,1
4716,olson_pnas2021,2022,81.796806,80.945919,81.191561,1,1
4717,olson_pnas2021,2022,72.037659,77.554775,77.922483,1,1
4718,olson_pnas2021,2022,89.359459,83.896667,85.300397,0,1
4719,olson_pnas2021,2022,76.602219,79.577036,79.136559,1,1
4720,olson_pnas2021,2022,78.505394,78.966252,79.099370,0,1
4721,olson_pnas2021,2022,81.187302,78.623709,78.919132,0,1
4722,olson_pnas2021,2022,80.444351,79.453887,79.856716,0,1
4723,olson_pnas2021,2022,77.829987,78.287239,79.137891,1,1
4724,olson_pnas2021,2022,84.766350,81.483863,81.090988,0,1
4725,olson_pnas2021,2022,84.821892,80.763049,81.486247,1,1
4726,olson_pnas2021,2022,86.421669,86.128079,86.272502,0,1
4727,olson_pnas2021,2022,87.982178,84.281931,84.195392,1,1
4728,olson_pnas2021,2022,68.366074,76.656364,77.311621,0,1
4729,olson_pnas2021,2022,91.001228,86.385702,87.160156,1,1
4730,olson_pnas2021,2022,77.032906,77.693826,78.257055,1,1
4731,olson_pnas2021,2022,76.767830,81.514731,80.596080,0,1
4732,olson_pnas2021,2022,74.024307,76.746737,77.740431,0,1
4733,olson_pnas2021,2022,78.173668,79.729319,79.372057,0,1
4734,olson_pnas2021,2022,75.694115,78.860638,78.822152,0,1
4735,olson_pnas2021,2022,76.751884,78.003851,78.252164,0,1
4736,olson_pnas2021,2022,89.766296,87.683522,87.303283,0,1
4737,olson_pnas2021,2022,76.650520,77.318171,78.435578,0,1
4738,olson_pnas2021,2022,82.110146,79.953697,80.063644,1,1
4739,olson_pnas2021,2022,79.071411,79.217661,79.704252,0,1
4740,olson_pnas2021,2022,75.650940,76.904814,78.161330,1,1
4741,olson_pnas2021,2022,78.453651,80.883538,80.286516,1,1
4742,olson_pnas2021,2022,82.846298,80.143130,80.603404,1,1
4743,olson_pnas2021,2022,85.416534,81.066641,81.904354,1,1
4744,olson_pnas2021,2022,77.814209,78.767574,78.768835,0,1
4745,olson_pnas2021,2022,75.336433,80.223481,81.508217,0,1
4746,olson_pnas2021,2022,79.616287,81.593525,82.128596,1,1
4747,olson_pnas2021,2022,81.045982,78.471823,79.265791,0,1
4748,olson_pnas2021,2022,67.795998,77.490660,80.228810,0,1
4749,olson_pnas2021,2022,77.610054,80.582685,80.981477,0,1
4750,olson_pnas2021,2022,85.655113,83.493468,84.247878,1,1
4751,olson_pnas2021,2022,82.242218,81.009045,82.964068,0,1
4752,olson_pnas2021,2022,74.410919,78.731045,79.283531,0,1
4753,olson_pnas2021,2022,79.593918,81.584905,80.870990,0,1
4754,olson_pnas2021,2022,78.034401,78.831479,79.340201,1,1
4755,olson_pnas2021,2022,64.572350,76.171218,76.987834,0,1
4756,olson_pnas2021,2022,70.005219,76.806701,77.793422,1,1
4757,olson_pnas2021,2022,88.256958,88.159205,88.272921,0,1
4758,olson_pnas2021,2022,89.955681,83.079979,84.001020,0,1
4759,olson_pnas2021,2022,74.376228,79.129219,79.316019,0,1
4760,olson_pnas2021,2022,80.354706,79.390928,79.959153,0,1
4761,olson_pnas2021,2022,84.949890,80.846952,81.480598,0,1
4762,olson_pnas2021,2022,79.932159,78.557620,79.408250,0,1
4763,olson_pnas2021,2022,78.416267,74.603040,76.426794,0,1
4764,olson_pnas2021,2022,79.030052,79.009953,80.313923,1,1
4765,olson_pnas2021,2022,87.304459,83.976333,83.485074,0,1
4766,olson_pnas2021,2022,83.289841,81.363028,81.378378,1,1
4767,olson_pnas2021,2022,89.221107,83.528096,84.553467,1,1
4768,olson_pnas2021,2022,71.604172,76.824688,77.561441,0,1
4769,olson_pnas2021,2022,75.077278,76.534438,76.643407,0,1
4770,olson_pnas2021,2022,84.138680,79.502511,80.239908,1,1
4771,olson_pnas2021,2022,86.824432,84.061663,83.738116,0,1
4772,olson_pnas2021,2022,75.414253,79.144758,79.003764,1,1
4773,olson_pnas2021,2022,85.311577,82.945016,82.872526,0,1
4774,olson_pnas2021,2022,73.005089,78.435492,80.447481,1,1
4775,olson_pnas2021,2022,72.841278,75.973704,76.964484,1,1
4776,olson_pnas2021,2022,79.661125,79.457670,79.552512,0,1
4777,olson_pnas2021,2022,84.213669,85.040574,85.742325,1,1
4778,olson_pnas2021,2022,86.812088,83.176524,83.634132,1,1
4779,olson_pnas2021,2022,89.379105,83.266848,83.910989,1,1
4780,olson_pnas2021,2022,73.434479,77.626850,77.329265,0,1
4781,olson_pnas2021,2022,71.023125,75.440346,75.997693,0,1
4782,olson_pnas2021,2022,77.979134,76.907084,78.401529,0,1
4783,olson_pnas2021,2022,75.018921,79.398218,78.681788,1,1
4784,olson_pnas2021,2022,79.046837,78.702578,78.928143,1,1
4785,olson_pnas2021,2022,86.640549,82.123718,82.188141,0,1
4786,olson_pnas2021,2022,84.260696,81.245649,81.537231,0,1
4787,olson_pnas2021,2022,87.236992,88.738556,88.665243,0,1
4788,olson_pnas2021,2022,86.549568,83.629812,83.676388,1,1
4789,olson_pnas2021,2022,67.220314,76.968404,76.983596,1,1
4790,olson_pnas2021,2022,72.702888,76.665555,77.516083,0,1
4791,olson_pnas2021,2022,85.275131,82.145030,83.136994,1,1
4792,olson_pnas2021,2022,79.766861,78.770810,79.727283,0,1
4793,olson_pnas2021,2022,72.501846,79.913352,80.746534,0,1
4794,olson_pnas2021,2022,70.424927,76.682175,76.476039,1,1
4795,olson_pnas2021,2022,84.793678,85.443312,84.839554,1,1
4796,olson_pnas2021,2022,78.291306,79.105969,79.265876,1,1
4797,olson_pnas2021,2022,75.436729,76.727637,77.341915,0,1
4798,olson_pnas2021,2022,64.692139,75.508943,76.512959,0,1
4799,olson_pnas2021,2022,70.715439,75.518183,75.814297,1,1
4800,olson_pnas2021,2022,75.401176,80.313556,80.322307,0,1
4801,olson_pnas2021,2022,70.351845,77.584528,76.841862,0,1
4802,olson_pnas2021,2022,86.424301,81.343334,81.761100,0,1
4803,olson_pnas2021,2022,73.857834,76.717345,77.345895,0,1
4804,olson_pnas2021,2022,84.702667,80.168880,80.947848,0,1
4805,olson_pnas2021,2022,63.573792,77.904715,77.314924,1,1
4806,olson_pnas2021,2022,87.224785,82.029185,82.073709,0,1
4807,olson_pnas2021,2022,76.733162,75.874504,77.885096,0,1
4808,olson_pnas2021,2022,84.741867,79.968383,81.046758,0,1
4809,olson_pnas2021,2022,74.342682,76.890079,78.384917,1,1
4810,olson_pnas2021,2022,72.173378,77.914810,78.419067,1,1
4811,olson_pnas2021,2022,83.347496,80.498338,81.169675,0,1
4812,olson_pnas2021,2022,81.906479,78.838147,79.855120,1,1
4813,olson_pnas2021,2022,82.883263,81.410768,82.054132,1,1
4814,olson_pnas2021,2022,82.849976,83.148576,83.138494,0,1
4815,olson_pnas2021,2022,80.738777,79.631640,79.532666,0,1
4816,olson_pnas2021,2022,53.020744,81.379550,82.450571,1,1
4817,olson_pnas2021,2022,71.722595,78.054738,77.789614,1,1
4818,olson_pnas2021,2022,61.479485,76.002493,77.002616,1,1
4819,olson_pnas2021,2022,79.077896,79.723571,80.518494,0,1
4820,olson_pnas2021,2022,83.257828,80.233761,80.884373,1,1
4821,olson_pnas2021,2022,78.041389,78.133939,80.295731,1,1
4822,olson_pnas2021,2022,88.082191,83.557529,84.270899,1,1
4823,olson_pnas2021,2022,75.807259,79.524922,80.051849,0,1
4824,olson_pnas2021,2022,80.087158,78.758879,79.336890,1,1
4825,olson_pnas2021,2022,79.202873,80.358302,79.968858,0,1
4826,olson_pnas2021,2022,73.398895,77.409372,76.948920,1,1
4827,olson_pnas2021,2022,74.450455,78.569847,79.078001,1,1
4828,olson_pnas2021,2022,80.141533,81.051581,81.043594,0,1
4829,olson_pnas2021,2022,75.151871,78.956329,79.302859,0,1
4830,olson_pnas2021,2022,75.183571,80.581492,80.081530,1,1
4831,olson_pnas2021,2022,60.248459,75.791078,75.612074,0,1
4832,olson_pnas2021,2022,76.979919,77.637293,78.156157,0,1
4833,olson_pnas2021,2022,75.198097,76.899396,77.682770,0,1
4834,olson_pnas2021,2022,69.781296,76.842007,77.808714,0,1
4835,olson_pnas2021,2022,80.791649,79.123619,79.679732,1,1
4836,olson_pnas2021,2022,77.483017,80.444462,80.229088,0,1
4837,olson_pnas2021,2022,76.831017,79.323746,79.530317,0,1
4838,olson_pnas2021,2022,74.203148,75.996201,78.078991,0,1
4839,olson_pnas2021,2022,76.329369,77.069402,77.948423,0,1
4840,olson_pnas2021,2022,76.096977,81.273065,82.418432,0,1
4841,olson_pnas2021,2022,79.989830,77.801928,79.556263,0,1
4842,olson_pnas2021,2022,76.173187,79.214823,79.263573,0,1
4843,olson_pnas2021,2022,73.198830,80.526224,80.578640,0,1
4844,olson_pnas2021,2022,81.126938,80.360417,81.030479,1,1
4845,olson_pnas2021,2022,72.767433,76.664598,77.017036,0,1
4846,olson_pnas2021,2022,77.759018,77.669911,78.064611,1,1
4847,olson_pnas2021,2022,74.294815,76.705647,77.471729,1,1
4848,olson_pnas2021,2022,69.628258,80.410881,80.844244,0,1
4849,olson_pnas2021,2022,75.185081,77.945589,77.640879,0,1
4850,olson_pnas2021,2022,87.070969,86.914773,86.068068,0,1
4851,olson_pnas2021,2022,88.067070,84.218065,85.186805,1,1
4852,olson_pnas2021,2022,81.194427,80.228642,80.124762,1,1
4853,olson_pnas2021,2022,80.877731,80.175103,79.974013,0,1
4854,olson_pnas2021,2022,75.269691,76.645321,77.037112,0,1
4855,olson_pnas2021,2022,78.923920,79.066609,79.137438,1,1
4856,olson_pnas2021,2022,77.101273,78.293868,78.820621,0,1
4857,olson_pnas2021,2022,80.917755,79.133664,79.368691,0,1
4858,olson_pnas2021,2022,69.501564,74.688717,75.611108,0,1
4859,olson_pnas2021,2022,76.491318,76.965695,77.981655,1,1
4860,olson_pnas2021,2022,78.748268,80.559014,80.432917,0,1
4861,olson_pnas2021,2022,73.341171,79.127456,79.013237,0,1
4862,olson_pnas2021,2022,79.818382,79.021488,79.472224,0,1
4863,olson_pnas2021,2022,78.957924,79.164915,79.340053,1,1
4864,olson_pnas2021,2022,71.801666,77.255713,77.982804,1,1
4865,olson_pnas2021,2022,84.707275,,,0,0
4866,olson_pnas2021,2022,70.265404,75.052631,76.053536,1,1
4867,olson_pnas2021,2022,83.189705,80.762776,80.613265,1,1
4868,olson_pnas2021,2022,78.562889,79.395428,80.291620,1,1
4869,olson_pnas2021,2022,71.883324,76.478140,78.442000,1,1
4870,olson_pnas2021,2022,82.139381,80.549102,80.779084,0,1
4871,olson_pnas2021,2022,80.824425,79.228587,79.784653,0,1
4872,olson_pnas2021,2022,81.366493,79.430094,80.060538,1,1
4873,olson_pnas2021,2022,71.450996,78.102017,77.868288,1,1
4874,olson_pnas2021,2022,77.724388,78.470508,78.196164,0,1
4875,olson_pnas2021,2022,74.947350,81.069469,80.342399,1,1
4876,olson_pnas2021,2022,79.685829,79.475695,79.834806,1,1
4877,olson_pnas2021,2022,89.268616,85.321012,86.142103,0,1
4878,olson_pnas2021,2022,77.733948,79.604189,79.889606,1,1
4879,olson_pnas2021,2022,72.554710,85.063811,84.733833,0,1
4880,olson_pnas2021,2022,75.069374,78.263553,77.892959,1,1
4881,olson_pnas2021,2022,77.273262,79.231081,79.413493,0,1
4882,olson_pnas2021,2022,74.434555,83.751145,83.428589,1,1
4883,olson_pnas2021,2022,78.850647,81.714352,81.749550,0,1
4884,olson_pnas2021,2022,72.040405,76.990142,77.621544,1,1
4885,olson_pnas2021,2022,84.855606,81.641852,81.999491,0,1
4886,olson_pnas2021,2022,82.176659,80.801063,81.423168,1,1
4887,olson_pnas2021,2022,75.533951,77.433301,77.909702,1,1
4888,olson_pnas2021,2022,85.976570,81.768034,82.888610,1,1
4889,olson_pnas2021,2022,79.756264,79.041568,78.792467,1,1
4890,olson_pnas2021,2022,76.112129,79.417507,79.068774,1,1
4891,olson_pnas2021,2022,76.441437,78.875364,78.626507,0,1
4892,olson_pnas2021,2022,84.033951,83.787836,83.434478,0,1
4893,olson_pnas2021,2022,75.196609,79.546365,79.170879,1,1
4894,olson_pnas2021,2022,85.668472,81.931501,82.117239,0,1
4895,olson_pnas2021,2022,84.450150,82.123404,82.202256,0,1
4896,olson_pnas2021,2022,86.324593,,,0,0
4897,olson_pnas2021,2022,81.563881,78.654437,79.320881,1,1
4898,olson_pnas2021,2022,80.749756,80.642009,80.446423,1,1
4899,olson_pnas2021,2022,75.685974,79.510445,79.680516,0,1
4900,olson_pnas2021,2022,81.738731,81.125249,81.320273,0,1
4901,olson_pnas2021,2022,85.080612,82.654943,83.283762,0,1
4902,olson_pnas2021,2022,85.991341,84.153239,84.942021,0,1
4903,olson_pnas2021,2022,65.476944,77.369203,77.698056,0,1
4904,olson_pnas2021,2022,82.912910,80.823641,82.214966,1,1
4905,olson_pnas2021,2022,69.774185,76.360370,76.678867,1,1
4906,olson_pnas2021,2022,73.031242,79.407935,80.446230,0,1
4907,olson_pnas2021,2022,74.979195,78.159615,78.939240,0,1
4908,olson_pnas2021,2022,84.803528,81.792241,82.136880,0,1
4909,olson_pnas2021,2022,73.334892,75.861835,76.621916,1,1
4910,olson_pnas2021,2022,68.545189,77.059124,77.513540,1,1
4911,olson_pnas2021,2022,84.954956,82.165931,82.337387,0,1
4912,olson_pnas2021,2022,87.486366,84.355366,85.367669,0,1
4913,olson_pnas2021,2022,75.267609,77.034143,80.674258,0,1
4914,olson_pnas2021,2022,84.037155,80.799727,81.191581,0,1
4915,olson_pnas2021,2022,81.241158,78.736559,80.449731,1,1
4916,olson_pnas2021,2022,86.114815,81.869234,82.563150,0,1
4917,olson_pnas2021,2022,72.676605,77.993709,78.188844,1,1
4918,olson_pnas2021,2022,80.056953,79.298723,79.665833,0,1
4919,olson_pnas2021,2022,83.567413,82.574983,82.263547,0,1
4920,olson_pnas2021,2022,71.704773,79.913091,81.035311,1,1
4921,olson_pnas2021,2022,88.395119,83.060840,83.876890,0,1
4922,olson_pnas2021,2022,74.274666,78.826107,79.210344,1,1
4923,olson_pnas2021,2022,74.236992,79.377279,78.896838,1,1
4924,olson_pnas2021,2022,84.968674,82.267037,82.746158,1,1
4925,olson_pnas2021,2022,54.294079,75.316771,75.696160,1,1
4926,olson_pnas2021,2022,71.373192,75.283142,76.373848,1,1
4927,olson_pnas2021,2022,76.592705,78.408808,78.383199,0,1
4928,olson_pnas2021,2022,82.305023,80.967345,80.626243,0,1
4929,olson_pnas2021,2022,59.271004,76.151435,77.784598,0,1
4930,olson_pnas2021,2022,73.893150,79.673203,79.305928,0,1
4931,olson_pnas2021,2022,85.110825,81.295847,82.659529,0,1
4932,olson_pnas2021,2022,76.267639,79.384797,79.943553,0,1
4933,olson_pnas2021,2022,78.764221,77.972711,80.320631,1,1
4934,olson_pnas2021,2022,80.422592,80.724541,80.592860,0,1
4935,olson_pnas2021,2022,74.581001,76.603973,77.757242,0,1
4936,olson_pnas2021,2022,76.905388,75.929692,77.571674,1,1
4937,olson_pnas2021,2022,90.258896,78.935702,79.833538,0,1
4938,olson_pnas2021,2022,81.242043,84.434487,83.740891,0,1
4939,olson_pnas2021,2022,75.613792,76.174320,78.453255,0,1
4940,olson_pnas2021,2022,88.887665,86.112613,85.493901,1,1
4941,olson_pnas2021,2022,87.697937,82.218316,82.906523,0,1
4942,olson_pnas2021,2022,69.448250,77.581715,77.134357,1,1
4943,olson_pnas2021,2022,75.871246,77.719503,78.811942,0,1
4944,olson_pnas2021,2022,84.240898,80.710737,80.667982,1,1
4945,olson_pnas2021,2022,77.986443,,,0,0
4946,olson_pnas2021,2022,87.349754,84.935769,85.123017,1,1
4947,olson_pnas2021,2022,77.966949,78.015415,78.734168,1,1
4948,olson_pnas2021,2022,76.075218,80.339784,79.820880,1,1
4949,olson_pnas2021,2022,78.120056,77.924299,78.646375,1,1
4950,olson_pnas2021,2022,82.273956,86.400550,85.945247,1,1
4951,olson_pnas2021,2022,66.604630,75.219420,75.390098,1,1
4952,olson_pnas2021,2022,82.401749,79.669844,80.988354,1,1
4953,olson_pnas2021,2022,71.071800,77.608691,78.304444,0,1
4954,olson_pnas2021,2022,73.605438,77.998108,77.374126,0,1
4955,olson_pnas2021,2022,56.477592,74.356895,75.153448,1,1
4956,olson_pnas2021,2022,72.375748,76.052614,76.617688,0,1
4957,olson_pnas2021,2022,88.598267,84.048230,84.195213,1,1
4958,olson_pnas2021,2022,83.053604,84.229198,85.293614,1,1
4959,olson_pnas2021,2022,76.523277,82.109139,81.257840,0,1
4960,olson_pnas2021,2022,75.937119,77.007979,77.579227,1,1
4961,olson_pnas2021,2022,82.321182,85.544334,86.836365,1,1
4962,olson_pnas2021,2022,76.177719,79.339332,79.516807,0,1
4963,olson_pnas2021,2022,71.227409,74.515040,76.308676,1,1
4964,olson_pnas2021,2022,83.840385,81.037336,81.995910,1,1
4965,olson_pnas2021,2022,80.159966,81.463092,81.199633,1,1
4966,olson_pnas2021,2022,67.110527,78.574289,80.126699,0,1
4967,olson_pnas2021,2022,79.408073,79.424857,80.249881,0,1
4968,olson_pnas2021,2022,76.285461,77.898557,78.701785,0,1
4969,olson_pnas2021,2022,81.389473,80.076826,80.116436,0,1
4970,olson_pnas2021,2022,77.275291,78.638628,79.004099,1,1
4971,olson_pnas2021,2022,73.611870,78.379427,79.641580,0,1
4972,olson_pnas2021,2022,81.580826,81.846739,81.147796,1,1
4973,olson_pnas2021,2022,83.524612,80.208172,81.165880,1,1
4974,olson_pnas2021,2022,76.528152,77.388213,79.472160,1,1
4975,olson_pnas2021,2022,86.039665,82.570490,82.991728,0,1
4976,olson_pnas2021,2022,74.251846,76.179751,76.837452,1,1
4977,olson_pnas2021,2022,80.516258,78.146852,79.284326,0,1
4978,olson_pnas2021,2022,74.243721,77.782160,78.044212,0,1
4979,olson_pnas2021,2022,70.155235,76.841592,77.053368,1,1
4980,olson_pnas2021,2022,68.242630,74.968284,76.712967,1,1
4981,olson_pnas2021,2022,84.606728,80.236369,81.415240,0,1
4982,olson_pnas2021,2022,80.876907,82.087158,83.524270,1,1
4983,olson_pnas2021,2022,82.287743,80.669155,80.901300,0,1
4984,olson_pnas2021,2022,89.409897,85.031099,85.419267,0,1
4985,olson_pnas2021,2022,69.827942,75.526834,75.659944,0,1
4986,olson_pnas2021,2022,72.890648,79.727213,79.206968,0,1
4987,olson_pnas2021,2022,81.038826,82.405957,82.231995,1,1
4988,olson_pnas2021,2022,84.861824,81.844499,82.749161,0,1
4989,olson_pnas2021,2022,79.580307,79.270456,80.641151,0,1
4990,olson_pnas2021,2022,73.478523,79.637118,79.196034,0,1
4991,olson_pnas2021,2022,90.279755,88.200691,88.084462,1,1
4992,olson_pnas2021,2022,87.377808,83.446742,83.558459,1,1
4993,olson_pnas2021,2022,79.590675,79.578029,79.433949,0,1
4994,olson_pnas2021,2022,75.899979,79.051522,79.203591,0,1
4995,olson_pnas2021,2022,94.759697,88.579120,88.153219,0,1
4996,olson_pnas2021,2022,82.203728,79.994537,80.216210,1,1
4997,olson_pnas2021,2022,80.934975,79.409501,79.286115,1,1
4998,olson_pnas2021,2022,81.281174,,,0,0
4999,olson_pnas2021,2022,83.302010,81.287825,81.714915,1,1
5000,olson_pnas2021,2022,73.059128,76.676648,76.933426,0,1
5001,olson_pnas2021,2022,84.686485,80.609572,80.801068,1,1
5002,olson_pnas2021,2022,84.971581,79.047308,79.881418,1,1
5003,olson_pnas2021,2022,86.515015,81.159042,81.137337,0,1
5004,olson_pnas2021,2022,82.447227,81.281039,81.345610,1,1
5005,olson_pnas2021,2022,51.570618,79.105816,78.898052,1,1
5006,olson_pnas2021,2022,79.269585,80.582028,80.280693,1,1
5007,olson_pnas2021,2022,78.374893,78.832256,79.047751,0,1
5008,olson_pnas2021,2022,87.762543,84.424970,84.463049,1,1
5009,olson_pnas2021,2022,85.814957,81.393109,82.638197,0,1
5010,olson_pnas2021,2022,85.699516,81.090195,81.653056,1,1
5011,olson_pnas2021,2022,76.694153,77.791020,77.464184,0,1
5012,olson_pnas2021,2022,81.346008,80.908011,80.838370,0,1
5013,olson_pnas2021,2022,80.395851,82.354104,82.146127,0,1
5014,olson_pnas2021,2022,73.325500,78.305886,79.006565,0,1
5015,olson_pnas2021,2022,78.703758,80.055187,79.885375,1,1
5016,olson_pnas2021,2022,74.335648,76.145502,76.590094,0,1
5017,olson_pnas2021,2022,68.746552,76.923188,77.115740,0,1
5018,olson_pnas2021,2022,89.040894,87.486578,87.183702,1,1
5019,olson_pnas2021,2022,85.069183,83.948685,84.975388,0,1
5020,olson_pnas2021,2022,85.135353,82.772475,83.388068,1,1
5021,olson_pnas2021,2022,76.431549,77.752598,79.042115,0,1
5022,olson_pnas2021,2022,72.734985,76.393101,76.197212,1,1
5023,olson_pnas2021,2022,76.497047,77.114889,77.700282,1,1
5024,olson_pnas2021,2022,78.633293,82.538188,82.371536,1,1
5025,olson_pnas2021,2022,83.489571,81.948177,82.146279,1,1
5026,olson_pnas2021,2022,79.212967,79.564173,80.001823,0,1
5027,olson_pnas2021,2022,87.128624,85.254288,85.370885,1,1
5028,olson_pnas2021,2022,78.574890,78.536691,79.473648,0,1
5029,olson_pnas2021,2022,82.575447,80.325477,80.602100,1,1
5030,olson_pnas2021,2022,67.766243,76.887596,77.188212,1,1
5031,olson_pnas2021,2022,72.607491,79.287216,78.943140,1,1
5032,olson_pnas2021,2022,80.632744,81.631514,82.335120,0,1
5033,olson_pnas2021,2022,80.990097,83.812234,84.842791,0,1
5034,olson_pnas2021,2022,83.832047,82.075834,82.377866,1,1
5035,olson_pnas2021,2022,73.399292,74.695792,75.776237,0,1
5036,olson_pnas2021,2022,84.476074,81.987641,81.874762,0,1
5037,olson_pnas2021,2022,77.591866,77.327845,77.639356,0,1
5038,olson_pnas2021,2022,80.775383,79.988156,80.906396,1,1
5039,olson_pnas2021,2022,74.523628,82.545393,83.449003,0,1
5040,olson_pnas2021,2022,79.338875,80.407556,80.275116,0,1
5041,olson_pnas2021,2022,72.462830,76.631547,76.928630,0,1
5042,olson_pnas2021,2022,73.255478,78.091987,77.943803,1,1
5043,olson_pnas2021,2022,79.500732,80.340152,80.273940,0,1
5044,olson_pnas2021,2022,73.594009,77.667352,77.838201,0,1
5045,olson_pnas2021,2022,76.254326,79.490084,79.787845,0,1
5046,olson_pnas2021,2022,76.096275,79.577651,78.832805,1,1
5047,olson_pnas2021,2022,74.278076,78.629500,78.332417,1,1
5048,olson_pnas2021,2022,73.902596,76.525406,77.281530,1,1
5049,olson_pnas2021,2022,67.751198,75.848281,76.641494,0,1
5050,olson_pnas2021,2022,68.256447,77.707384,78.791435,1,1
5051,olson_pnas2021,2022,79.041862,79.009454,79.394459,0,1
5052,olson_pnas2021,2022,79.300087,80.669342,80.885644,0,1
5053,olson_pnas2021,2022,74.392288,78.299351,78.851758,0,1
5054,olson_pnas2021,2022,84.916924,84.446939,83.932380,0,1
5055,olson_pnas2021,2022,61.874550,79.573415,82.022237,0,1
5056,olson_pnas2021,2022,83.861824,87.200697,86.413314,0,1
5057,olson_pnas2021,2022,79.619774,78.731561,79.617138,1,1
5058,olson_pnas2021,2022,84.168243,80.492219,81.333151,1,1
5059,olson_pnas2021,2022,72.197029,75.538712,76.280762,0,1
5060,olson_pnas2021,2022,85.062561,83.387154,82.919618,0,1
5061,olson_pnas2021,2022,84.535637,80.555826,81.601820,1,1
5062,olson_pnas2021,2022,70.641289,76.957952,77.055103,1,1
5063,olson_pnas2021,2022,70.977806,77.707599,77.677151,1,1
5064,olson_pnas2021,2022,80.241554,79.748489,80.051927,0,1
5065,olson_pnas2021,2022,83.775284,85.690231,85.640133,0,1
5066,olson_pnas2021,2022,92.145638,88.131007,88.557672,1,1
5067,olson_pnas2021,2022,82.355568,80.368078,81.547137,1,1
5068,olson_pnas2021,2022,81.312508,78.862273,79.669027,0,1
5069,olson_pnas2021,2022,78.617218,78.838321,79.414350,1,1
5070,olson_pnas2021,2022,79.952431,79.236921,79.448808,0,1
5071,olson_pnas2021,2022,80.832794,79.852374,80.041437,1,1
5072,olson_pnas2021,2022,84.695747,78.873018,78.611237,0,1
5073,olson_pnas2021,2022,69.429245,77.633492,77.506605,1,1
5074,olson_pnas2021,2022,77.085754,78.262025,78.480189,1,1
5075,olson_pnas2021,2022,70.225235,75.969102,76.244247,0,1
5076,olson_pnas2021,2022,80.174683,81.758941,81.436335,0,1
5077,olson_pnas2021,2022,84.349152,84.393119,84.944786,1,1
5078,olson_pnas2021,2022,87.738052,85.645300,85.713114,0,1
5079,olson_pnas2021,2022,87.286964,83.499817,84.493836,0,1
5080,olson_pnas2021,2022,76.324829,77.146483,78.397230,1,1
5081,olson_pnas2021,2022,79.405991,78.732453,79.226983,1,1
5082,olson_pnas2021,2022,78.118652,80.192102,79.745962,0,1
5083,olson_pnas2021,2022,81.503334,82.170630,81.580347,1,1
5084,olson_pnas2021,2022,86.362732,82.250417,82.666023,0,1
5085,olson_pnas2021,2022,76.743805,81.174385,81.208091,0,1
5086,olson_pnas2021,2022,75.979927,77.189609,77.729277,1,1
5087,olson_pnas2021,2022,84.081879,82.034591,82.032515,1,1
5088,olson_pnas2021,2022,79.923668,82.215003,81.751664,1,1
5089,olson_pnas2021,2022,75.388268,77.866524,78.162527,0,1
5090,olson_pnas2021,2022,86.995682,81.323813,81.261929,0,1
5091,olson_pnas2021,2022,80.597649,78.598484,79.749743,1,1
5092,olson_pnas2021,2022,78.799484,78.866818,79.554597,0,1
5093,olson_pnas2021,2022,83.352486,81.047417,81.668468,1,1
5094,olson_pnas2021,2022,73.241470,77.351596,77.581810,0,1
5095,olson_pnas2021,2022,82.664749,81.363810,81.464060,1,1
5096,olson_pnas2021,2022,82.545006,81.597169,81.730668,0,1
5097,olson_pnas2021,2022,73.441521,75.369815,76.738762,0,1
5098,olson_pnas2021,2022,87.166229,85.151875,86.278304,0,1
5099,olson_pnas2021,2022,78.781464,77.869145,78.984925,0,1
5100,olson_pnas2021,2022,82.864777,81.136516,81.719188,1,1
5101,olson_pnas2021,2022,75.235542,79.184117,79.048470,0,1
5102,olson_pnas2021,2022,79.939255,79.044560,79.703106,0,1
5103,olson_pnas2021,2022,72.594070,79.566971,79.673464,0,1
5104,olson_pnas2021,2022,73.232796,77.191974,78.858929,1,1
5105,olson_pnas2021,2022,79.973061,78.477655,78.876364,0,1
5106,olson_pnas2021,2022,76.963387,76.872610,77.738649,0,1
5107,olson_pnas2021,2022,89.901039,84.640681,85.536814,0,1
5108,olson_pnas2021,2022,71.811119,77.985142,77.562533,1,1
5109,olson_pnas2021,2022,57.955486,75.095420,75.479305,0,1
5110,olson_pnas2021,2022,80.262527,79.183445,80.762028,0,1
5111,olson_pnas2021,2022,79.954247,78.526426,79.409683,0,1
5112,olson_pnas2021,2022,77.737793,80.279417,80.185339,0,1
5113,olson_pnas2021,2022,63.649513,78.684449,78.548555,0,1
5114,olson_pnas2021,2022,77.126457,81.201700,80.515660,1,1
5115,olson_pnas2021,2022,76.901489,77.642118,78.053504,0,1
5116,olson_pnas2021,2022,65.652252,75.953414,75.835462,1,1
5117,olson_pnas2021,2022,77.603249,79.406102,79.588199,0,1
5118,olson_pnas2021,2022,51.707165,75.197745,75.595987,0,1
5119,olson_pnas2021,2022,79.303986,79.351739,79.528143,0,1
5120,olson_pnas2021,2022,88.923302,,,0,0
5121,olson_pnas2021,2022,88.742935,85.463163,86.970846,1,1
5122,olson_pnas2021,2022,80.443291,80.519827,80.610254,1,1
5123,olson_pnas2021,2022,77.999947,78.347568,79.020648,0,1
5124,olson_pnas2021,2022,85.219589,82.477548,83.306249,0,1
5125,olson_pnas2021,2022,75.974068,77.033816,78.186711,1,1
5126,olson_pnas2021,2022,82.627823,81.400300,81.046533,0,1
5127,olson_pnas2021,2022,77.775665,79.229409,79.380301,0,1
5128,olson_pnas2021,2022,77.988861,79.770969,80.005826,0,1
5129,olson_pnas2021,2022,77.843269,80.498409,79.933125,0,1
5130,olson_pnas2021,2022,76.160843,78.922559,79.051215,1,1
5131,olson_pnas2021,2022,75.382645,76.634318,77.768662,1,1
5132,olson_pnas2021,2022,67.672951,75.609356,75.975243,0,1
5133,olson_pnas2021,2022,81.944290,82.273952,82.648355,0,1
5134,olson_pnas2021,2022,74.873184,75.776843,76.789278,1,1
5135,olson_pnas2021,2022,77.942688,82.195031,81.563240,1,1
5136,olson_pnas2021,2022,74.362030,76.842445,77.499299,0,1
5137,olson_pnas2021,2022,81.305748,81.458981,81.214064,0,1
5138,olson_pnas2021,2022,78.410179,79.391241,80.804693,0,1
5139,olson_pnas2021,2022,84.664536,81.211369,81.590170,0,1
5140,olson_pnas2021,2022,80.528954,80.604784,81.508574,0,1
5141,olson_pnas2021,2022,72.001389,75.747248,76.394774,0,1
5142,olson_pnas2021,2022,72.104385,76.455169,77.344744,1,1
5143,olson_pnas2021,2022,84.342506,81.800938,82.790500,0,1
5144,olson_pnas2021,2022,67.933800,75.252191,75.433691,0,1
5145,olson_pnas2021,2022,86.989311,82.509578,82.777143,1,1
5146,olson_pnas2021,2022,81.631248,82.115679,82.061693,1,1
5147,olson_pnas2021,2022,79.939690,79.325401,79.306994,1,1
5148,olson_pnas2021,2022,88.492081,82.263657,83.326803,0,1
5149,olson_pnas2021,2022,76.499352,80.429531,80.388828,1,1
5150,olson_pnas2021,2022,76.964714,77.929066,78.391180,0,1
5151,olson_pnas2021,2022,81.888672,80.581517,80.949639,0,1
5152,olson_pnas2021,2022,87.830132,85.174232,87.249469,0,1
5153,olson_pnas2021,2022,83.317802,81.663144,81.978903,1,1
5154,olson_pnas2021,2022,82.896568,81.751245,81.588274,0,1
5155,olson_pnas2021,2022,79.873398,81.915703,81.968417,0,1
5156,olson_pnas2021,2022,72.868645,76.049630,77.151628,1,1
5157,olson_pnas2021,2022,76.522430,78.983828,79.043651,1,1
5158,olson_pnas2021,2022,89.263618,85.719907,86.395365,1,1
5159,olson_pnas2021,2022,85.549843,82.315988,82.129815,0,1
5160,olson_pnas2021,2022,76.176384,79.037180,78.802304,0,1
5161,olson_pnas2021,2022,76.340706,80.529460,80.200513,0,1
5162,olson_pnas2021,2022,69.683060,76.674468,77.020998,1,1
5163,olson_pnas2021,2022,76.984070,79.905620,79.400699,1,1
5164,olson_pnas2021,2022,87.663704,82.488257,84.443852,0,1
5165,olson_pnas2021,2022,59.127895,78.720128,79.226923,0,1
5166,olson_pnas2021,2022,83.722717,79.865382,80.382373,1,1
5167,olson_pnas2021,2022,74.433914,78.547835,77.824340,0,1
5168,olson_pnas2021,2022,75.816010,78.256104,78.337455,1,1
5169,olson_pnas2021,2022,80.944740,82.672530,82.887790,1,1
5170,olson_pnas2021,2022,79.595039,79.611358,79.584293,1,1
5171,olson_pnas2021,2022,90.808281,87.344203,86.918466,1,1
5172,olson_pnas2021,2022,80.267624,80.269278,80.431686,1,1
5173,olson_pnas2021,2022,73.691956,77.384289,77.449787,1,1
5174,olson_pnas2021,2022,77.420273,78.868951,79.515978,1,1
5175,olson_pnas2021,2022,74.350235,77.846820,78.896695,0,1
5176,olson_pnas2021,2022,81.718117,86.378188,86.202172,1,1
5177,olson_pnas2021,2022,81.843895,79.800137,80.100380,0,1
5178,olson_pnas2021,2022,77.119415,80.750015,80.037234,0,1
5179,olson_pnas2021,2022,73.287842,79.196260,78.691468,0,1
5180,olson_pnas2021,2022,78.782722,78.911094,79.077822,0,1
5181,olson_pnas2021,2022,86.876801,83.483609,83.853116,0,1
5182,olson_pnas2021,2022,71.238556,78.411570,78.195897,1,1
5183,olson_pnas2021,2022,73.257027,78.763726,79.992990,0,1
5184,olson_pnas2021,2022,72.129387,79.129430,79.579467,0,1
5185,olson_pnas2021,2022,72.188446,76.276356,75.979541,0,1
5186,olson_pnas2021,2022,71.356354,77.707959,77.314797,0,1
5187,olson_pnas2021,2022,74.456573,77.648826,78.337489,0,1
5188,olson_pnas2021,2022,79.974525,79.386663,79.403486,0,1
5189,olson_pnas2021,2022,79.623383,79.801389,80.158767,0,1
5190,olson_pnas2021,2022,77.756584,82.631326,82.410359,1,1
5191,olson_pnas2021,2022,79.746452,78.057240,78.800270,1,1
5192,olson_pnas2021,2022,77.660110,78.041647,78.007744,1,1
5193,olson_pnas2021,2022,73.789436,82.337799,82.020763,0,1
5194,olson_pnas2021,2022,74.519989,74.989457,76.389049,1,1
5195,olson_pnas2021,2022,77.003197,80.240819,80.331028,1,1
5196,olson_pnas2021,2022,74.345139,78.184730,78.152515,1,1
5197,olson_pnas2021,2022,77.601852,79.973049,79.734153,0,1
5198,olson_pnas2021,2022,77.859848,79.546582,80.023039,1,1
5199,olson_pnas2021,2022,71.218956,75.636227,76.343614,0,1
5200,olson_pnas2021,2022,68.590019,77.922135,77.319409,0,1
5201,olson_pnas2021,2022,85.225471,82.614291,82.835089,0,1
5202,olson_pnas2021,2022,79.276863,79.479575,79.815848,0,1
5203,olson_pnas2021,2022,79.434113,80.189311,81.015600,1,1
5204,olson_pnas2021,2022,83.049156,81.335467,80.644032,1,1
5205,olson_pnas2021,2022,85.503738,84.713965,84.753293,0,1
5206,olson_pnas2021,2022,72.469971,83.014517,84.573687,1,1
5207,olson_pnas2021,2022,78.439262,79.079965,79.305482,0,1
5208,olson_pnas2021,2022,79.420433,79.408097,80.087818,1,1
5209,olson_pnas2021,2022,83.215088,81.157734,81.162772,0,1
5210,olson_pnas2021,2022,75.684998,77.752051,78.123650,1,1
5211,olson_pnas2021,2022,77.261307,79.099005,79.145115,1,1
5212,olson_pnas2021,2022,76.972168,78.312473,80.046042,1,1
5213,olson_pnas2021,2022,81.199928,83.864720,83.435270,1,1
5214,olson_pnas2021,2022,72.876205,76.213574,76.966374,1,1
5215,olson_pnas2021,2022,86.373932,82.230877,82.926689,1,1
5216,olson_pnas2021,2022,80.319771,79.642785,79.849834,1,1
5217,olson_pnas2021,2022,76.992241,76.921757,79.379843,1,1
5218,olson_pnas2021,2022,85.736694,84.021010,84.475150,0,1
5219,olson_pnas2021,2022,84.509422,81.865890,82.752283,0,1
5220,olson_pnas2021,2022,72.111961,77.557441,77.876196,1,1
5221,olson_pnas2021,2022,91.587761,88.298210,89.080615,0,1
5222,olson_pnas2021,2022,79.842606,79.593430,79.696078,0,1
5223,olson_pnas2021,2022,82.040932,83.878229,84.598026,1,1
5224,olson_pnas2021,2022,78.235451,79.435714,79.262922,1,1
5225,olson_pnas2021,2022,85.202011,79.494937,80.710941,0,1
5226,olson_pnas2021,2022,83.016159,81.576845,81.482711,0,1
5227,olson_pnas2021,2022,72.663872,76.632970,77.191353,1,1
5228,olson_pnas2021,2022,79.601013,78.738237,78.886121,0,1
5229,olson_pnas2021,2022,73.482742,77.722317,79.018923,0,1
5230,olson_pnas2021,2022,75.051186,78.326321,77.878812,1,1
5231,olson_pnas2021,2022,86.928108,80.919832,81.769722,1,1
5232,olson_pnas2021,2022,76.857094,78.248205,78.430685,1,1
5233,olson_pnas2021,2022,80.439667,80.164734,79.792563,1,1
5234,olson_pnas2021,2022,74.050835,76.776838,78.281105,0,1
5235,olson_pnas2021,2022,66.552399,76.943581,77.824011,0,1
5236,olson_pnas2021,2022,65.127548,79.744888,80.007294,0,1
5237,olson_pnas2021,2022,71.788116,77.604553,77.744553,0,1
5238,olson_pnas2021,2022,77.206108,77.592612,78.916583,1,1
5239,olson_pnas2021,2022,81.384575,81.182010,81.845013,0,1
5240,olson_pnas2021,2022,76.409767,77.669117,78.431885,1,1
5241,olson_pnas2021,2022,73.304276,77.891066,77.477069,1,1
5242,olson_pnas2021,2022,87.485596,82.856265,83.608096,0,1
5243,olson_pnas2021,2022,82.122902,81.273990,81.219797,1,1
5244,olson_pnas2021,2022,84.065849,80.962117,81.761399,1,1
5245,olson_pnas2021,2022,77.365021,78.617620,78.937266,0,1
5246,olson_pnas2021,2022,70.685318,79.083875,78.810186,1,1
5247,olson_pnas2021,2022,82.769600,80.424707,80.634213,1,1
5248,olson_pnas2021,2022,62.007099,76.561504,76.879672,0,1
5249,olson_pnas2021,2022,77.131950,80.036271,79.967580,1,1
5250,olson_pnas2021,2022,76.646996,78.622262,79.342318,1,1
5251,olson_pnas2021,2022,85.883949,81.298816,81.243816,0,1
5252,olson_pnas2021,2022,74.857887,83.677114,84.318313,1,1
5253,olson_pnas2021,2022,73.651535,75.780928,76.817843,0,1
5254,olson_pnas2021,2022,79.856270,81.440415,81.023706,0,1
5255,olson_pnas2021,2022,61.052044,74.928993,76.392435,0,1
5256,olson_pnas2021,2022,77.647194,78.276365,78.008998,1,1
5257,olson_pnas2021,2022,75.821335,77.612428,78.049402,0,1
5258,olson_pnas2021,2022,76.765221,79.356268,79.146985,0,1
5259,olson_pnas2021,2022,78.606590,80.582584,79.878822,1,1
5260,olson_pnas2021,2022,77.188751,79.651736,79.706734,1,1
5261,olson_pnas2021,2022,74.554726,78.352213,79.846773,0,1
5262,olson_pnas2021,2022,72.002045,78.717917,78.642149,0,1
5263,olson_pnas2021,2022,73.073456,77.669905,78.252648,1,1
5264,olson_pnas2021,2022,81.525177,80.556618,80.705063,1,1
5265,olson_pnas2021,2022,88.596794,82.890797,83.557928,1,1
5266,olson_pnas2021,2022,82.229790,78.795223,80.262011,0,1
5267,olson_pnas2021,2022,71.170494,77.732694,78.131005,0,1
5268,olson_pnas2021,2022,83.928261,81.303971,81.072472,1,1
5269,olson_pnas2021,2022,74.974182,77.708355,78.307177,1,1
5270,olson_pnas2021,2022,57.731236,74.830665,75.467720,1,1
5271,olson_pnas2021,2022,82.111511,80.180324,80.941738,1,1
5272,olson_pnas2021,2022,71.923111,74.754796,76.036755,1,1
5273,olson_pnas2021,2022,77.780518,83.201643,82.510001,0,1
5274,olson_pnas2021,2022,90.431061,81.933414,82.681207,1,1
5275,olson_pnas2021,2022,78.544250,79.751615,80.147875,1,1
5276,olson_pnas2021,2022,81.372627,76.402424,77.872817,0,1
5277,olson_pnas2021,2022,80.955177,80.368904,81.462922,0,1
5278,olson_pnas2021,2022,88.807503,83.376831,83.829196,0,1
5279,olson_pnas2021,2022,89.263489,83.405311,83.914204,0,1
5280,olson_pnas2021,2022,72.904671,77.589458,78.048732,1,1
5281,olson_pnas2021,2022,86.499580,85.282772,85.790662,1,1
5282,olson_pnas2021,2022,88.392975,86.095847,86.063405,0,1
5283,olson_pnas2021,2022,85.653427,80.754502,81.488737,0,1
5284,olson_pnas2021,2022,86.572525,82.581503,83.454912,0,1
5285,olson_pnas2021,2022,79.481834,80.054945,79.698173,0,1
5286,olson_pnas2021,2022,83.873657,80.569257,81.406962,0,1
5287,olson_pnas2021,2022,82.637146,83.011127,82.613154,0,1
5288,olson_pnas2021,2022,76.857498,76.841986,78.294047,1,1
5289,olson_pnas2021,2022,86.445412,77.628771,79.013774,0,1
5290,olson_pnas2021,2022,77.209000,80.167290,80.301655,0,1
5291,olson_pnas2021,2022,84.415596,83.694209,83.447582,0,1
5292,olson_pnas2021,2022,87.481255,83.808667,84.130929,1,1
5293,olson_pnas2021,2022,84.637085,79.186555,80.196220,1,1
5294,olson_pnas2021,2022,75.625160,78.346036,80.044792,0,1
5295,olson_pnas2021,2022,87.583038,90.368183,90.294129,1,1
5296,olson_pnas2021,2022,77.926132,87.537693,88.886414,1,1
5297,olson_pnas2021,2022,75.065643,76.576485,77.374929,0,1
5298,olson_pnas2021,2022,84.058052,81.603183,81.546225,0,1
5299,olson_pnas2021,2022,79.553619,81.090003,81.045493,1,1
5300,olson_pnas2021,2022,75.558731,78.577474,79.904188,0,1
5301,olson_pnas2021,2022,79.604324,79.931077,80.129704,0,1
5302,olson_pnas2021,2022,77.378235,80.699532,80.455962,1,1
5303,olson_pnas2021,2022,69.131485,75.760243,76.358740,0,1
5304,olson_pnas2021,2022,69.854630,75.924073,76.615296,0,1
5305,olson_pnas2021,2022,73.314735,77.299052,77.779921,1,1
5306,olson_pnas2021,2022,75.778397,78.590058,78.521305,0,1
5307,olson_pnas2021,2022,84.305328,81.418304,82.406062,1,1
5308,olson_pnas2021,2022,83.143250,84.045570,84.024143,1,1
5309,olson_pnas2021,2022,68.074921,75.807829,76.295105,1,1
5310,olson_pnas2021,2022,76.405441,77.411315,77.763264,0,1
5311,olson_pnas2021,2022,67.009216,81.738675,82.147707,1,1
5312,olson_pnas2021,2022,76.890877,77.287213,77.689931,1,1
5313,olson_pnas2021,2022,81.054550,82.336586,82.359577,0,1
5314,olson_pnas2021,2022,90.357880,84.037902,84.495349,0,1
5315,olson_pnas2021,2022,83.158127,81.154856,81.861226,1,1
5316,olson_pnas2021,2022,87.050316,85.094773,86.856028,0,1
5317,olson_pnas2021,2022,86.950790,83.652360,83.994776,1,1
5318,olson_pnas2021,2022,79.979752,79.640760,80.401508,0,1
5319,olson_pnas2021,2022,77.211395,78.816487,78.658447,1,1
5320,olson_pnas2021,2022,70.463577,76.103810,76.334706,0,1
5321,olson_pnas2021,2022,76.755096,78.789745,78.783994,1,1
5322,olson_pnas2021,2022,84.557220,82.731401,82.880454,0,1
5323,olson_pnas2021,2022,72.281799,83.682335,84.119725,1,1
5324,olson_pnas2021,2022,82.892540,80.881220,81.131756,1,1
5325,olson_pnas2021,2022,84.481415,80.393099,81.557690,0,1
5326,olson_pnas2021,2022,76.437981,80.755097,82.379592,0,1
5327,olson_pnas2021,2022,77.711578,78.327087,79.094377,1,1
5328,olson_pnas2021,2022,84.008896,85.882314,86.138834,0,1
5329,olson_pnas2021,2022,56.268768,82.411640,82.213673,1,1
5330,olson_pnas2021,2022,84.422028,82.795889,82.682509,1,1
5331,olson_pnas2021,2022,77.803566,79.067068,79.587848,0,1
5332,olson_pnas2021,2022,81.780022,79.852004,80.256362,0,1
5333,olson_pnas2021,2022,74.970421,79.448126,79.748016,1,1
5334,olson_pnas2021,2022,82.835594,79.345216,81.235096,1,1
5335,olson_pnas2021,2022,69.674316,77.146057,77.111779,0,1
5336,olson_pnas2021,2022,73.683914,77.029296,77.011335,1,1
5337,olson_pnas2021,2022,82.678780,79.848969,80.167495,1,1
5338,olson_pnas2021,2022,77.017876,81.019407,81.409659,1,1
5339,olson_pnas2021,2022,79.211952,78.909185,78.788181,1,1
5340,olson_pnas2021,2022,75.039383,77.170025,77.521583,0,1
5341,olson_pnas2021,2022,82.145241,79.664990,80.016929,0,1
5342,olson_pnas2021,2022,64.024200,83.769611,84.810745,0,1
5343,olson_pnas2021,2022,74.741852,82.418311,81.672700,1,1
5344,olson_pnas2021,2022,83.440781,80.235877,80.607516,1,1
5345,olson_pnas2021,2022,78.029861,79.516034,79.694009,1,1
5346,olson_pnas2021,2022,80.964264,79.183163,79.762633,1,1
5347,olson_pnas2021,2022,81.316666,80.169950,80.476550,0,1
5348,olson_pnas2021,2022,76.093826,78.453382,78.685919,0,1
5349,olson_pnas2021,2022,66.538574,75.450291,76.299787,1,1
5350,olson_pnas2021,2022,68.998848,75.023534,76.757196,1,1
5351,olson_pnas2021,2022,79.589493,81.140876,80.586207,1,1
5352,olson_pnas2021,2022,76.798615,81.750711,81.503470,1,1
5353,olson_pnas2021,2022,82.704231,83.305079,82.473370,1,1
5354,olson_pnas2021,2022,83.302689,81.783527,82.458792,1,1
5355,olson_pnas2021,2022,75.002113,79.913512,79.278264,0,1
5356,olson_pnas2021,2022,89.275139,88.969158,89.581564,1,1
5357,olson_pnas2021,2022,74.953934,78.352358,78.384279,0,1
5358,olson_pnas2021,2022,82.357841,81.172763,81.619031,1,1
5359,olson_pnas2021,2022,81.920845,82.206734,82.739805,0,1
5360,olson_pnas2021,2022,75.877853,78.712822,78.990644,1,1
5361,olson_pnas2021,2022,85.607002,80.636121,81.550769,1,1
5362,olson_pnas2021,2022,66.921455,80.086481,79.641194,0,1
5363,olson_pnas2021,2022,78.753677,80.114008,80.373643,1,1
5364,olson_pnas2021,2022,73.634491,77.881708,77.300550,1,1
5365,olson_pnas2021,2022,84.789589,82.154534,83.532839,0,1
5366,olson_pnas2021,2022,88.062431,84.083756,84.120441,1,1
5367,olson_pnas2021,2022,82.409683,80.369772,80.296351,0,1
5368,olson_pnas2021,2022,78.145012,78.350058,78.647481,1,1
5369,olson_pnas2021,2022,81.741173,78.177958,79.377086,1,1
5370,olson_pnas2021,2022,79.393318,81.243896,81.546521,0,1
5371,olson_pnas2021,2022,77.700462,77.757720,77.895806,0,1
5372,olson_pnas2021,2022,74.492905,76.613431,77.439190,0,1
5373,olson_pnas2021,2022,81.257408,82.208833,82.043662,1,1
5374,olson_pnas2021,2022,66.330696,80.435656,81.347789,1,1
5375,olson_pnas2021,2022,90.723846,87.209588,87.487436,0,1
5376,olson_pnas2021,2022,79.520073,78.962246,79.176850,0,1
5377,olson_pnas2021,2022,73.079666,79.295698,79.024232,1,1
5378,olson_pnas2021,2022,79.551521,78.583369,79.400756,0,1
5379,olson_pnas2021,2022,71.376129,76.476852,77.869431,0,1
5380,olson_pnas2021,2022,68.889359,82.403889,82.030605,1,1
5381,olson_pnas2021,2022,74.345726,77.118202,77.887316,1,1
5382,olson_pnas2021,2022,74.971947,81.045345,81.264750,0,1
5383,olson_pnas2021,2022,83.422226,81.705444,82.043360,0,1
5384,olson_pnas2021,2022,77.841476,78.886321,78.904255,0,1
5385,olson_pnas2021,2022,82.333717,79.889293,80.508536,0,1
5386,olson_pnas2021,2022,76.519104,78.157358,77.770987,0,1
5387,olson_pnas2021,2022,86.913193,85.035991,84.722141,0,1
5388,olson_pnas2021,2022,92.837807,86.932295,87.928473,1,1
5389,olson_pnas2021,2022,79.487556,79.613197,79.609908,0,1
5390,olson_pnas2021,2022,79.601006,80.439483,80.804452,1,1
5391,olson_pnas2021,2022,67.984009,77.344764,77.302856,0,1
5392,olson_pnas2021,2022,79.238716,79.678325,79.245216,0,1
5393,olson_pnas2021,2022,75.332664,79.707307,79.903164,0,1
5394,olson_pnas2021,2022,85.801659,83.317160,83.926781,0,1
5395,olson_pnas2021,2022,77.963219,79.055760,79.987689,1,1
5396,olson_pnas2021,2022,75.305168,78.350916,78.434137,1,1
5397,olson_pnas2021,2022,77.045280,79.013968,80.465809,0,1
5398,olson_pnas2021,2022,87.332191,82.258324,83.423660,1,1
5399,olson_pnas2021,2022,82.439583,79.491209,80.032389,0,1
5400,olson_pnas2021,2022,75.933487,77.796144,78.461039,0,1
5401,olson_pnas2021,2022,73.397995,75.519454,76.727514,1,1
5402,olson_pnas2021,2022,81.243469,78.865106,79.549737,1,1
5403,olson_pnas2021,2022,81.498405,80.524146,80.407580,1,1
5404,olson_pnas2021,2022,77.508301,79.053847,79.100508,1,1
5405,olson_pnas2021,2022,83.015297,80.807125,80.965125,1,1
5406,olson_pnas2021,2022,85.769096,78.622052,79.025976,0,1
5407,olson_pnas2021,2022,74.616829,76.133956,77.351274,0,1
5408,olson_pnas2021,2022,79.362709,79.474297,80.668046,1,1
5409,olson_pnas2021,2022,84.604736,81.133193,82.541481,1,1
5410,olson_pnas2021,2022,75.496658,78.459015,78.787547,0,1
5411,olson_pnas2021,2022,87.815979,87.571166,86.714485,1,1
5412,olson_pnas2021,2022,70.578056,78.422482,77.681920,1,1
5413,olson_pnas2021,2022,88.241714,83.368875,83.775635,1,1
5414,olson_pnas2021,2022,61.173481,79.276621,79.219464,0,1
5415,olson_pnas2021,2022,90.619331,84.828180,84.991722,0,1
5416,olson_pnas2021,2022,85.423035,84.469440,84.453433,1,1
5417,olson_pnas2021,2022,78.747284,79.675608,80.061178,1,1
5418,olson_pnas2021,2022,78.284767,77.801498,79.348657,1,1
5419,olson_pnas2021,2022,78.932228,79.395263,80.516919,1,1
5420,olson_pnas2021,2022,89.332436,83.988645,84.492236,0,1
5421,olson_pnas2021,2022,78.738487,77.591352,79.775944,1,1
5422,olson_pnas2021,2022,81.251961,82.686345,82.311422,0,1
5423,olson_pnas2021,2022,84.686516,83.192470,83.658304,0,1
5424,olson_pnas2021,2022,77.260712,78.599523,78.938454,1,1
5425,olson_pnas2021,2022,75.368378,77.631186,77.475757,1,1
5426,olson_pnas2021,2022,76.644173,78.143109,77.853192,1,1
5427,olson_pnas2021,2022,82.525101,79.836796,80.168859,1,1
5428,olson_pnas2021,2022,89.039833,83.943971,84.562694,0,1
5429,olson_pnas2021,2022,85.967598,84.963876,85.417658,0,1
5430,olson_pnas2021,2022,66.176102,82.647696,82.611934,1,1
5431,olson_pnas2021,2022,71.054100,75.770563,75.635916,1,1
5432,olson_pnas2021,2022,77.721664,79.220165,80.407748,0,1
5433,olson_pnas2021,2022,72.866791,76.449821,77.338654,1,1
5434,olson_pnas2021,2022,87.017403,82.563462,82.924185,0,1
5435,olson_pnas2021,2022,84.167740,81.074770,81.312201,1,1
5436,olson_pnas2021,2022,82.800064,80.550170,80.902578,0,1
5437,olson_pnas2021,2022,77.703697,78.888082,78.985996,1,1
5438,olson_pnas2021,2022,88.823578,89.491799,90.317834,1,1
5439,olson_pnas2021,2022,55.333538,76.388662,78.778517,0,1
5440,olson_pnas2021,2022,79.541916,79.643688,80.496532,0,1
5441,olson_pnas2021,2022,91.207092,90.627978,89.699312,0,1
5442,olson_pnas2021,2022,80.625122,78.659675,79.978051,1,1
5443,olson_pnas2021,2022,76.399246,77.108146,78.046834,0,1
5444,olson_pnas2021,2022,80.839363,80.135714,80.069092,0,1
5445,olson_pnas2021,2022,75.280731,76.307003,76.998414,0,1
5446,olson_pnas2021,2022,61.151768,74.415548,76.388974,1,1
5447,olson_pnas2021,2022,68.992821,77.979031,78.771046,0,1
5448,olson_pnas2021,2022,63.416355,73.294190,76.370111,1,1
5449,olson_pnas2021,2022,77.461884,78.171891,79.394868,0,1
5450,olson_pnas2021,2022,83.836349,82.524162,82.129783,1,1
5451,olson_pnas2021,2022,78.123856,78.547016,78.934794,0,1
5452,olson_pnas2021,2022,89.325752,84.511576,85.167274,1,1
5453,olson_pnas2021,2022,79.173172,79.712765,80.062418,1,1
5454,olson_pnas2021,2022,73.642990,78.200739,78.129509,1,1
5455,olson_pnas2021,2022,81.864311,80.525649,80.953655,0,1
5456,olson_pnas2021,2022,72.040321,79.669556,79.374405,1,1
5457,olson_pnas2021,2022,79.610405,78.442555,79.084929,1,1
5458,olson_pnas2021,2022,71.948631,80.413162,80.048118,1,1
5459,olson_pnas2021,2022,78.885872,78.411254,78.658786,1,1
5460,olson_pnas2021,2022,82.608917,80.829029,80.915222,1,1
5461,olson_pnas2021,2022,77.113770,78.623643,78.915917,0,1
5462,olson_pnas2021,2022,83.561867,80.965974,81.161912,1,1
5463,olson_pnas2021,2022,76.799530,79.454480,79.218938,0,1
5464,olson_pnas2021,2022,80.203392,79.440860,80.280421,1,1
5465,olson_pnas2021,2022,84.146515,80.574616,80.888235,0,1
5466,olson_pnas2021,2022,84.805504,82.658843,83.405433,0,1
5467,olson_pnas2021,2022,84.782585,82.266929,82.617148,0,1
5468,olson_pnas2021,2022,71.035530,75.657708,76.024108,1,1
5469,olson_pnas2021,2022,78.697807,78.583424,78.472731,0,1
5470,olson_pnas2021,2022,66.598236,76.825885,77.051035,0,1
5471,olson_pnas2021,2022,78.439972,77.606520,78.834939,1,1
5472,olson_pnas2021,2022,81.258881,79.903096,80.463201,0,1
5473,olson_pnas2021,2022,73.262527,76.716864,77.020764,1,1
5474,olson_pnas2021,2022,88.974915,82.951245,84.098335,0,1
5475,olson_pnas2021,2022,77.123192,79.149610,79.117427,1,1
5476,olson_pnas2021,2022,76.886124,80.966128,80.539873,0,1
5477,olson_pnas2021,2022,80.747673,80.094902,80.063418,1,1
5478,olson_pnas2021,2022,70.035149,75.105698,75.621287,0,1
5479,olson_pnas2021,2022,83.370102,80.994437,82.911745,0,1
5480,olson_pnas2021,2022,78.778542,79.871225,79.469035,0,1
5481,olson_pnas2021,2022,76.700928,79.764962,79.142314,0,1
5482,olson_pnas2021,2022,62.403732,78.536527,79.117284,1,1
5483,olson_pnas2021,2022,85.977028,82.089475,82.861437,1,1
5484,olson_pnas2021,2022,79.216972,79.714576,80.946347,1,1
5485,olson_pnas2021,2022,85.626099,81.423923,81.760926,0,1
5486,olson_pnas2021,2022,75.313583,85.402428,87.693087,1,1
5487,olson_pnas2021,2022,76.154221,79.453483,78.566185,0,1
5488,olson_pnas2021,2022,87.710068,82.746962,83.878339,0,1
5489,olson_pnas2021,2022,83.169762,80.077392,81.849145,0,1
5490,olson_pnas2021,2022,70.404045,80.284385,79.723394,0,1
5491,olson_pnas2021,2022,71.973404,77.514828,76.872253,1,1
5492,olson_pnas2021,2022,81.124321,79.819799,79.552995,0,1
5493,olson_pnas2021,2022,76.005600,79.254279,79.320617,0,1
5494,olson_pnas2021,2022,84.301010,80.606147,80.974080,1,1
5495,olson_pnas2021,2022,75.929352,79.410133,79.556188,0,1
5496,olson_pnas2021,2022,86.850685,82.928472,83.496589,1,1
5497,olson_pnas2021,2022,78.852310,78.074369,80.078338,1,1
5498,olson_pnas2021,2022,80.440941,80.117844,81.610747,1,1
5499,olson_pnas2021,2022,79.598656,80.283882,80.048366,0,1
5500,olson_pnas2021,2022,79.228889,79.301217,79.532196,0,1
5501,olson_pnas2021,2022,74.915604,77.212054,76.759529,1,1
5502,olson_pnas2021,2022,75.665787,80.048832,79.682086,1,1
5503,olson_pnas2021,2022,76.757118,78.050263,78.582500,1,1
5504,olson_pnas2021,2022,73.312607,78.760551,78.450530,0,1
5505,olson_pnas2021,2022,76.162003,79.008779,78.911213,1,1
5506,olson_pnas2021,2022,69.962021,77.653205,77.492092,0,1
5507,olson_pnas2021,2022,77.261833,78.782186,78.466923,1,1
5508,olson_pnas2021,2022,80.119690,78.554280,79.394784,1,1
5509,olson_pnas2021,2022,77.778923,78.374373,78.120711,0,1
5510,olson_pnas2021,2022,67.978416,76.920273,76.000007,0,1
5511,olson_pnas2021,2022,74.693359,76.889838,77.192226,1,1
5512,olson_pnas2021,2022,84.105476,80.772605,82.258218,1,1
5513,olson_pnas2021,2022,82.455948,79.302193,80.491372,1,1
5514,olson_pnas2021,2022,77.755119,77.954534,78.368816,1,1
5515,olson_pnas2021,2022,84.594620,83.915364,84.398065,1,1
5516,olson_pnas2021,2022,80.523941,79.784024,81.270317,1,1
5517,olson_pnas2021,2022,80.845833,81.261807,81.833072,1,1
5518,olson_pnas2021,2022,81.702522,80.114447,80.318455,0,1
5519,olson_pnas2021,2022,90.325081,84.181290,84.462101,1,1
5520,olson_pnas2021,2022,84.574074,81.474534,83.203107,0,1
5521,olson_pnas2021,2022,75.574791,78.234732,78.947308,1,1
5522,olson_pnas2021,2022,84.149460,80.997830,82.028035,1,1
5523,olson_pnas2021,2022,84.606468,80.479747,81.180680,1,1
5524,olson_pnas2021,2022,80.873199,79.678187,80.779217,1,1
5525,olson_pnas2021,2022,75.597305,77.333141,77.445074,1,1
5526,olson_pnas2021,2022,81.208679,78.879336,79.965075,1,1
5527,olson_pnas2021,2022,74.167755,76.783187,76.845969,1,1
5528,olson_pnas2021,2022,80.088959,80.601930,80.735651,1,1
5529,olson_pnas2021,2022,79.160965,78.495911,79.333776,0,1
5530,olson_pnas2021,2022,77.180618,78.257038,78.360211,1,1
5531,olson_pnas2021,2022,81.771919,81.012416,80.783217,1,1
5532,olson_pnas2021,2022,75.966537,76.886977,76.901298,0,1
5533,olson_pnas2021,2022,77.665726,78.338426,78.071861,0,1
5534,olson_pnas2021,2022,78.937462,79.426731,79.632576,0,1
5535,olson_pnas2021,2022,82.345215,81.765639,82.731335,1,1
5536,olson_pnas2021,2022,77.698723,78.181453,78.236115,1,1
5537,olson_pnas2021,2022,77.913872,78.750336,78.583889,0,1
5538,olson_pnas2021,2022,75.677284,76.653502,77.691507,0,1
5539,olson_pnas2021,2022,78.922951,78.706555,78.801732,0,1
5540,olson_pnas2021,2022,81.431770,80.542735,80.394009,0,1
5541,olson_pnas2021,2022,82.275116,82.611865,82.747025,1,1
5542,olson_pnas2021,2022,89.808121,87.881510,88.036945,1,1
5543,olson_pnas2021,2022,79.050690,79.862108,80.242185,1,1
5544,olson_pnas2021,2022,77.237907,77.866940,78.750287,1,1
5545,olson_pnas2021,2022,81.360535,80.104902,80.874231,0,1
5546,olson_pnas2021,2022,79.953209,81.886472,82.184055,0,1
5547,olson_pnas2021,2022,68.602104,77.325360,77.650875,1,1
5548,olson_pnas2021,2022,81.720772,81.935788,81.268477,0,1
5549,olson_pnas2021,2022,80.637947,81.158087,81.285087,1,1
5550,olson_pnas2021,2022,70.043610,77.551852,77.116225,0,1
5551,olson_pnas2021,2022,78.209442,78.878887,79.109115,1,1
5552,olson_pnas2021,2022,84.492615,86.719516,87.604228,1,1
5553,olson_pnas2021,2022,74.601570,79.344317,78.130853,0,1
5554,olson_pnas2021,2022,85.034058,84.505538,84.601637,1,1
5555,olson_pnas2021,2022,85.178307,81.965844,82.000567,0,1
5556,olson_pnas2021,2022,68.791489,76.365792,78.154006,0,1
5557,olson_pnas2021,2022,80.800041,79.901773,79.930034,1,1
5558,olson_pnas2021,2022,78.297478,78.181944,78.935456,0,1
5559,olson_pnas2021,2022,85.662880,81.290941,82.122214,1,1
5560,olson_pnas2021,2022,85.980988,82.117966,82.775431,1,1
5561,olson_pnas2021,2022,79.337349,82.235796,83.857948,0,1
5562,olson_pnas2021,2022,65.809792,76.515390,77.295290,0,1
5563,olson_pnas2021,2022,84.252861,81.207702,82.182407,0,1
5564,olson_pnas2021,2022,88.918388,87.064742,87.910266,0,1
5565,olson_pnas2021,2022,67.461235,76.267624,77.303979,1,1
5566,olson_pnas2021,2022,73.763702,76.856873,77.157027,1,1
5567,olson_pnas2021,2022,82.295311,80.871455,81.961143,0,1
5568,olson_pnas2021,2022,86.327293,81.912524,82.986109,1,1
5569,olson_pnas2021,2022,79.522049,79.418650,79.663136,1,1
5570,olson_pnas2021,2022,89.818832,85.204589,85.100840,1,1
5571,olson_pnas2021,2022,76.703957,77.868787,78.556278,0,1
5572,olson_pnas2021,2022,83.615425,82.566860,82.011672,1,1
5573,olson_pnas2021,2022,89.257004,86.708547,86.377618,1,1
5574,olson_pnas2021,2022,78.183395,79.319928,79.207854,1,1
5575,olson_pnas2021,2022,78.500732,79.274029,79.671402,1,1
5576,olson_pnas2021,2022,76.620468,79.426861,82.286318,1,1
5577,olson_pnas2021,2022,75.109688,77.247729,77.553961,0,1
5578,olson_pnas2021,2022,85.758743,80.351967,82.128482,0,1
5579,olson_pnas2021,2022,71.529022,77.219927,76.941080,0,1
5580,olson_pnas2021,2022,76.094017,78.395771,78.671886,0,1
5581,olson_pnas2021,2022,76.666000,78.180232,79.059626,1,1
5582,olson_pnas2021,2022,95.019478,87.797446,88.558381,0,1
5583,olson_pnas2021,2022,84.025032,79.865911,79.896524,0,1
5584,olson_pnas2021,2022,89.858040,86.950159,87.133821,1,1
5585,olson_pnas2021,2022,76.374207,78.546159,79.296109,0,1
5586,olson_pnas2021,2022,76.429268,80.414422,82.070943,0,1
5587,olson_pnas2021,2022,80.265915,81.632535,80.612067,0,1
5588,olson_pnas2021,2022,77.825508,79.544102,79.164955,1,1
5589,olson_pnas2021,2022,77.205803,79.414387,79.220175,0,1
5590,olson_pnas2021,2022,84.794136,81.080132,82.069299,0,1
5591,olson_pnas2021,2022,77.937630,77.572002,78.801241,1,1
5592,olson_pnas2021,2022,75.052605,77.878637,78.120292,0,1
5593,olson_pnas2021,2022,75.985779,79.529891,79.736861,1,1
5594,olson_pnas2021,2022,63.015663,75.356317,76.461130,1,1
5595,olson_pnas2021,2022,81.170097,80.352087,80.728964,1,1
5596,olson_pnas2021,2022,84.861336,84.387833,85.860685,0,1
5597,olson_pnas2021,2022,80.076752,79.307410,80.120735,0,1
5598,olson_pnas2021,2022,82.359612,82.081249,82.808917,1,1
5599,olson_pnas2021,2022,70.296303,78.963296,79.013417,1,1
5600,olson_pnas2021,2022,75.730751,78.161484,78.552089,1,1
5601,olson_pnas2021,2022,74.298531,77.327780,77.247034,1,1
5602,olson_pnas2021,2022,76.464722,79.494193,78.726573,1,1
5603,olson_pnas2021,2022,86.020332,80.745217,80.886344,1,1
5604,olson_pnas2021,2022,83.151199,80.920119,81.174120,1,1
5605,olson_pnas2021,2022,73.680740,77.984370,77.902607,0,1
5606,olson_pnas2021,2022,84.593803,81.183316,81.944927,0,1
5607,olson_pnas2021,2022,78.172424,79.087979,79.048293,0,1
5608,olson_pnas2021,2022,80.328789,80.263471,80.318870,0,1
5609,olson_pnas2021,2022,80.039436,79.479770,80.276906,0,1
5610,olson_pnas2021,2022,87.640778,83.429766,83.522382,0,1
5611,olson_pnas2021,2022,85.172165,78.209140,78.984064,1,1
5612,olson_pnas2021,2022,67.994843,74.776372,76.341516,1,1
5613,olson_pnas2021,2022,81.519562,79.730150,81.093840,1,1
5614,olson_pnas2021,2022,65.163269,81.661873,81.303333,1,1
5615,olson_pnas2021,2022,77.917442,81.041964,80.727489,1,1
5616,olson_pnas2021,2022,84.476265,84.348843,84.850594,1,1
5617,olson_pnas2021,2022,73.230690,77.682699,77.443950,1,1
5618,olson_pnas2021,2022,76.970932,79.787280,81.508788,1,1
5619,olson_pnas2021,2022,77.186966,77.976785,78.357690,0,1
5620,olson_pnas2021,2022,73.870766,80.153802,80.233069,1,1
5621,olson_pnas2021,2022,75.565269,80.159345,80.058709,0,1
5622,olson_pnas2021,2022,88.746864,87.307887,87.852713,1,1
5623,olson_pnas2021,2022,84.601662,80.580482,81.369229,1,1
5624,olson_pnas2021,2022,81.609901,80.895710,80.902303,1,1
5625,olson_pnas2021,2022,75.590874,78.299902,78.250048,1,1
5626,olson_pnas2021,2022,69.003632,76.137090,76.241473,1,1
5627,olson_pnas2021,2022,70.532257,76.459449,76.573364,1,1
5628,olson_pnas2021,2022,73.387596,77.323331,77.686908,1,1
5629,olson_pnas2021,2022,83.917442,81.678324,82.484568,1,1
5630,olson_pnas2021,2022,70.765427,76.645269,76.606505,0,1
5631,olson_pnas2021,2022,80.517212,79.783017,79.579254,1,1
5632,olson_pnas2021,2022,80.324219,86.661299,86.244450,1,1
5633,olson_pnas2021,2022,78.970940,81.935447,81.300194,1,1
5634,olson_pnas2021,2022,86.895248,85.000908,84.993899,0,1
5635,olson_pnas2021,2022,72.362190,76.428404,77.730855,0,1
5636,olson_pnas2021,2022,73.606972,77.790129,77.756132,1,1
5637,olson_pnas2021,2022,79.304649,80.300717,80.732734,1,1
5638,olson_pnas2021,2022,76.637680,79.009870,79.859405,1,1
5639,olson_pnas2021,2022,82.666031,77.582391,78.391284,0,1
5640,olson_pnas2021,2022,67.960167,76.775718,76.874249,0,1
5641,olson_pnas2021,2022,84.165588,81.384086,82.332812,1,1
5642,olson_pnas2021,2022,77.949142,77.367308,78.342145,0,1
5643,olson_pnas2021,2022,71.988594,77.849006,77.700866,0,1
5644,olson_pnas2021,2022,76.827744,78.272024,78.591558,1,1
5645,olson_pnas2021,2022,86.794617,83.304731,83.586336,0,1
5646,olson_pnas2021,2022,71.462265,75.241694,76.332298,0,1
5647,olson_pnas2021,2022,77.359306,78.386039,78.292006,1,1
5648,olson_pnas2021,2022,73.589447,76.925245,78.177040,1,1
5649,olson_pnas2021,2022,85.085915,83.065492,83.343232,1,1
5650,olson_pnas2021,2022,80.768219,80.793247,81.330922,0,1
5651,olson_pnas2021,2022,69.544403,76.033511,77.193820,0,1
5652,olson_pnas2021,2022,77.407890,77.350691,78.514609,1,1
5653,olson_pnas2021,2022,87.959602,81.548149,81.328074,0,1
5654,olson_pnas2021,2022,71.776779,78.943821,79.541187,0,1
5655,olson_pnas2021,2022,79.027969,81.997267,81.785644,0,1
5656,olson_pnas2021,2022,88.836243,85.600293,85.602369,0,1
5657,olson_pnas2021,2022,82.793617,79.061446,80.525106,0,1
5658,olson_pnas2021,2022,77.406929,78.588539,79.386718,0,1
5659,olson_pnas2021,2022,71.974030,77.793116,78.515558,0,1
5660,olson_pnas2021,2022,87.636131,81.185147,81.753077,0,1
5661,olson_pnas2021,2022,91.401146,84.212423,84.676042,0,1
5662,olson_pnas2021,2022,80.078156,79.637082,78.594687,0,1
5663,olson_pnas2021,2022,76.171982,80.476590,80.278783,0,1
5664,olson_pnas2021,2022,85.095284,81.434566,81.651150,1,1
5665,olson_pnas2021,2022,74.573326,77.845886,77.730912,1,1
5666,olson_pnas2021,2022,80.668022,79.830365,80.978997,0,1
5667,olson_pnas2021,2022,75.655693,77.949428,78.620652,0,1
5668,olson_pnas2021,2022,84.996605,80.178999,80.174438,1,1
5669,olson_pnas2021,2022,76.443466,77.579997,77.654441,1,1
5670,olson_pnas2021,2022,83.326004,76.251488,77.461322,0,1
5671,olson_pnas2021,2022,76.864716,80.001994,80.653942,0,1
5672,olson_pnas2021,2022,79.300621,79.456046,80.407396,0,1
5673,olson_pnas2021,2022,80.382553,78.406677,79.227414,1,1
5674,olson_pnas2021,2022,80.519554,80.770647,80.575231,1,1
5675,olson_pnas2021,2022,71.338829,76.367850,77.404635,1,1
5676,olson_pnas2021,2022,85.600761,81.290861,81.497724,1,1
5677,olson_pnas2021,2022,86.187485,80.404959,81.994581,1,1
5678,olson_pnas2021,2022,73.045074,77.739326,78.577370,0,1
5679,olson_pnas2021,2022,80.483109,81.196159,81.292559,1,1
5680,olson_pnas2021,2022,89.146584,89.507775,88.863104,0,1
5681,olson_pnas2021,2022,84.115860,82.676018,82.553518,1,1
5682,olson_pnas2021,2022,79.555565,80.145057,80.161511,0,1
5683,olson_pnas2021,2022,76.465828,80.559287,79.723244,1,1
5684,olson_pnas2021,2022,79.626534,78.060188,79.053798,0,1
5685,olson_pnas2021,2022,88.889053,85.090798,85.540954,1,1
5686,olson_pnas2021,2022,80.566566,84.319767,83.500298,0,1
5687,olson_pnas2021,2022,81.126419,79.291283,79.955726,1,1
5688,olson_pnas2021,2022,83.536255,81.903203,81.989520,1,1
5689,olson_pnas2021,2022,75.512993,76.708179,77.721302,1,1
5690,olson_pnas2021,2022,84.186295,87.981918,87.716649,1,1
5691,olson_pnas2021,2022,64.057838,76.744422,77.636504,0,1
5692,olson_pnas2021,2022,91.787102,85.619447,86.284565,1,1
5693,olson_pnas2021,2022,76.216560,79.355992,80.045771,0,1
5694,olson_pnas2021,2022,76.234039,77.212637,78.042227,0,1
5695,olson_pnas2021,2022,77.790955,78.212165,78.821083,1,1
5696,olson_pnas2021,2022,77.645737,79.220509,78.667011,0,1
5697,olson_pnas2021,2022,71.013855,82.171886,83.740430,0,1
5698,olson_pnas2021,2022,78.341141,80.858294,80.617289,0,1
5699,olson_pnas2021,2022,83.105919,80.015156,80.166069,0,1
5700,olson_pnas2021,2022,79.113403,79.314657,79.547600,0,1
5701,olson_pnas2021,2022,84.622353,84.708521,84.511652,0,1
5702,olson_pnas2021,2022,72.052338,77.203128,78.204898,0,1
5703,olson_pnas2021,2022,79.955048,78.296176,80.404606,1,1
5704,olson_pnas2021,2022,80.099960,78.201734,78.641741,1,1
5705,olson_pnas2021,2022,75.716888,76.755185,77.511813,1,1
5706,olson_pnas2021,2022,77.432411,78.887193,79.459325,1,1
5707,olson_pnas2021,2022,73.216141,77.366903,77.813082,1,1
5708,olson_pnas2021,2022,86.764107,86.580682,86.333983,0,1
5709,olson_pnas2021,2022,86.104668,80.846835,82.122789,1,1
5710,olson_pnas2021,2022,78.764709,81.525704,82.813207,1,1
5711,olson_pnas2021,2022,81.886909,78.174073,79.368672,1,1
5712,olson_pnas2021,2022,80.797195,80.222011,81.452560,1,1
5713,olson_pnas2021,2022,69.937180,75.359172,75.817928,0,1
5714,olson_pnas2021,2022,69.283913,77.063373,77.899113,1,1
5715,olson_pnas2021,2022,86.315819,84.901155,85.355952,1,1
5716,olson_pnas2021,2022,81.274956,81.096744,80.428127,1,1
5717,olson_pnas2021,2022,88.488678,85.994945,86.089152,0,1
5718,olson_pnas2021,2022,61.354828,78.636604,80.115436,1,1
5719,olson_pnas2021,2022,83.592674,81.198809,81.734383,0,1
5720,olson_pnas2021,2022,77.247757,77.787106,77.695587,1,1
5721,olson_pnas2021,2022,82.594025,80.857010,81.450926,0,1
5722,olson_pnas2021,2022,78.661453,79.092994,80.229334,1,1
5723,olson_pnas2021,2022,82.969139,82.187562,82.617537,0,1
5724,olson_pnas2021,2022,62.470711,78.118288,79.167507,0,1
5725,olson_pnas2021,2022,81.567642,83.157541,83.176149,1,1
5726,olson_pnas2021,2022,77.370544,78.907415,79.079205,0,1
5727,olson_pnas2021,2022,79.131157,79.721462,79.579842,0,1
5728,olson_pnas2021,2022,74.723267,77.430465,76.986531,1,1
5729,olson_pnas2021,2022,86.724693,82.972168,83.431942,1,1
5730,olson_pnas2021,2022,88.655518,84.512073,84.729595,0,1
5731,olson_pnas2021,2022,79.347923,84.153256,83.633169,1,1
5732,olson_pnas2021,2022,80.654594,82.977550,82.007349,1,1
5733,olson_pnas2021,2022,74.346039,77.985124,77.742210,1,1
5734,olson_pnas2021,2022,74.551407,78.130542,78.504120,0,1
5735,olson_pnas2021,2022,80.180962,79.186541,79.484406,0,1
5736,olson_pnas2021,2022,85.772758,84.402663,84.644651,1,1
5737,olson_pnas2021,2022,69.579025,79.423468,80.410197,0,1
5738,olson_pnas2021,2022,82.424423,79.098799,80.062380,1,1
5739,olson_pnas2021,2022,94.448730,87.203514,86.819445,0,1
5740,olson_pnas2021,2022,77.563332,77.525396,77.741922,1,1
5741,olson_pnas2021,2022,75.658211,79.029735,78.659194,1,1
5742,olson_pnas2021,2022,84.269920,,,0,0
5743,olson_pnas2021,2022,75.553719,79.329833,78.556078,0,1
5744,olson_pnas2021,2022,76.101158,77.419711,78.054931,0,1
5745,olson_pnas2021,2022,75.575378,77.886577,79.086889,0,1
5746,olson_pnas2021,2022,74.214485,76.997674,76.804750,1,1
5747,olson_pnas2021,2022,82.491638,82.271058,82.449646,1,1
5748,olson_pnas2021,2022,77.350060,80.106249,79.353769,0,1
5749,olson_pnas2021,2022,73.940384,77.689126,77.354489,0,1
5750,olson_pnas2021,2022,85.503975,81.149999,82.027802,0,1
5751,olson_pnas2021,2022,83.174431,81.648200,81.666350,1,1
5752,olson_pnas2021,2022,86.860413,84.033004,83.269610,0,1
5753,olson_pnas2021,2022,65.197685,77.221962,77.880567,0,1
5754,olson_pnas2021,2022,80.011406,79.371163,79.706945,1,1
5755,olson_pnas2021,2022,76.380875,77.208646,77.487863,0,1
5756,olson_pnas2021,2022,79.362434,79.108120,80.104754,1,1
5757,olson_pnas2021,2022,81.172668,79.197805,80.133502,0,1
5758,olson_pnas2021,2022,76.819832,78.178662,78.545633,0,1
5759,olson_pnas2021,2022,77.839798,77.886338,78.849840,0,1
5760,olson_pnas2021,2022,76.455566,78.636850,79.169108,0,1
5761,olson_pnas2021,2022,76.533318,79.159495,79.964772,1,1
5762,olson_pnas2021,2022,78.722313,79.739287,79.822415,1,1
5763,olson_pnas2021,2022,85.867966,83.730925,83.902384,1,1
5764,olson_pnas2021,2022,74.338692,79.737059,80.461685,0,1
5765,olson_pnas2021,2022,69.453033,76.261592,77.008195,1,1
5766,olson_pnas2021,2022,80.941292,78.702013,78.950200,0,1
5767,olson_pnas2021,2022,77.628845,78.079485,78.944979,0,1
5768,olson_pnas2021,2022,80.837669,79.561332,80.331283,0,1
5769,olson_pnas2021,2022,77.753212,79.720128,79.463017,0,1
5770,olson_pnas2021,2022,78.692123,78.644614,79.108294,0,1
5771,olson_pnas2021,2022,79.385201,79.641864,79.699352,0,1
5772,olson_pnas2021,2022,85.161362,81.179047,80.983319,0,1
5773,olson_pnas2021,2022,81.169716,78.986379,80.107690,0,1
5774,olson_pnas2021,2022,74.143898,77.116329,77.900966,0,1
5775,olson_pnas2021,2022,81.936279,81.351619,81.019036,1,1
5776,olson_pnas2021,2022,70.155373,76.643278,76.621125,0,1
5777,olson_pnas2021,2022,82.274712,81.806544,81.770465,0,1
5778,olson_pnas2021,2022,79.440239,78.453082,79.654587,1,1
5779,olson_pnas2021,2022,87.751541,86.663380,86.740871,0,1
5780,olson_pnas2021,2022,86.579201,82.751779,82.292409,1,1
5781,olson_pnas2021,2022,70.668304,75.960598,76.424000,0,1
5782,olson_pnas2021,2022,78.833496,79.469340,80.629174,1,1
5783,olson_pnas2021,2022,83.931366,81.844533,82.979436,0,1
5784,olson_pnas2021,2022,77.556511,82.856026,83.672031,1,1
5785,olson_pnas2021,2022,80.200211,78.912850,79.488258,1,1
5786,olson_pnas2021,2022,74.923286,76.838271,76.586887,0,1
5787,olson_pnas2021,2022,77.344307,76.958337,78.274477,1,1
5788,olson_pnas2021,2022,81.901848,81.837027,81.763837,1,1
5789,olson_pnas2021,2022,79.052704,79.237406,79.379549,1,1
5790,olson_pnas2021,2022,77.176544,77.661103,77.991692,0,1
5791,olson_pnas2021,2022,89.443466,84.854623,84.669914,0,1
5792,olson_pnas2021,2022,77.393791,79.330016,78.826417,0,1
5793,olson_pnas2021,2022,78.198555,79.688538,79.188961,0,1
5794,olson_pnas2021,2022,75.125420,78.311879,77.600886,1,1
5795,olson_pnas2021,2022,81.712196,79.953241,80.324633,1,1
5796,olson_pnas2021,2022,77.089272,78.347717,78.226946,1,1
5797,olson_pnas2021,2022,69.301094,75.993928,77.227427,0,1
5798,olson_pnas2021,2022,76.692215,79.460656,79.216992,1,1
5799,olson_pnas2021,2022,72.953911,77.683337,77.064392,0,1
5800,olson_pnas2021,2022,77.535248,78.286580,79.475572,0,1
5801,olson_pnas2021,2022,78.350037,80.329777,80.394051,1,1
5802,olson_pnas2021,2022,79.368385,79.991328,80.492202,0,1
5803,olson_pnas2021,2022,62.856125,76.799958,76.674440,1,1
5804,olson_pnas2021,2022,77.429825,78.436001,78.276420,1,1
5805,olson_pnas2021,2022,77.922997,78.857322,79.352921,1,1
5806,olson_pnas2021,2022,77.801048,79.718961,79.894899,0,1
5807,olson_pnas2021,2022,73.447571,77.679446,77.189691,0,1
5808,olson_pnas2021,2022,77.416435,79.771413,79.505031,1,1
5809,olson_pnas2021,2022,82.680977,82.156882,82.258642,0,1
5810,olson_pnas2021,2022,76.814545,78.857771,78.875064,0,1
5811,olson_pnas2021,2022,82.682938,81.226535,81.464192,0,1
5812,olson_pnas2021,2022,80.042061,81.245085,80.819931,1,1
5813,olson_pnas2021,2022,78.881836,82.688753,82.533938,0,1
5814,olson_pnas2021,2022,71.727020,76.377060,77.112331,1,1
5815,olson_pnas2021,2022,84.812820,84.205221,83.601969,0,1
5816,olson_pnas2021,2022,72.889709,78.065244,78.041062,0,1
5817,olson_pnas2021,2022,69.153442,76.323293,77.070323,0,1
5818,olson_pnas2021,2022,81.400597,79.711495,80.187997,1,1
5819,olson_pnas2021,2022,69.648666,76.136956,77.025337,0,1
5820,olson_pnas2021,2022,75.939705,79.243574,78.677247,0,1
5821,olson_pnas2021,2022,76.267845,78.008464,78.556529,0,1
5822,olson_pnas2021,2022,79.866531,79.390398,80.543548,0,1
5823,olson_pnas2021,2022,72.859978,76.881793,77.388592,1,1
5824,olson_pnas2021,2022,65.537521,74.043121,74.632150,1,1
5825,olson_pnas2021,2022,78.157532,78.934626,79.139198,1,1
5826,olson_pnas2021,2022,80.384354,79.370166,80.024529,1,1
5827,olson_pnas2021,2022,77.067291,77.575665,78.225875,0,1
5828,olson_pnas2021,2022,81.161377,80.619897,81.718511,1,1
5829,olson_pnas2021,2022,90.928963,91.851992,92.585013,1,1
5830,olson_pnas2021,2022,89.517647,84.499342,86.086799,1,1
5831,olson_pnas2021,2022,78.442749,78.050226,78.297030,1,1
5832,olson_pnas2021,2022,90.350494,90.155907,91.065157,1,1
5833,olson_pnas2021,2022,77.845589,77.709986,77.952641,1,1
5834,olson_pnas2021,2022,86.185471,,,0,0
5835,olson_pnas2021,2022,78.356270,78.686413,79.721675,0,1
5836,olson_pnas2021,2022,70.614334,77.474863,76.821047,1,1
5837,olson_pnas2021,2022,73.474327,77.459186,77.292889,1,1
5838,olson_pnas2021,2022,82.124565,81.216177,80.799792,0,1
5839,olson_pnas2021,2022,79.845222,82.193316,82.289770,0,1
5840,olson_pnas2021,2022,84.908623,81.290844,81.769114,0,1
5841,olson_pnas2021,2022,87.274788,84.927489,84.983630,0,1
5842,olson_pnas2021,2022,76.019958,78.447640,78.743209,0,1
5843,olson_pnas2021,2022,85.514969,,,0,0
5844,olson_pnas2021,2022,84.378830,83.618207,84.096636,1,1
5845,olson_pnas2021,2022,70.373566,75.021394,75.467738,0,1
5846,olson_pnas2021,2022,76.991447,77.662918,78.307166,1,1
5847,olson_pnas2021,2022,74.116272,81.460789,82.223603,1,1
5848,olson_pnas2021,2022,66.751640,82.795561,81.792865,1,1
5849,olson_pnas2021,2022,72.217705,78.008731,78.919677,1,1
5850,olson_pnas2021,2022,83.768288,80.975196,81.342258,0,1
5851,olson_pnas2021,2022,81.575569,80.736103,81.554354,1,1
5852,olson_pnas2021,2022,77.820496,79.665280,79.481908,0,1
5853,olson_pnas2021,2022,74.338440,80.037745,80.749139,0,1
5854,olson_pnas2021,2022,79.611084,79.060224,79.717721,0,1
5855,olson_pnas2021,2022,77.738571,79.590769,79.486667,1,1
5856,olson_pnas2021,2022,76.417961,79.715032,80.469498,0,1
5857,olson_pnas2021,2022,75.455360,77.530478,77.900898,1,1
5858,olson_pnas2021,2022,77.620926,79.782982,79.765245,1,1
5859,olson_pnas2021,2022,82.536766,86.695705,85.798558,0,1
5860,olson_pnas2021,2022,77.927834,76.676072,76.931946,1,1
5861,olson_pnas2021,2022,74.683647,77.883364,77.760170,1,1
5862,olson_pnas2021,2022,75.977997,78.890010,80.407930,1,1
5863,olson_pnas2021,2022,76.300987,79.441260,78.827273,0,1
5864,olson_pnas2021,2022,79.543533,79.360943,79.403436,1,1
5865,olson_pnas2021,2022,71.436890,76.442117,77.070145,0,1
5866,olson_pnas2021,2022,75.090858,79.523302,80.278682,1,1
5867,olson_pnas2021,2022,84.040749,79.939180,79.303259,0,1
5868,olson_pnas2021,2022,77.121994,78.822800,79.771321,1,1
5869,olson_pnas2021,2022,72.203796,78.579864,79.999502,1,1
5870,olson_pnas2021,2022,77.869644,79.774313,80.116225,1,1
5871,olson_pnas2021,2022,76.133659,77.732349,78.242754,0,1
5872,olson_pnas2021,2022,69.801552,77.499608,77.059843,0,1
5873,olson_pnas2021,2022,77.241531,79.189534,79.070061,1,1
5874,olson_pnas2021,2022,72.810875,79.959646,80.051872,0,1
5875,olson_pnas2021,2022,72.783539,79.274248,79.178323,0,1
5876,olson_pnas2021,2022,76.765648,77.141065,77.632258,0,1
5877,olson_pnas2021,2022,87.397018,84.296434,83.625498,1,1
5878,olson_pnas2021,2022,74.480026,78.054350,79.080160,1,1
5879,olson_pnas2021,2022,76.567162,80.159119,79.455222,1,1
5880,olson_pnas2021,2022,76.172379,77.560995,78.087836,0,1
5881,olson_pnas2021,2022,76.951836,79.800803,79.758157,1,1
5882,olson_pnas2021,2022,84.981186,81.616415,82.865284,1,1
5883,olson_pnas2021,2022,75.804749,79.289873,79.196971,1,1
5884,olson_pnas2021,2022,68.996498,76.854460,77.355852,0,1
5885,olson_pnas2021,2022,82.016861,81.080523,81.037469,0,1
5886,olson_pnas2021,2022,75.153206,80.327843,79.787809,1,1
5887,olson_pnas2021,2022,74.595749,76.202331,77.221943,1,1
5888,olson_pnas2021,2022,89.759430,,,0,0
5889,olson_pnas2021,2022,63.267338,77.439833,78.316359,0,1
5890,olson_pnas2021,2022,78.528854,78.884030,78.676604,0,1
5891,olson_pnas2021,2022,76.273933,78.769294,79.412602,0,1
5892,olson_pnas2021,2022,91.024849,86.834471,86.552025,1,1
5893,olson_pnas2021,2022,68.132202,75.948145,75.892838,0,1
5894,olson_pnas2021,2022,77.233902,77.717051,78.313620,1,1
5895,olson_pnas2021,2022,75.137749,77.394034,78.018080,0,1
5896,olson_pnas2021,2022,81.421814,80.701725,80.281622,0,1
5897,olson_pnas2021,2022,82.666573,,,0,0
5898,olson_pnas2021,2022,83.490837,77.761287,77.674159,1,1
5899,olson_pnas2021,2022,88.044861,82.673979,82.989220,1,1
5900,olson_pnas2021,2022,86.774498,87.734822,87.818924,0,1
5901,olson_pnas2021,2022,87.775261,84.781867,84.434810,1,1
5902,olson_pnas2021,2022,75.252274,78.172829,78.983742,1,1
5903,olson_pnas2021,2022,77.346199,79.101593,79.452855,0,1
5904,olson_pnas2021,2022,75.152718,76.764735,77.774884,0,1
5905,olson_pnas2021,2022,88.854912,82.518783,83.206418,0,1
5906,olson_pnas2021,2022,74.100449,77.336350,78.086969,0,1
5907,olson_pnas2021,2022,75.121895,76.691838,77.567677,0,1
5908,olson_pnas2021,2022,70.620506,75.989484,77.980592,1,1
5909,olson_pnas2021,2022,82.997047,78.531857,81.773986,0,1
5910,olson_pnas2021,2022,62.557381,76.718544,76.443880,1,1
5911,olson_pnas2021,2022,81.994438,81.986530,81.635564,1,1
5912,olson_pnas2021,2022,83.561012,82.492885,83.279802,0,1
5913,olson_pnas2021,2022,75.539589,77.798912,78.771126,0,1
5914,olson_pnas2021,2022,76.033165,80.719937,81.965500,1,1
5915,olson_pnas2021,2022,90.135857,80.821319,80.529286,0,1
5916,olson_pnas2021,2022,75.979706,77.046937,77.637575,0,1
5917,olson_pnas2021,2022,73.018684,76.989997,76.966409,0,1
5918,olson_pnas2021,2022,73.371330,76.528040,77.068122,0,1
5919,olson_pnas2021,2022,78.108833,77.833237,78.415058,0,1
5920,olson_pnas2021,2022,75.988510,81.068378,80.827990,1,1
5921,olson_pnas2021,2022,86.952385,82.468653,82.994427,0,1
5922,olson_pnas2021,2022,78.970512,78.800578,79.922749,0,1
5923,olson_pnas2021,2022,75.912254,80.117875,80.492180,1,1
5924,olson_pnas2021,2022,79.598129,81.399288,81.605864,1,1
5925,olson_pnas2021,2022,68.007881,77.911519,78.400853,0,1
5926,olson_pnas2021,2022,76.051575,78.183061,77.748017,0,1
5927,olson_pnas2021,2022,81.736771,81.871713,82.317464,0,1
5928,olson_pnas2021,2022,61.137497,76.416448,78.603751,1,1
5929,olson_pnas2021,2022,71.206154,78.108264,77.405947,0,1
5930,olson_pnas2021,2022,74.902802,76.118418,77.911533,1,1
5931,olson_pnas2021,2022,78.618950,79.046913,79.199144,1,1
5932,olson_pnas2021,2022,76.621399,80.391646,80.177667,0,1
5933,olson_pnas2021,2022,85.523758,85.142352,84.653996,0,1
5934,olson_pnas2021,2022,77.345886,79.405372,79.434012,0,1
5935,olson_pnas2021,2022,74.031845,79.122584,78.858934,1,1
5936,olson_pnas2021,2022,80.028778,82.977763,83.772235,0,1
5937,olson_pnas2021,2022,72.234184,77.246272,76.919535,1,1
5938,olson_pnas2021,2022,73.363754,78.590719,78.424750,1,1
5939,olson_pnas2021,2022,78.099968,79.274847,79.491501,0,1
5940,olson_pnas2021,2022,75.986694,78.593785,79.637544,0,1
5941,olson_pnas2021,2022,78.848732,79.714091,79.782445,0,1
5942,olson_pnas2021,2022,85.097870,80.963669,81.438073,0,1
5943,olson_pnas2021,2022,72.451645,76.540927,76.135136,1,1
5944,olson_pnas2021,2022,74.784805,78.164822,78.275639,1,1
5945,olson_pnas2021,2022,79.113609,78.035479,79.052270,1,1
5946,olson_pnas2021,2022,82.455734,78.627397,79.970886,1,1
5947,olson_pnas2021,2022,89.229729,87.364082,87.782426,1,1
5948,olson_pnas2021,2022,79.348457,80.545565,80.026769,0,1
5949,olson_pnas2021,2022,84.923569,81.383552,82.097808,0,1
5950,olson_pnas2021,2022,86.425102,83.925697,83.869996,0,1
5951,olson_pnas2021,2022,63.210064,77.468584,78.416539,1,1
5952,olson_pnas2021,2022,71.126526,74.529141,75.420763,0,1
5953,olson_pnas2021,2022,84.528801,82.772823,82.772474,1,1
5954,olson_pnas2021,2022,75.306053,77.821716,78.174899,1,1
5955,olson_pnas2021,2022,77.396736,78.638446,78.446961,0,1
5956,olson_pnas2021,2022,83.284569,82.403621,82.713270,1,1
5957,olson_pnas2021,2022,84.300835,80.892537,81.428513,0,1
5958,olson_pnas2021,2022,72.987076,79.709130,79.938728,1,1
5959,olson_pnas2021,2022,90.005318,87.230629,87.289838,1,1
5960,olson_pnas2021,2022,74.888123,77.080607,77.877513,0,1
5961,olson_pnas2021,2022,80.862984,80.384790,80.704842,1,1
5962,olson_pnas2021,2022,78.971741,79.387479,79.513977,1,1
5963,olson_pnas2021,2022,81.859329,79.341068,80.446150,1,1
5964,olson_pnas2021,2022,68.837021,75.327421,75.538364,1,1
5965,olson_pnas2021,2022,76.782837,79.293250,79.416963,0,1
5966,olson_pnas2021,2022,75.189079,76.639614,77.434424,1,1
5967,olson_pnas2021,2022,74.138451,78.875966,79.022019,1,1
5968,olson_pnas2021,2022,77.824165,77.899641,78.364052,0,1
5969,olson_pnas2021,2022,85.044983,83.438898,83.277533,1,1
5970,olson_pnas2021,2022,76.663246,78.643966,78.846915,0,1
5971,olson_pnas2021,2022,81.581024,80.882657,81.171264,0,1
5972,olson_pnas2021,2022,80.105255,78.954085,79.613400,0,1
5973,olson_pnas2021,2022,74.178627,75.909993,77.162723,1,1
5974,olson_pnas2021,2022,87.233803,85.990973,87.059476,1,1
5975,olson_pnas2021,2022,55.058853,74.115250,75.391731,1,1
5976,olson_pnas2021,2022,72.028114,79.722429,78.724942,0,1
5977,olson_pnas2021,2022,79.330948,79.038096,79.508356,0,1
5978,olson_pnas2021,2022,80.991516,79.532418,79.702598,0,1
5979,olson_pnas2021,2022,81.019257,79.761579,79.540798,0,1
5980,olson_pnas2021,2022,71.918167,78.853108,79.703621,1,1
5981,olson_pnas2021,2022,89.870087,82.866821,83.156540,1,1
5982,olson_pnas2021,2022,83.396042,81.425063,81.642177,1,1
5983,olson_pnas2021,2022,70.043930,77.443953,77.334819,1,1
5984,olson_pnas2021,2022,81.038582,80.548209,80.913761,0,1
5985,olson_pnas2021,2022,76.381905,78.988900,78.173562,1,1
5986,olson_pnas2021,2022,79.148987,79.106642,79.257815,0,1
5987,olson_pnas2021,2022,81.953278,83.400594,82.384894,0,1
5988,olson_pnas2021,2022,76.956795,79.134477,78.707123,0,1
5989,olson_pnas2021,2022,90.794144,83.638770,85.775123,1,1
5990,olson_pnas2021,2022,80.991318,79.841074,79.317569,1,1
5991,olson_pnas2021,2022,70.625145,75.294412,76.599483,0,1
5992,olson_pnas2021,2022,88.549126,85.555124,85.633161,0,1
5993,olson_pnas2021,2022,92.669952,87.199658,87.767214,1,1
5994,olson_pnas2021,2022,55.883514,80.121495,79.609125,1,1
5995,olson_pnas2021,2022,83.215157,81.091240,80.902392,1,1
5996,olson_pnas2021,2022,76.716835,77.001578,78.192284,1,1
5997,olson_pnas2021,2022,87.385284,84.692808,85.065948,1,1
5998,olson_pnas2021,2022,61.697983,75.837658,75.636975,1,1
5999,olson_pnas2021,2022,81.687309,80.689975,81.218423,0,1
6000,olson_pnas2021,2022,81.260391,78.688529,79.467040,0,1
6001,olson_pnas2021,2022,74.682747,,,0,0
6002,olson_pnas2021,2022,73.375435,75.907183,77.224056,1,1
6003,olson_pnas2021,2022,78.659332,80.542994,81.555236,1,1
6004,olson_pnas2021,2022,80.671730,81.717601,81.447476,0,1
6005,olson_pnas2021,2022,86.272499,86.941387,87.061519,0,1
6006,olson_pnas2021,2022,74.595245,76.119475,76.285966,1,1
6007,olson_pnas2021,2022,72.773849,75.494408,75.671252,0,1
6008,olson_pnas2021,2022,89.154884,83.335696,84.480861,0,1
6009,olson_pnas2021,2022,84.239044,81.719676,82.031846,1,1
6010,olson_pnas2021,2022,86.530495,83.367895,82.950302,1,1
6011,olson_pnas2021,2022,78.289955,78.325938,78.983967,0,1
6012,olson_pnas2021,2022,78.110779,79.417457,80.375489,0,1
6013,olson_pnas2021,2022,69.430473,78.263794,77.222195,1,1
6014,olson_pnas2021,2022,77.514221,79.300522,79.812948,1,1
6015,olson_pnas2021,2022,48.976318,72.812129,75.346626,0,1
6016,olson_pnas2021,2022,79.563210,79.214005,80.352597,0,1
6017,olson_pnas2021,2022,60.019505,75.472670,75.515514,1,1
6018,olson_pnas2021,2022,90.087196,86.063699,86.229975,1,1
6019,olson_pnas2021,2022,81.640198,90.313015,89.372288,0,1
6020,olson_pnas2021,2022,80.263969,78.918185,79.163406,1,1
6021,olson_pnas2021,2022,75.389626,78.113957,78.758317,1,1
6022,olson_pnas2021,2022,81.450798,80.837320,81.054194,0,1
6023,olson_pnas2021,2022,83.870598,80.111271,80.438763,1,1
6024,olson_pnas2021,2022,70.639755,79.125168,78.755422,0,1
6025,olson_pnas2021,2022,78.670486,79.417666,81.251944,1,1
6026,olson_pnas2021,2022,83.956299,79.803348,81.096157,0,1
6027,olson_pnas2021,2022,83.675430,80.872426,81.946406,1,1
6028,olson_pnas2021,2022,75.727943,77.905622,79.085687,0,1
6029,olson_pnas2021,2022,89.016602,,,0,0
6030,olson_pnas2021,2022,80.245369,80.369456,80.349478,1,1
6031,olson_pnas2021,2022,81.896904,82.368528,82.058001,1,1
6032,olson_pnas2021,2022,79.498878,79.126266,78.809965,1,1
6033,olson_pnas2021,2022,78.728745,78.528263,78.755131,1,1
6034,olson_pnas2021,2022,76.315208,76.902157,77.777396,0,1
6035,olson_pnas2021,2022,75.837540,75.574213,77.665244,0,1
6036,olson_pnas2021,2022,73.457893,76.257609,76.726100,1,1
6037,olson_pnas2021,2022,76.596764,81.486395,80.910322,1,1
6038,olson_pnas2021,2022,66.444023,75.713353,75.722221,1,1
6039,olson_pnas2021,2022,81.993813,81.236250,81.472023,1,1
6040,olson_pnas2021,2022,70.004448,78.856946,79.945180,1,1
6041,olson_pnas2021,2022,75.443726,80.100107,79.625536,1,1
6042,olson_pnas2021,2022,87.319977,86.678390,86.848185,1,1
6043,olson_pnas2021,2022,82.818260,81.374121,81.423373,0,1
6044,olson_pnas2021,2022,84.104317,82.894290,82.619234,0,1
6045,olson_pnas2021,2022,80.564735,79.690634,80.219393,0,1
6046,olson_pnas2021,2022,90.540611,89.365819,89.788877,0,1
6047,olson_pnas2021,2022,74.208794,80.154836,79.751367,0,1
6048,olson_pnas2021,2022,85.918877,82.479550,83.622530,1,1
6049,olson_pnas2021,2022,81.680199,78.469180,79.270020,0,1
6050,olson_pnas2021,2022,80.304482,80.538771,79.972141,1,1
6051,olson_pnas2021,2022,65.644234,76.426594,76.263086,0,1
6052,olson_pnas2021,2022,77.536049,79.977493,79.824457,0,1
6053,olson_pnas2021,2022,78.683784,78.628498,79.583778,1,1
6054,olson_pnas2021,2022,78.766510,78.514824,78.973149,1,1
6055,olson_pnas2021,2022,81.883583,82.106082,82.400830,0,1
6056,olson_pnas2021,2022,78.040573,77.393586,79.049036,0,1
6057,olson_pnas2021,2022,80.851845,79.281252,80.390064,0,1
6058,olson_pnas2021,2022,77.040169,78.680176,79.012864,0,1
6059,olson_pnas2021,2022,80.316528,78.367146,80.082754,1,1
6060,olson_pnas2021,2022,80.900803,83.440629,82.977278,0,1
6061,olson_pnas2021,2022,70.452644,79.042211,78.564949,1,1
6062,olson_pnas2021,2022,71.994942,77.054246,78.234480,1,1
6063,olson_pnas2021,2022,75.166306,77.703684,78.241486,0,1
6064,olson_pnas2021,2022,77.128288,78.557552,78.878587,1,1
6065,olson_pnas2021,2022,76.316109,78.716641,78.800733,0,1
6066,olson_pnas2021,2022,76.199547,79.001098,80.242392,1,1
6067,olson_pnas2021,2022,62.412064,76.130092,75.687340,1,1
6068,olson_pnas2021,2022,74.541153,78.394852,78.127933,0,1
6069,olson_pnas2021,2022,77.840080,79.322906,79.589297,0,1
6070,olson_pnas2021,2022,72.318436,79.919750,79.086998,1,1
6071,olson_pnas2021,2022,76.307350,79.396562,79.143105,0,1
6072,olson_pnas2021,2022,72.561607,77.585261,79.172290,1,1
6073,olson_pnas2021,2022,76.067421,79.730531,79.907832,1,1
6074,olson_pnas2021,2022,90.607880,83.715683,84.824272,1,1
6075,olson_pnas2021,2022,73.570641,78.329195,79.481192,0,1
6076,olson_pnas2021,2022,88.620361,88.240131,88.398246,0,1
6077,olson_pnas2021,2022,74.423332,78.747955,78.692408,0,1
6078,olson_pnas2021,2022,88.249641,83.601740,84.283222,0,1
6079,olson_pnas2021,2022,67.293358,78.396096,78.224840,0,1
6080,olson_pnas2021,2022,74.618675,77.868087,77.705179,0,1
6081,olson_pnas2021,2022,76.593605,79.913338,79.691069,0,1
6082,olson_pnas2021,2022,71.083107,76.751240,76.084753,0,1
6083,olson_pnas2021,2022,72.120857,76.862430,77.068740,0,1
6084,olson_pnas2021,2022,71.098488,77.543972,77.377202,0,1
6085,olson_pnas2021,2022,78.260056,81.172720,80.925074,1,1
6086,olson_pnas2021,2022,75.440720,78.318599,78.110295,0,1
6087,olson_pnas2021,2022,82.318832,82.644792,82.429413,1,1
6088,olson_pnas2021,2022,85.050041,87.779870,87.027150,0,1
6089,olson_pnas2021,2022,86.111298,81.185889,82.147935,0,1
6090,olson_pnas2021,2022,74.919243,79.916393,81.155134,1,1
6091,olson_pnas2021,2022,89.420265,85.080746,84.968201,0,1
6092,olson_pnas2021,2022,52.522381,77.586689,77.538029,0,1
6093,olson_pnas2021,2022,73.015060,76.414326,77.267869,1,1
6094,olson_pnas2021,2022,81.811050,79.957795,80.683446,1,1
6095,olson_pnas2021,2022,75.340065,78.730540,80.685084,1,1
6096,olson_pnas2021,2022,79.536537,77.985001,78.463678,1,1
6097,olson_pnas2021,2022,83.875099,83.183104,83.560340,1,1
6098,olson_pnas2021,2022,88.625008,83.761114,83.844754,1,1
6099,olson_pnas2021,2022,86.022530,84.999337,84.167298,0,1
6100,olson_pnas2021,2022,82.376434,79.573269,80.749592,1,1
6101,olson_pnas2021,2022,82.320473,80.106597,80.112754,0,1
6102,olson_pnas2021,2022,70.560249,79.319389,79.436693,1,1
6103,olson_pnas2021,2022,76.712936,80.006573,80.937516,1,1
6104,olson_pnas2021,2022,75.808174,78.255484,79.060273,0,1
6105,olson_pnas2021,2022,74.058098,80.991886,83.189073,1,1
6106,olson_pnas2021,2022,79.707024,78.321001,78.884230,1,1
6107,olson_pnas2021,2022,85.505119,82.192351,82.503668,1,1
6108,olson_pnas2021,2022,75.617073,77.584125,78.254940,0,1
6109,olson_pnas2021,2022,80.248901,78.936676,79.432802,0,1
6110,olson_pnas2021,2022,85.322861,79.177476,78.744205,0,1
6111,olson_pnas2021,2022,80.803917,79.160465,79.280986,0,1
6112,olson_pnas2021,2022,75.496063,79.674030,79.091221,0,1
6113,olson_pnas2021,2022,80.649879,83.320111,82.834361,1,1
6114,olson_pnas2021,2022,62.180565,77.299825,77.426489,1,1
6115,olson_pnas2021,2022,68.631157,75.783551,76.044367,1,1
6116,olson_pnas2021,2022,71.338959,79.782672,79.348465,1,1
6117,olson_pnas2021,2022,70.149063,74.881673,75.206933,1,1
6118,olson_pnas2021,2022,83.939407,82.138002,82.902994,1,1
6119,olson_pnas2021,2022,80.166138,78.349921,78.638550,0,1
6120,olson_pnas2021,2022,75.495346,78.467738,78.246541,1,1
6121,olson_pnas2021,2022,80.407478,81.165721,80.788293,0,1
6122,olson_pnas2021,2022,69.626465,78.397391,78.681151,0,1
6123,olson_pnas2021,2022,83.422974,83.930537,83.373394,0,1
6124,olson_pnas2021,2022,77.649414,82.596479,82.158055,1,1
6125,olson_pnas2021,2022,70.518509,78.081912,79.512740,0,1
6126,olson_pnas2021,2022,82.794029,80.416547,80.883928,0,1
6127,olson_pnas2021,2022,75.647728,80.030813,79.259296,1,1
6128,olson_pnas2021,2022,80.722954,81.126260,81.123471,1,1
6129,olson_pnas2021,2022,74.168083,79.354026,78.823230,0,1
6130,olson_pnas2021,2022,73.266434,77.011253,76.765936,0,1
6131,olson_pnas2021,2022,78.690338,77.692214,78.049690,0,1
6132,olson_pnas2021,2022,74.909866,78.985804,78.725480,0,1
6133,olson_pnas2021,2022,71.279633,78.714342,78.685620,1,1
6134,olson_pnas2021,2022,90.467087,82.475655,82.115405,1,1
6135,olson_pnas2021,2022,73.239433,76.922494,77.726681,1,1
6136,olson_pnas2021,2022,82.197617,79.721861,80.851944,1,1
6137,olson_pnas2021,2022,78.029167,78.533566,79.829398,1,1
6138,olson_pnas2021,2022,73.683495,80.020404,79.562954,0,1
6139,olson_pnas2021,2022,71.484047,77.369795,76.993100,1,1
6140,olson_pnas2021,2022,80.249756,81.383272,81.175249,1,1
6141,olson_pnas2021,2022,66.337120,77.476327,77.022720,1,1
6142,olson_pnas2021,2022,82.296547,80.706792,81.745211,1,1
6143,olson_pnas2021,2022,82.194168,80.727282,81.312557,1,1
6144,olson_pnas2021,2022,80.190086,78.292221,79.329108,0,1
6145,olson_pnas2021,2022,78.864685,79.502532,79.289190,1,1
6146,olson_pnas2021,2022,55.543251,73.844918,75.512514,1,1
6147,olson_pnas2021,2022,80.966087,80.792882,81.311697,1,1
6148,olson_pnas2021,2022,72.384300,80.183831,79.695338,0,1
6149,olson_pnas2021,2022,78.100792,80.253701,80.164422,1,1
6150,olson_pnas2021,2022,74.843376,76.439118,77.154494,0,1
6151,olson_pnas2021,2022,84.294022,82.688222,82.706971,1,1
6152,olson_pnas2021,2022,77.622177,77.784556,77.810330,1,1
6153,olson_pnas2021,2022,61.715591,79.664804,80.236218,1,1
6154,olson_pnas2021,2022,74.524483,77.738731,78.545323,1,1
6155,olson_pnas2021,2022,67.825668,76.355477,76.946752,1,1
6156,olson_pnas2021,2022,74.479256,79.069914,78.540205,1,1
6157,olson_pnas2021,2022,62.115711,76.364231,76.358001,1,1
6158,olson_pnas2021,2022,75.634918,77.576579,77.442886,0,1
6159,olson_pnas2021,2022,78.843445,78.633759,79.016935,1,1
6160,olson_pnas2021,2022,64.289391,74.955970,76.114744,0,1
6161,olson_pnas2021,2022,81.884468,80.075592,80.584372,0,1
6162,olson_pnas2021,2022,78.928482,79.272968,79.115956,1,1
6163,olson_pnas2021,2022,81.272301,86.893035,86.634853,0,1
6164,olson_pnas2021,2022,90.151894,87.515070,87.053052,1,1
6165,olson_pnas2021,2022,73.714134,79.629014,79.078358,1,1
6166,olson_pnas2021,2022,77.490906,78.250699,78.239618,0,1
6167,olson_pnas2021,2022,74.241432,78.132829,78.120826,0,1
6168,olson_pnas2021,2022,71.865692,84.973414,87.692808,1,1
6169,olson_pnas2021,2022,83.169899,79.800128,80.637704,1,1
6170,olson_pnas2021,2022,73.313339,75.669345,76.240505,0,1
6171,olson_pnas2021,2022,88.750526,86.858542,87.691861,1,1
6172,olson_pnas2021,2022,79.997910,80.398919,79.726362,0,1
6173,olson_pnas2021,2022,73.973030,79.035876,78.838145,1,1
6174,olson_pnas2021,2022,90.067383,83.290080,84.947145,0,1
6175,olson_pnas2021,2022,82.271614,82.279679,81.984981,0,1
6176,olson_pnas2021,2022,76.710457,80.363679,79.998273,0,1
6177,olson_pnas2021,2022,78.168282,78.346244,79.018685,0,1
6178,olson_pnas2021,2022,78.559967,93.087467,92.638299,0,1
6179,olson_pnas2021,2022,79.329475,80.951051,81.313611,1,1
6180,olson_pnas2021,2022,75.086494,77.447299,77.676630,1,1
6181,olson_pnas2021,2022,74.772346,79.489403,79.287661,1,1
6182,olson_pnas2021,2022,72.297333,75.662155,75.948290,1,1
6183,olson_pnas2021,2022,71.668732,77.747780,78.842318,1,1
6184,olson_pnas2021,2022,83.956825,82.520108,81.930155,1,1
6185,olson_pnas2021,2022,70.369377,79.207757,79.500025,0,1
6186,olson_pnas2021,2022,76.821869,76.994312,77.645378,1,1
6187,olson_pnas2021,2022,70.054070,76.765769,76.571262,0,1
6188,olson_pnas2021,2022,88.352303,82.854304,84.056440,0,1
6189,olson_pnas2021,2022,77.426598,79.650760,79.351343,1,1
6190,olson_pnas2021,2022,73.619919,78.761320,78.907268,0,1
6191,olson_pnas2021,2022,77.989037,78.833776,79.000849,0,1
6192,olson_pnas2021,2022,77.566734,80.681501,80.580519,1,1
6193,olson_pnas2021,2022,81.732002,80.243937,81.592001,0,1
6194,olson_pnas2021,2022,76.991913,78.435077,78.610727,1,1
6195,olson_pnas2021,2022,78.073486,81.478087,80.990656,0,1
6196,olson_pnas2021,2022,68.309387,86.210978,88.721405,0,1
6197,olson_pnas2021,2022,75.931282,80.179148,81.847679,0,1
6198,olson_pnas2021,2022,70.926300,77.478444,77.615871,0,1
6199,olson_pnas2021,2022,69.351433,79.219382,78.387522,0,1
6200,olson_pnas2021,2022,80.693420,79.917462,80.654925,1,1
6201,olson_pnas2021,2022,69.468536,75.059800,76.310261,0,1
6202,olson_pnas2021,2022,81.166962,80.165141,80.347192,1,1
6203,olson_pnas2021,2022,77.849945,79.101464,78.875145,0,1
6204,olson_pnas2021,2022,75.832710,79.544603,79.786318,1,1
6205,olson_pnas2021,2022,92.777184,88.448223,88.714361,0,1
6206,olson_pnas2021,2022,73.346207,76.978904,77.554604,0,1
6207,olson_pnas2021,2022,84.132164,83.373191,83.741680,0,1
6208,olson_pnas2021,2022,77.327126,81.533618,81.761393,0,1
6209,olson_pnas2021,2022,78.587242,79.298898,79.893536,0,1
6210,olson_pnas2021,2022,80.041489,78.872211,79.357666,0,1
6211,olson_pnas2021,2022,82.451912,81.434079,81.607914,0,1
6212,olson_pnas2021,2022,67.839226,75.435488,76.753024,0,1
6213,olson_pnas2021,2022,75.917854,79.631696,80.723923,0,1
6214,olson_pnas2021,2022,72.298012,75.731340,77.221763,0,1
6215,olson_pnas2021,2022,78.493187,79.462907,79.759263,1,1
6216,olson_pnas2021,2022,70.038734,75.701605,76.256019,1,1
6217,olson_pnas2021,2022,77.056030,79.592119,79.434949,1,1
6218,olson_pnas2021,2022,81.430153,80.123121,79.712454,0,1
6219,olson_pnas2021,2022,88.592308,86.780079,86.021035,1,1
6220,olson_pnas2021,2022,74.847321,77.801157,77.309975,0,1
6221,olson_pnas2021,2022,78.776726,79.283082,79.181698,0,1
6222,olson_pnas2021,2022,74.831284,78.032324,77.693317,1,1
6223,olson_pnas2021,2022,89.309929,84.485684,84.517920,0,1
6224,olson_pnas2021,2022,78.904388,77.785910,78.236988,0,1
6225,olson_pnas2021,2022,76.677063,76.982600,77.810703,1,1
6226,olson_pnas2021,2022,80.548523,79.461002,79.688923,0,1
6227,olson_pnas2021,2022,81.394226,82.883254,82.512265,1,1
6228,olson_pnas2021,2022,80.642387,79.726730,80.023055,1,1
6229,olson_pnas2021,2022,75.038071,78.387899,79.815235,1,1
6230,olson_pnas2021,2022,79.388359,75.205168,77.308042,0,1
6231,olson_pnas2021,2022,80.663040,79.657138,80.314698,0,1
6232,olson_pnas2021,2022,72.273315,76.821823,76.800408,0,1
6233,olson_pnas2021,2022,84.237274,85.454781,85.725536,1,1
6234,olson_pnas2021,2022,89.361572,83.976721,84.297112,0,1
6235,olson_pnas2021,2022,69.520706,78.298689,79.400839,0,1
6236,olson_pnas2021,2022,79.162422,79.424592,79.855404,1,1
6237,olson_pnas2021,2022,70.993889,78.899218,78.840724,0,1
6238,olson_pnas2021,2022,75.763748,77.398042,78.404410,1,1
6239,olson_pnas2021,2022,71.064827,80.147994,79.760579,0,1
6240,olson_pnas2021,2022,80.204628,80.107747,80.521465,0,1
6241,olson_pnas2021,2022,80.232933,79.826030,79.900962,0,1
6242,olson_pnas2021,2022,88.309952,83.308518,83.736924,1,1
6243,olson_pnas2021,2022,74.217842,76.718866,77.345483,0,1
6244,olson_pnas2021,2022,71.759758,76.507748,76.775715,0,1
6245,olson_pnas2021,2022,78.305832,82.639330,81.885989,1,1
6246,olson_pnas2021,2022,73.866318,77.944479,78.295467,0,1
6247,olson_pnas2021,2022,83.706352,80.027132,80.650933,1,1
6248,olson_pnas2021,2022,73.268044,78.835006,78.675252,1,1
6249,olson_pnas2021,2022,89.260254,85.257611,85.833604,1,1
6250,olson_pnas2021,2022,77.058998,80.858507,80.376777,1,1
6251,olson_pnas2021,2022,78.773605,78.967487,80.391227,1,1
6252,olson_pnas2021,2022,83.381447,80.185969,80.626360,1,1
6253,olson_pnas2021,2022,65.627174,76.027816,76.256680,0,1
6254,olson_pnas2021,2022,75.172722,77.134349,77.147604,0,1
6255,olson_pnas2021,2022,79.680931,82.350489,82.075659,0,1
6256,olson_pnas2021,2022,71.870628,75.173576,78.166527,1,1
6257,olson_pnas2021,2022,83.831131,82.989856,83.484136,0,1
6258,olson_pnas2021,2022,76.775864,78.113041,78.539713,0,1
6259,olson_pnas2021,2022,80.947830,,,0,0
6260,olson_pnas2021,2022,75.482780,77.886170,78.328293,1,1
6261,olson_pnas2021,2022,71.811989,79.956257,80.596649,0,1
6262,olson_pnas2021,2022,77.465698,81.322990,81.165469,0,1
6263,olson_pnas2021,2022,77.346886,78.362930,78.768443,1,1
6264,olson_pnas2021,2022,78.808960,78.299132,78.903001,0,1
6265,olson_pnas2021,2022,73.455040,78.816443,78.892882,0,1
6266,olson_pnas2021,2022,79.907089,78.540545,79.097708,0,1
6267,olson_pnas2021,2022,76.850838,78.434949,79.144549,1,1
6268,olson_pnas2021,2022,80.014374,80.048099,80.050900,1,1
6269,olson_pnas2021,2022,91.194504,86.357811,86.145642,1,1
6270,olson_pnas2021,2022,80.031723,80.986981,80.959819,0,1
6271,olson_pnas2021,2022,79.118111,83.602451,85.797883,1,1
6272,olson_pnas2021,2022,74.628540,77.673142,78.723427,0,1
6273,olson_pnas2021,2022,73.927757,77.345709,77.811651,0,1
6274,olson_pnas2021,2022,75.126572,81.316719,80.239321,0,1
6275,olson_pnas2021,2022,78.582603,76.917801,77.940700,0,1
6276,olson_pnas2021,2022,82.570198,80.647697,80.519435,0,1
6277,olson_pnas2021,2022,80.180122,78.949942,79.431536,0,1
6278,olson_pnas2021,2022,87.069550,,,0,0
6279,olson_pnas2021,2022,82.263878,82.787021,83.662751,0,1
6280,olson_pnas2021,2022,80.141983,79.709325,79.767419,1,1
6281,olson_pnas2021,2022,76.805908,78.090523,78.387811,0,1
6282,olson_pnas2021,2022,89.608330,90.041402,90.406553,0,1
6283,olson_pnas2021,2022,85.524986,82.117818,82.570511,1,1
6284,olson_pnas2021,2022,65.653198,76.718842,77.703654,1,1
6285,olson_pnas2021,2022,64.173370,75.029266,76.206299,0,1
6286,olson_pnas2021,2022,65.435684,82.311380,81.404809,0,1
6287,olson_pnas2021,2022,76.636108,78.470358,77.900087,0,1
6288,olson_pnas2021,2022,73.829620,76.397977,76.959466,0,1
6289,olson_pnas2021,2022,75.730087,77.326778,77.575227,1,1
6290,olson_pnas2021,2022,75.866196,76.818211,77.697122,1,1
6291,olson_pnas2021,2022,71.305672,76.469818,76.525403,0,1
6292,olson_pnas2021,2022,79.691933,79.414209,79.412478,0,1
6293,olson_pnas2021,2022,83.344994,80.624398,81.167178,1,1
6294,olson_pnas2021,2022,80.370171,80.536198,80.778332,0,1
6295,olson_pnas2021,2022,84.432861,81.107785,81.324576,0,1
6296,olson_pnas2021,2022,78.753944,78.519482,78.924702,0,1
6297,olson_pnas2021,2022,80.007812,80.351276,81.838720,1,1
6298,olson_pnas2021,2022,78.557487,78.430970,78.806095,1,1
6299,olson_pnas2021,2022,78.649361,80.583145,80.794808,1,1
6300,olson_pnas2021,2022,77.882645,79.114714,79.185699,0,1
6301,olson_pnas2021,2022,79.865959,79.798522,80.364233,1,1
6302,olson_pnas2021,2022,79.562141,79.065820,78.531155,1,1
6303,olson_pnas2021,2022,76.123634,77.731929,78.378157,1,1
6304,olson_pnas2021,2022,74.171349,79.584290,78.871842,1,1
6305,olson_pnas2021,2022,79.090622,78.471476,78.514799,1,1
6306,olson_pnas2021,2022,76.555565,77.890588,79.958294,1,1
6307,olson_pnas2021,2022,85.372406,82.878967,83.243462,1,1
6308,olson_pnas2021,2022,84.178497,81.661330,83.089462,0,1
6309,olson_pnas2021,2022,77.465584,78.914563,78.986793,0,1
6310,olson_pnas2021,2022,88.010391,82.424433,82.945745,0,1
6311,olson_pnas2021,2022,81.166924,81.212733,81.401185,1,1
6312,olson_pnas2021,2022,79.706749,78.803497,78.981323,0,1
6313,olson_pnas2021,2022,79.892799,77.621846,78.963446,1,1
6314,olson_pnas2021,2022,80.231789,81.053595,80.674291,1,1
6315,olson_pnas2021,2022,71.639786,79.376517,79.761054,1,1
6316,olson_pnas2021,2022,73.657883,78.004162,77.840105,1,1
6317,olson_pnas2021,2022,60.395096,74.584081,75.374534,0,1
6318,olson_pnas2021,2022,83.483742,79.557331,81.126867,1,1
6319,olson_pnas2021,2022,81.862793,80.944776,81.188878,0,1
6320,olson_pnas2021,2022,83.808586,81.518697,81.545977,1,1
6321,olson_pnas2021,2022,74.353775,78.987104,78.712540,0,1
6322,olson_pnas2021,2022,80.744675,81.440528,81.555239,0,1
6323,olson_pnas2021,2022,80.746338,80.534904,81.883320,0,1
6324,olson_pnas2021,2022,80.325172,81.998258,81.597833,0,1
6325,olson_pnas2021,2022,80.082649,77.867996,79.249171,0,1
6326,olson_pnas2021,2022,79.352150,78.616666,79.039723,0,1
6327,olson_pnas2021,2022,78.915390,78.496430,78.683350,1,1
6328,olson_pnas2021,2022,81.760231,81.613779,82.000174,1,1
6329,olson_pnas2021,2022,83.589951,81.731151,82.834824,0,1
6330,olson_pnas2021,2022,76.995590,76.037400,77.575862,1,1
6331,olson_pnas2021,2022,76.681236,76.476523,77.233408,0,1
6332,olson_pnas2021,2022,84.853516,81.508794,82.624999,1,1
6333,olson_pnas2021,2022,82.682365,81.711831,81.545999,0,1
6334,olson_pnas2021,2022,76.582436,77.969666,78.031780,0,1
6335,olson_pnas2021,2022,75.968391,76.958092,77.438221,0,1
6336,olson_pnas2021,2022,80.097252,81.347940,80.771829,1,1
6337,olson_pnas2021,2022,85.850769,80.855853,81.164029,1,1
6338,olson_pnas2021,2022,81.856499,79.693628,80.924808,0,1
6339,olson_pnas2021,2022,75.770485,78.443573,78.965137,1,1
6340,olson_pnas2021,2022,76.470253,78.015965,78.080138,1,1
6341,olson_pnas2021,2022,70.064156,76.808129,76.792512,1,1
6342,olson_pnas2021,2022,87.953537,84.001008,83.659154,1,1
6343,olson_pnas2021,2022,87.283844,82.948210,83.214495,1,1
6344,olson_pnas2021,2022,84.565529,80.659988,80.694529,0,1
6345,olson_pnas2021,2022,68.627754,75.166197,75.538307,1,1
6346,olson_pnas2021,2022,81.352005,80.937717,81.278486,1,1
6347,olson_pnas2021,2022,71.452354,75.945134,76.126013,1,1
6348,olson_pnas2021,2022,80.983597,78.144546,78.922807,0,1
6349,olson_pnas2021,2022,79.874924,77.355889,78.860142,1,1
6350,olson_pnas2021,2022,79.299255,78.098578,78.435414,0,1
6351,olson_pnas2021,2022,80.801926,81.665121,82.244039,1,1
6352,olson_pnas2021,2022,83.304230,80.884424,81.405419,0,1
6353,olson_pnas2021,2022,76.997841,79.779876,79.899671,1,1
6354,olson_pnas2021,2022,78.041809,79.058166,79.716452,1,1
6355,olson_pnas2021,2022,73.266571,76.916661,77.495846,1,1
6356,olson_pnas2021,2022,75.092751,77.104644,77.450319,0,1
6357,olson_pnas2021,2022,85.962662,82.556111,82.795473,1,1
6358,olson_pnas2021,2022,85.319832,85.722348,85.468013,1,1
6359,olson_pnas2021,2022,81.271851,82.617084,82.186965,1,1
6360,olson_pnas2021,2022,79.529800,79.723643,79.542337,1,1
6361,olson_pnas2021,2022,74.683464,80.898338,80.504162,0,1
6362,olson_pnas2021,2022,69.855789,77.496732,79.633747,0,1
6363,olson_pnas2021,2022,89.032410,84.167938,84.555918,0,1
6364,olson_pnas2021,2022,66.700066,75.705601,75.719200,1,1
6365,olson_pnas2021,2022,69.198524,76.276930,76.452046,1,1
6366,olson_pnas2021,2022,80.900833,78.854979,80.043289,1,1
6367,olson_pnas2021,2022,88.211342,84.424811,85.183473,0,1
6368,olson_pnas2021,2022,68.420822,75.078518,75.903594,0,1
6369,olson_pnas2021,2022,82.251511,81.386684,81.590561,0,1
6370,olson_pnas2021,2022,83.210533,80.796132,80.639999,1,1
6371,olson_pnas2021,2022,83.127945,82.408924,82.691626,1,1
6372,olson_pnas2021,2022,76.975159,78.519736,78.221796,0,1
6373,olson_pnas2021,2022,77.918831,80.787183,80.721288,1,1
6374,olson_pnas2021,2022,88.101105,78.751345,79.350664,0,1
6375,olson_pnas2021,2022,81.369576,84.626776,83.943826,1,1
6376,olson_pnas2021,2022,77.051285,80.349476,80.013840,0,1
6377,olson_pnas2021,2022,69.205276,79.435756,79.330506,0,1
6378,olson_pnas2021,2022,84.055374,81.896043,82.655022,1,1
6379,olson_pnas2021,2022,70.193260,78.802367,79.115694,1,1
6380,olson_pnas2021,2022,77.237144,78.494879,79.959064,1,1
6381,olson_pnas2021,2022,79.761414,81.322836,81.279807,1,1
6382,olson_pnas2021,2022,76.246956,77.063346,77.963671,1,1
6383,olson_pnas2021,2022,81.982773,83.904008,84.511131,0,1
6384,olson_pnas2021,2022,85.063828,85.924973,85.093341,0,1
6385,olson_pnas2021,2022,73.098877,78.843347,79.019678,0,1
6386,olson_pnas2021,2022,78.215073,79.864793,80.321997,0,1
6387,olson_pnas2021,2022,78.392700,78.340892,78.193792,0,1
6388,olson_pnas2021,2022,86.868912,83.391399,84.218707,1,1
6389,olson_pnas2021,2022,80.122849,81.699033,82.001501,0,1
6390,olson_pnas2021,2022,76.548210,80.685861,80.420163,1,1
6391,olson_pnas2021,2022,84.967613,81.489085,81.561616,1,1
6392,olson_pnas2021,2022,77.548843,77.774231,78.837894,1,1
6393,olson_pnas2021,2022,78.754852,80.668149,81.002455,1,1
6394,olson_pnas2021,2022,74.036278,77.105904,78.836014,1,1
6395,olson_pnas2021,2022,77.089897,76.530661,78.142055,1,1
6396,olson_pnas2021,2022,72.185295,76.376697,76.204719,1,1
6397,olson_pnas2021,2022,67.892799,81.180182,81.460386,0,1
6398,olson_pnas2021,2022,75.145302,77.734093,78.506328,1,1
6399,olson_pnas2021,2022,77.822479,80.653867,80.909559,0,1
6400,olson_pnas2021,2022,80.405251,81.757541,81.779276,1,1
6401,olson_pnas2021,2022,53.822929,77.448305,78.874158,1,1
6402,olson_pnas2021,2022,74.974030,80.041914,80.182781,0,1
6403,olson_pnas2021,2022,68.343567,75.953622,76.647327,0,1
6404,olson_pnas2021,2022,81.142395,83.612064,84.517671,1,1
6405,olson_pnas2021,2022,83.034584,80.630453,80.972570,0,1
6406,olson_pnas2021,2022,76.448822,76.775124,77.951199,0,1
6407,olson_pnas2021,2022,82.502312,79.461775,80.844064,1,1
6408,olson_pnas2021,2022,75.550644,75.565143,76.869784,1,1
6409,olson_pnas2021,2022,80.411842,79.281915,79.991706,1,1
6410,olson_pnas2021,2022,75.310120,77.525955,78.542952,0,1
6411,olson_pnas2021,2022,74.318344,74.979814,76.714414,1,1
6412,olson_pnas2021,2022,92.635880,84.845759,86.096875,1,1
6413,olson_pnas2021,2022,84.934395,82.334917,82.529152,0,1
6414,olson_pnas2021,2022,77.898926,78.274594,78.200664,0,1
6415,olson_pnas2021,2022,74.537468,76.551145,77.282784,1,1
6416,olson_pnas2021,2022,91.170761,,,0,0
6417,olson_pnas2021,2022,73.543243,77.357360,77.101736,1,1
6418,olson_pnas2021,2022,87.469383,84.367915,83.861999,1,1
6419,olson_pnas2021,2022,72.770454,82.169047,83.181255,0,1
6420,olson_pnas2021,2022,78.370949,80.096700,80.689903,0,1
6421,olson_pnas2021,2022,80.283043,79.762986,80.350944,1,1
6422,olson_pnas2021,2022,82.541039,80.858738,81.409758,1,1
6423,olson_pnas2021,2022,80.528641,79.240339,79.799087,1,1
6424,olson_pnas2021,2022,78.404877,79.789350,79.802894,1,1
6425,olson_pnas2021,2022,76.276619,79.503353,79.293489,1,1
6426,olson_pnas2021,2022,76.386749,77.903851,78.369655,1,1
6427,olson_pnas2021,2022,73.695503,78.710077,77.852129,1,1
6428,olson_pnas2021,2022,74.925751,78.784361,78.722942,1,1
6429,olson_pnas2021,2022,77.346542,80.402471,80.732352,0,1
6430,olson_pnas2021,2022,74.918541,77.614368,77.407700,1,1
6431,olson_pnas2021,2022,78.167236,78.697929,78.388459,0,1
6432,olson_pnas2021,2022,78.359749,79.540744,81.108388,1,1
6433,olson_pnas2021,2022,71.201965,76.399226,77.335456,0,1
6434,olson_pnas2021,2022,83.147240,81.407573,82.469603,1,1
6435,olson_pnas2021,2022,77.408379,77.445479,78.090630,0,1
6436,olson_pnas2021,2022,82.351685,79.849308,80.356054,0,1
6437,olson_pnas2021,2022,79.399094,79.904043,80.305012,1,1
6438,olson_pnas2021,2022,75.775406,78.542198,78.243101,0,1
6439,olson_pnas2021,2022,82.265129,82.312197,82.265336,1,1
6440,olson_pnas2021,2022,71.937706,77.039298,76.369883,1,1
6441,olson_pnas2021,2022,73.434013,76.936512,76.859451,1,1
6442,olson_pnas2021,2022,72.220459,76.572666,76.324081,1,1
6443,olson_pnas2021,2022,80.994324,83.726705,84.051047,1,1
6444,olson_pnas2021,2022,83.245506,79.712360,80.228468,0,1
6445,olson_pnas2021,2022,74.727356,77.635306,78.384285,1,1
6446,olson_pnas2021,2022,70.825859,77.869801,77.779277,0,1
6447,olson_pnas2021,2022,76.137886,77.872678,78.066220,0,1
6448,olson_pnas2021,2022,76.049278,76.945390,77.634594,0,1
6449,olson_pnas2021,2022,85.391281,84.263175,84.532405,1,1
6450,olson_pnas2021,2022,78.200111,78.603512,78.637371,0,1
6451,olson_pnas2021,2022,75.008934,77.266000,77.840197,0,1
6452,olson_pnas2021,2022,73.366432,79.014323,79.718349,0,1
6453,olson_pnas2021,2022,85.996910,85.164116,84.649769,1,1
6454,olson_pnas2021,2022,86.155197,82.127829,81.956257,0,1
6455,olson_pnas2021,2022,78.187836,80.793039,80.490864,0,1
6456,olson_pnas2021,2022,77.985466,77.910022,78.793476,0,1
6457,olson_pnas2021,2022,73.927811,78.803006,78.925701,0,1
6458,olson_pnas2021,2022,71.698029,78.514430,77.681001,0,1
6459,olson_pnas2021,2022,84.007683,82.052989,81.897816,0,1
6460,olson_pnas2021,2022,76.846191,81.999292,82.182344,0,1
6461,olson_pnas2021,2022,84.748787,81.625555,81.994092,0,1
6462,olson_pnas2021,2022,78.790329,77.840938,78.978048,0,1
6463,olson_pnas2021,2022,71.008636,77.660650,77.169069,1,1
6464,olson_pnas2021,2022,69.201324,75.004751,77.401819,0,1
6465,olson_pnas2021,2022,78.641060,77.763260,78.840857,1,1
6466,olson_pnas2021,2022,79.596451,81.420547,81.514782,0,1
6467,olson_pnas2021,2022,77.801117,,,0,0
6468,olson_pnas2021,2022,75.560249,79.789370,79.823950,0,1
6469,olson_pnas2021,2022,82.741127,81.934850,82.489837,0,1
6470,olson_pnas2021,2022,76.729805,80.294346,80.548657,1,1
6471,olson_pnas2021,2022,88.300461,83.952277,84.474583,0,1
6472,olson_pnas2021,2022,77.714226,78.678366,79.471880,0,1
6473,olson_pnas2021,2022,64.227676,77.803255,77.533992,0,1
6474,olson_pnas2021,2022,75.022743,79.334258,79.745627,0,1
6475,olson_pnas2021,2022,57.641243,75.970413,75.705804,1,1
6476,olson_pnas2021,2022,73.755104,78.665762,78.668831,1,1
6477,olson_pnas2021,2022,74.948410,77.730929,80.073277,1,1
6478,olson_pnas2021,2022,80.413437,86.774603,85.947764,0,1
6479,olson_pnas2021,2022,83.861420,80.167025,80.480492,1,1
6480,olson_pnas2021,2022,73.825325,78.637916,80.114685,0,1
6481,olson_pnas2021,2022,86.017082,86.339154,86.530849,1,1
6482,olson_pnas2021,2022,68.573044,78.901587,79.578480,0,1
6483,olson_pnas2021,2022,86.235725,82.121217,82.483984,1,1
6484,olson_pnas2021,2022,63.812553,75.919423,76.822071,1,1
6485,olson_pnas2021,2022,71.646263,77.371210,77.089268,0,1
6486,olson_pnas2021,2022,81.612030,79.196570,80.328493,1,1
6487,olson_pnas2021,2022,84.596008,,,0,0
6488,olson_pnas2021,2022,87.404213,82.454273,82.587922,1,1
6489,olson_pnas2021,2022,88.218269,94.317228,94.023283,1,1
6490,olson_pnas2021,2022,75.922653,78.768386,78.736802,0,1
6491,olson_pnas2021,2022,81.795189,78.665550,79.630438,0,1
6492,olson_pnas2021,2022,55.003273,76.520543,78.596705,1,1
6493,olson_pnas2021,2022,70.660912,76.956233,78.049946,0,1
6494,olson_pnas2021,2022,77.074280,80.733659,80.725730,1,1
6495,olson_pnas2021,2022,70.163422,77.833864,78.069626,1,1
6496,olson_pnas2021,2022,63.784210,74.672739,76.529952,0,1
6497,olson_pnas2021,2022,79.774239,80.448947,80.058313,1,1
6498,olson_pnas2021,2022,71.834320,80.058051,80.106355,0,1
6499,olson_pnas2021,2022,89.077827,84.152067,85.424480,0,1
6500,olson_pnas2021,2022,73.788399,75.685053,76.644156,1,1
6501,olson_pnas2021,2022,89.237755,83.609703,84.405462,1,1
6502,olson_pnas2021,2022,68.845299,77.887171,77.961464,1,1
6503,olson_pnas2021,2022,81.485001,78.752359,79.179256,1,1
6504,olson_pnas2021,2022,73.563072,76.344527,77.838073,0,1
6505,olson_pnas2021,2022,77.740234,80.253225,79.849674,0,1
6506,olson_pnas2021,2022,76.788345,78.347301,78.918383,1,1
6507,olson_pnas2021,2022,75.410835,79.023442,80.566186,1,1
6508,olson_pnas2021,2022,23.845665,74.264753,74.152872,0,1
6509,olson_pnas2021,2022,77.697250,77.907911,78.429339,1,1
6510,olson_pnas2021,2022,61.585953,75.167228,75.987251,0,1
6511,olson_pnas2021,2022,84.268616,81.296890,81.806430,1,1
6512,olson_pnas2021,2022,80.531898,79.628184,80.425572,0,1
6513,olson_pnas2021,2022,73.544075,81.375605,81.595610,1,1
6514,olson_pnas2021,2022,78.468674,79.271988,79.821715,0,1
6515,olson_pnas2021,2022,64.321747,74.828587,76.344265,0,1
6516,olson_pnas2021,2022,73.674599,76.352266,76.810250,1,1
6517,olson_pnas2021,2022,61.078094,82.415670,82.633323,0,1
6518,olson_pnas2021,2022,77.823845,77.896082,79.392805,1,1
6519,olson_pnas2021,2022,85.038155,81.236808,81.736172,1,1
6520,olson_pnas2021,2022,73.140892,78.722162,78.459333,1,1
6521,olson_pnas2021,2022,73.755180,79.287717,79.348993,0,1
6522,olson_pnas2021,2022,82.708565,80.851329,81.828120,1,1
6523,olson_pnas2021,2022,75.138557,77.438465,78.153700,0,1
6524,olson_pnas2021,2022,83.601486,83.422344,84.058182,1,1
6525,olson_pnas2021,2022,66.698883,78.038157,78.639165,1,1
6526,olson_pnas2021,2022,93.848991,85.657215,86.006731,0,1
6527,olson_pnas2021,2022,90.473076,84.041372,84.309165,1,1
6528,olson_pnas2021,2022,82.679573,,,0,0
6529,olson_pnas2021,2022,77.461586,77.283107,78.412726,1,1
6530,olson_pnas2021,2022,80.072037,77.652501,78.741054,1,1
6531,olson_pnas2021,2022,84.649330,81.418528,81.608501,0,1
6532,olson_pnas2021,2022,77.254829,78.867619,78.518726,1,1
6533,olson_pnas2021,2022,90.005196,83.938694,84.693483,1,1
6534,olson_pnas2021,2022,76.949829,77.470135,77.513398,1,1
6535,olson_pnas2021,2022,76.677307,79.756106,79.713558,1,1
6536,olson_pnas2021,2022,80.457840,79.609972,80.078344,1,1
6537,olson_pnas2021,2022,71.001129,76.282032,75.948837,1,1
6538,olson_pnas2021,2022,76.243332,78.520885,78.439210,1,1
6539,olson_pnas2021,2022,78.559944,77.547180,78.630841,0,1
6540,olson_pnas2021,2022,80.873711,79.785496,80.663467,0,1
6541,olson_pnas2021,2022,83.053238,79.918253,79.588148,0,1
6542,olson_pnas2021,2022,93.159851,86.866057,87.215753,1,1
6543,olson_pnas2021,2022,86.487755,87.108638,87.621810,1,1
6544,olson_pnas2021,2022,85.499123,,,0,0
6545,olson_pnas2021,2022,77.767860,77.818286,78.592342,1,1
6546,olson_pnas2021,2022,92.545959,90.485109,89.935792,0,1
6547,olson_pnas2021,2022,71.957619,78.519246,80.098353,1,1
6548,olson_pnas2021,2022,87.315765,83.305237,83.225711,1,1
6549,olson_pnas2021,2022,85.826332,81.195830,82.398383,1,1
6550,olson_pnas2021,2022,80.521790,90.373531,91.993068,1,1
6551,olson_pnas2021,2022,75.848854,77.058344,78.014111,1,1
6552,olson_pnas2021,2022,81.527885,81.681472,81.022362,0,1
6553,olson_pnas2021,2022,74.513184,77.807059,78.243134,0,1
6554,olson_pnas2021,2022,84.869545,85.457608,86.522946,0,1
6555,olson_pnas2021,2022,82.732269,81.416114,82.659086,1,1
6556,olson_pnas2021,2022,72.780144,79.576344,80.559957,1,1
6557,olson_pnas2021,2022,72.668228,77.655652,77.289245,1,1
6558,olson_pnas2021,2022,88.338104,83.699754,83.706245,1,1
6559,olson_pnas2021,2022,84.703598,81.402584,81.303113,1,1
6560,olson_pnas2021,2022,83.303543,81.241901,81.695733,1,1
6561,olson_pnas2021,2022,75.076004,77.088117,76.989257,0,1
6562,olson_pnas2021,2022,82.897346,80.688125,81.581127,1,1
6563,olson_pnas2021,2022,68.575394,75.116904,75.972547,1,1
6564,olson_pnas2021,2022,79.629311,79.783287,80.194699,1,1
6565,olson_pnas2021,2022,72.394348,78.859213,78.840792,1,1
6566,olson_pnas2021,2022,83.716805,84.452164,84.181224,1,1
6567,olson_pnas2021,2022,68.422539,75.630637,77.919016,1,1
6568,olson_pnas2021,2022,73.791580,78.517409,77.849868,0,1
6569,olson_pnas2021,2022,74.888931,79.432084,78.927420,1,1
6570,olson_pnas2021,2022,79.131126,79.162097,79.609107,1,1
6571,olson_pnas2021,2022,87.405899,83.274534,82.621857,0,1
6572,olson_pnas2021,2022,75.562370,79.077812,78.961512,1,1
6573,olson_pnas2021,2022,73.818382,75.953284,76.760209,1,1
6574,olson_pnas2021,2022,59.997154,77.982901,78.460091,1,1
6575,olson_pnas2021,2022,81.597359,79.157585,80.004801,0,1
6576,olson_pnas2021,2022,88.162025,85.406959,85.957667,0,1
6577,olson_pnas2021,2022,86.132339,85.563958,84.916779,0,1
6578,olson_pnas2021,2022,83.166222,81.419522,81.627026,1,1
6579,olson_pnas2021,2022,73.857841,76.968982,76.538281,1,1
6580,olson_pnas2021,2022,83.109818,79.608226,80.484763,1,1
6581,olson_pnas2021,2022,83.284447,81.835959,81.339186,1,1
6582,olson_pnas2021,2022,86.794106,83.015355,83.014882,0,1
6583,olson_pnas2021,2022,81.359573,80.945086,81.056850,1,1
6584,olson_pnas2021,2022,77.105766,79.999870,79.750947,0,1
6585,olson_pnas2021,2022,71.741447,79.045442,78.814619,0,1
6586,olson_pnas2021,2022,79.767899,79.959091,79.449927,1,1
6587,olson_pnas2021,2022,80.157837,79.654749,79.973692,1,1
6588,olson_pnas2021,2022,80.226357,79.021281,79.554095,0,1
6589,olson_pnas2021,2022,71.502884,76.389674,77.254973,0,1
6590,olson_pnas2021,2022,82.781479,82.240976,82.193393,1,1
6591,olson_pnas2021,2022,88.914093,83.374907,83.582126,1,1
6592,olson_pnas2021,2022,72.517288,78.915575,79.174865,1,1
6593,olson_pnas2021,2022,76.959526,78.749115,79.963974,1,1
6594,olson_pnas2021,2022,74.760391,76.879186,76.666338,1,1
6595,olson_pnas2021,2022,82.257927,79.083181,80.381548,0,1
6596,olson_pnas2021,2022,82.502052,80.540775,80.483494,0,1
6597,olson_pnas2021,2022,61.776588,73.865382,75.288600,1,1
6598,olson_pnas2021,2022,75.194672,77.886094,77.801064,1,1
6599,olson_pnas2021,2022,76.011246,78.293246,78.289017,1,1
6600,olson_pnas2021,2022,90.317726,89.391803,89.290096,0,1
6601,olson_pnas2021,2022,86.578613,84.883301,84.950063,1,1
6602,olson_pnas2021,2022,71.529411,76.162289,76.178168,0,1
6603,olson_pnas2021,2022,81.631126,81.080743,81.835858,1,1
6604,olson_pnas2021,2022,94.124458,87.948666,88.822985,1,1
6605,olson_pnas2021,2022,72.574165,77.299943,77.905896,0,1
6606,olson_pnas2021,2022,79.790863,77.797724,78.635271,1,1
6607,olson_pnas2021,2022,77.658424,77.278857,77.349640,0,1
6608,olson_pnas2021,2022,74.597214,79.831957,79.979819,1,1
6609,olson_pnas2021,2022,80.280426,80.077761,81.120804,1,1
6610,olson_pnas2021,2022,74.539230,78.949708,79.205493,0,1
6611,olson_pnas2021,2022,79.029671,81.647578,82.035758,0,1
6612,olson_pnas2021,2022,85.971794,78.756432,79.923829,1,1
6613,olson_pnas2021,2022,70.161064,78.533313,78.510736,1,1
6614,olson_pnas2021,2022,79.155746,80.821965,80.408761,0,1
6615,olson_pnas2021,2022,70.388824,77.080897,78.534343,0,1
6616,olson_pnas2021,2022,78.863419,79.319244,79.791379,1,1
6617,olson_pnas2021,2022,81.856277,80.077267,80.998666,1,1
6618,olson_pnas2021,2022,75.386124,79.094953,79.004024,0,1
6619,olson_pnas2021,2022,88.938591,85.708256,86.406212,1,1
6620,olson_pnas2021,2022,83.634216,80.986334,82.070796,1,1
6621,olson_pnas2021,2022,71.083054,76.528583,77.103043,1,1
6622,olson_pnas2021,2022,79.452324,78.429681,78.634578,0,1
6623,olson_pnas2021,2022,79.267723,80.322342,81.139033,1,1
6624,olson_pnas2021,2022,79.271591,79.502047,80.532008,0,1
6625,olson_pnas2021,2022,86.491928,81.953169,82.074198,1,1
6626,olson_pnas2021,2022,91.182465,86.690484,87.401340,1,1
6627,olson_pnas2021,2022,77.669731,78.595944,78.843593,0,1
6628,olson_pnas2021,2022,73.561272,75.257354,76.738245,0,1
6629,olson_pnas2021,2022,80.938911,84.076392,85.925472,0,1
6630,olson_pnas2021,2022,83.938530,79.526754,80.736934,0,1
6631,olson_pnas2021,2022,76.274544,81.027245,80.332405,1,1
6632,olson_pnas2021,2022,87.872520,84.060383,84.489815,1,1
6633,olson_pnas2021,2022,81.753311,80.176293,80.505173,0,1
6634,olson_pnas2021,2022,92.342583,87.658325,88.197258,1,1
6635,olson_pnas2021,2022,73.885681,76.389312,76.715546,0,1
6636,olson_pnas2021,2022,60.847492,75.087228,75.281032,0,1
6637,olson_pnas2021,2022,81.416252,81.238787,80.773536,1,1
6638,olson_pnas2021,2022,79.246834,85.322295,85.712814,0,1
6639,olson_pnas2021,2022,77.670166,79.052965,78.993039,1,1
6640,olson_pnas2021,2022,74.613922,77.680495,78.011660,0,1
6641,olson_pnas2021,2022,79.818428,79.829319,81.366678,0,1
6642,olson_pnas2021,2022,79.750565,79.623044,79.444531,1,1
6643,olson_pnas2021,2022,73.198479,75.989941,76.527646,0,1
6644,olson_pnas2021,2022,80.856773,78.989411,79.507734,0,1
6645,olson_pnas2021,2022,92.181572,90.058993,91.027645,1,1
6646,olson_pnas2021,2022,71.922188,79.467962,78.602576,0,1
6647,olson_pnas2021,2022,86.006805,81.496160,81.955938,1,1
6648,olson_pnas2021,2022,81.332634,79.455848,79.833645,1,1
6649,olson_pnas2021,2022,81.055450,83.465338,84.413043,1,1
6650,olson_pnas2021,2022,74.278137,76.093941,77.266958,1,1
6651,olson_pnas2021,2022,81.058937,81.071678,81.492580,0,1
6652,olson_pnas2021,2022,75.199142,79.454138,78.850560,0,1
6653,olson_pnas2021,2022,78.690201,78.847763,79.147465,1,1
6654,olson_pnas2021,2022,82.982010,81.204597,81.966301,0,1
6655,olson_pnas2021,2022,59.270905,78.392410,78.377475,0,1
6656,olson_pnas2021,2022,84.154442,81.456119,81.855548,1,1
6657,olson_pnas2021,2022,81.976685,78.669776,79.265604,0,1
6658,olson_pnas2021,2022,82.747841,80.956503,81.409751,0,1
6659,olson_pnas2021,2022,62.262733,80.253497,79.459872,0,1
6660,olson_pnas2021,2022,83.923080,81.230337,81.264474,0,1
6661,olson_pnas2021,2022,55.463570,75.567015,75.087864,0,1
6662,olson_pnas2021,2022,86.291260,83.276793,83.710002,1,1
6663,olson_pnas2021,2022,80.202011,80.905384,81.111043,1,1
6664,olson_pnas2021,2022,76.512749,79.675064,79.570345,0,1
6665,olson_pnas2021,2022,67.560837,75.229277,76.532867,1,1
6666,olson_pnas2021,2022,73.755318,76.926333,78.364971,1,1
6667,olson_pnas2021,2022,74.484619,77.498215,77.431968,0,1
6668,olson_pnas2021,2022,72.404411,82.231931,81.650266,0,1
6669,olson_pnas2021,2022,75.125694,79.286458,78.776677,1,1
6670,olson_pnas2021,2022,75.320839,76.298017,76.965925,0,1
6671,olson_pnas2021,2022,76.446083,77.458979,78.559116,0,1
6672,olson_pnas2021,2022,88.601028,84.383979,84.520799,0,1
6673,olson_pnas2021,2022,68.495384,78.667836,80.773950,1,1
6674,olson_pnas2021,2022,75.874184,76.633257,77.757945,1,1
6675,olson_pnas2021,2022,74.243370,82.980555,84.685567,1,1
6676,olson_pnas2021,2022,76.803932,77.786287,78.260381,1,1
6677,olson_pnas2021,2022,72.792763,77.621019,77.107931,0,1
6678,olson_pnas2021,2022,33.146023,76.116366,76.550928,0,1
6679,olson_pnas2021,2022,81.230148,80.020370,80.372157,0,1
6680,olson_pnas2021,2022,84.845505,82.562923,82.427043,0,1
6681,olson_pnas2021,2022,84.166054,81.798705,81.726622,1,1
6682,olson_pnas2021,2022,83.776062,85.149706,85.199579,0,1
6683,olson_pnas2021,2022,83.435234,82.500363,83.402624,0,1
6684,olson_pnas2021,2022,73.833191,80.687789,82.517462,0,1
6685,olson_pnas2021,2022,70.246651,77.032588,77.930586,0,1
6686,olson_pnas2021,2022,80.302956,78.832225,79.458291,0,1
6687,olson_pnas2021,2022,90.502808,87.528000,87.715854,1,1
6688,olson_pnas2021,2022,81.360748,80.215310,80.030987,1,1
6689,olson_pnas2021,2022,78.680946,80.343612,80.157606,0,1
6690,olson_pnas2021,2022,55.239655,77.054140,79.743688,0,1
6691,olson_pnas2021,2022,71.263466,76.236353,77.418295,1,1
6692,olson_pnas2021,2022,79.298416,79.952336,81.332540,1,1
6693,olson_pnas2021,2022,79.401886,79.271862,78.969011,1,1
6694,olson_pnas2021,2022,79.118797,77.969547,78.947417,1,1
6695,olson_pnas2021,2022,79.322723,79.071826,79.319707,1,1
6696,olson_pnas2021,2022,65.379364,76.232627,76.898564,1,1
6697,olson_pnas2021,2022,73.567993,75.906328,77.568160,1,1
6698,olson_pnas2021,2022,89.369148,84.724561,85.187309,0,1
6699,olson_pnas2021,2022,70.939461,76.414711,77.426756,1,1
6700,olson_pnas2021,2022,75.800583,78.495686,78.889820,0,1
6701,olson_pnas2021,2022,69.367340,77.060378,76.762048,0,1
6702,olson_pnas2021,2022,70.342545,76.914365,77.335793,1,1
6703,olson_pnas2021,2022,74.297211,76.352361,77.093818,0,1
6704,olson_pnas2021,2022,75.503174,78.045213,77.835964,1,1
6705,olson_pnas2021,2022,70.730827,76.692572,77.134148,1,1
6706,olson_pnas2021,2022,80.156998,82.531763,81.831266,0,1
6707,olson_pnas2021,2022,61.501549,74.397282,74.988103,0,1
6708,olson_pnas2021,2022,79.579559,81.049132,80.552359,0,1
6709,olson_pnas2021,2022,77.199104,78.432727,78.315349,1,1
6710,olson_pnas2021,2022,85.318138,83.080810,82.902051,1,1
6711,olson_pnas2021,2022,72.406990,77.008249,77.327865,0,1
6712,olson_pnas2021,2022,78.748100,78.407085,78.759929,1,1
6713,olson_pnas2021,2022,78.182304,77.918648,77.995599,0,1
6714,olson_pnas2021,2022,81.070992,79.567818,80.796774,1,1
6715,olson_pnas2021,2022,71.195839,79.279299,81.138633,1,1
6716,olson_pnas2021,2022,71.926971,76.977802,77.018575,0,1
6717,olson_pnas2021,2022,75.556175,76.960630,76.994330,1,1
6718,olson_pnas2021,2022,68.952301,76.634033,77.327078,1,1
6719,olson_pnas2021,2022,74.123924,76.728311,77.711561,1,1
6720,olson_pnas2021,2022,82.680786,81.323143,82.473902,0,1
6721,olson_pnas2021,2022,78.869453,79.296619,78.752355,0,1
6722,olson_pnas2021,2022,83.325333,79.895721,80.378978,0,1
6723,olson_pnas2021,2022,78.770859,78.950095,79.320501,1,1
6724,olson_pnas2021,2022,81.564278,79.429676,79.705300,0,1
6725,olson_pnas2021,2022,85.913849,82.372226,83.249023,1,1
6726,olson_pnas2021,2022,74.332291,76.432574,77.024665,0,1
6727,olson_pnas2021,2022,82.028542,80.586792,80.682746,0,1
6728,olson_pnas2021,2022,79.978790,78.433123,79.269016,1,1
6729,olson_pnas2021,2022,71.155098,78.272097,77.167295,0,1
6730,olson_pnas2021,2022,82.555336,81.911394,83.250957,0,1
6731,olson_pnas2021,2022,74.183929,77.497293,78.545980,1,1
6732,olson_pnas2021,2022,71.410004,78.540125,79.539658,1,1
6733,olson_pnas2021,2022,71.839355,77.162276,77.005500,1,1
6734,olson_pnas2021,2022,81.727234,77.997766,79.168094,1,1
6735,olson_pnas2021,2022,73.842552,79.401031,78.892075,0,1
6736,olson_pnas2021,2022,76.665634,78.051700,77.610209,1,1
6737,olson_pnas2021,2022,72.549774,75.787740,76.101546,0,1
6738,olson_pnas2021,2022,73.554214,79.039268,78.494233,1,1
6739,olson_pnas2021,2022,72.612740,77.866447,77.968639,0,1
6740,olson_pnas2021,2022,82.976631,,,0,0
6741,olson_pnas2021,2022,80.216805,79.188942,80.401681,0,1
6742,olson_pnas2021,2022,79.071045,80.410087,80.870294,0,1
6743,olson_pnas2021,2022,79.863007,80.362454,80.455079,1,1
6744,olson_pnas2021,2022,81.093567,84.469365,83.921952,0,1
6745,olson_pnas2021,2022,84.451187,83.632954,83.348515,0,1
6746,olson_pnas2021,2022,79.359329,79.792689,79.457584,0,1
6747,olson_pnas2021,2022,90.460739,86.511595,86.871061,1,1
6748,olson_pnas2021,2022,82.887772,82.033118,82.385019,0,1
6749,olson_pnas2021,2022,76.803360,78.918664,79.671142,0,1
6750,olson_pnas2021,2022,84.787819,85.302636,86.796655,0,1
6751,olson_pnas2021,2022,80.573517,84.069042,84.236418,1,1
6752,olson_pnas2021,2022,79.042503,78.520492,79.129475,0,1
6753,olson_pnas2021,2022,72.129959,76.379247,76.961592,1,1
6754,olson_pnas2021,2022,72.762573,83.191444,84.330742,0,1
6755,olson_pnas2021,2022,83.229202,80.920024,81.002506,0,1
6756,olson_pnas2021,2022,62.422432,75.731805,76.587655,1,1
6757,olson_pnas2021,2022,79.396835,81.245363,81.091191,0,1
6758,olson_pnas2021,2022,70.682350,76.693766,77.581037,1,1
6759,olson_pnas2021,2022,70.923904,77.463033,79.262476,1,1
6760,olson_pnas2021,2022,74.357399,76.249761,76.970255,1,1
6761,olson_pnas2021,2022,83.790573,82.319219,82.284553,0,1
6762,olson_pnas2021,2022,82.950180,84.176844,83.773528,1,1
6763,olson_pnas2021,2022,79.768341,80.966687,80.223155,0,1
6764,olson_pnas2021,2022,85.210976,82.154977,82.167480,0,1
6765,olson_pnas2021,2022,76.529900,78.384657,78.292033,0,1
6766,olson_pnas2021,2022,79.700516,81.477047,81.305820,1,1
6767,olson_pnas2021,2022,72.704842,76.172088,76.914484,1,1
6768,olson_pnas2021,2022,87.963989,86.077781,87.035802,0,1
6769,olson_pnas2021,2022,75.142242,77.236239,77.566405,0,1
6770,olson_pnas2021,2022,78.610161,79.040007,79.055035,0,1
6771,olson_pnas2021,2022,27.323780,74.358311,74.199755,1,1
6772,olson_pnas2021,2022,80.886703,79.556355,80.233273,1,1
6773,olson_pnas2021,2022,83.973595,84.488646,83.780235,0,1
6774,olson_pnas2021,2022,68.805817,77.044806,78.237274,1,1
6775,olson_pnas2021,2022,74.214622,77.303545,78.770189,1,1
6776,olson_pnas2021,2022,83.167923,79.753545,80.962458,1,1
6777,olson_pnas2021,2022,78.721855,80.960144,81.259073,0,1
6778,olson_pnas2021,2022,82.159180,83.460623,83.877221,1,1
6779,olson_pnas2021,2022,76.426491,78.976348,79.657641,1,1
6780,olson_pnas2021,2022,75.890038,78.439748,78.248123,1,1
6781,olson_pnas2021,2022,80.968979,83.124434,83.674198,1,1
6782,olson_pnas2021,2022,77.238724,77.926403,79.519399,1,1
6783,olson_pnas2021,2022,89.135597,83.930002,85.192519,1,1
6784,olson_pnas2021,2022,80.651749,78.307360,79.670392,0,1
6785,olson_pnas2021,2022,77.802383,81.626379,81.260994,1,1
6786,olson_pnas2021,2022,87.803108,85.261165,84.478637,0,1
6787,olson_pnas2021,2022,81.796936,78.181263,80.465678,1,1
6788,olson_pnas2021,2022,80.780914,80.760867,80.143775,1,1
6789,olson_pnas2021,2022,73.587952,77.517798,79.362613,1,1
6790,olson_pnas2021,2022,80.926186,78.808191,79.629165,0,1
6791,olson_pnas2021,2022,77.617538,79.436158,80.257496,0,1
6792,olson_pnas2021,2022,78.002838,79.585066,79.561174,0,1
6793,olson_pnas2021,2022,80.674706,78.870356,79.507490,0,1
6794,olson_pnas2021,2022,79.713455,79.342505,80.003606,1,1
6795,olson_pnas2021,2022,72.868279,75.070087,77.075180,0,1
6796,olson_pnas2021,2022,79.576920,82.551212,84.822590,1,1
6797,olson_pnas2021,2022,75.558205,77.206133,77.859898,1,1
6798,olson_pnas2021,2022,75.863113,81.169764,80.153778,0,1
6799,olson_pnas2021,2022,75.410065,77.707850,78.929624,0,1
6800,olson_pnas2021,2022,78.192398,80.216439,80.981362,1,1
6801,olson_pnas2021,2022,71.557686,76.279601,77.216191,1,1
6802,olson_pnas2021,2022,86.056030,82.273433,82.764436,0,1
6803,olson_pnas2021,2022,79.656075,80.494149,80.383185,1,1
6804,olson_pnas2021,2022,82.351288,80.747643,83.736554,1,1
6805,olson_pnas2021,2022,75.078056,79.123446,79.018178,1,1
6806,olson_pnas2021,2022,76.647255,75.738780,77.024248,1,1
6807,olson_pnas2021,2022,74.206017,77.075333,77.588305,1,1
6808,olson_pnas2021,2022,92.077919,87.514157,86.604947,0,1
6809,olson_pnas2021,2022,77.595810,78.469926,78.780863,0,1
6810,olson_pnas2021,2022,85.343445,82.278214,82.496599,1,1
6811,olson_pnas2021,2022,81.536484,79.729389,80.087695,0,1
6812,olson_pnas2021,2022,79.828308,81.235784,82.528282,1,1
6813,olson_pnas2021,2022,74.476311,77.266356,76.860384,0,1
6814,olson_pnas2021,2022,79.211189,80.968894,81.540382,0,1
6815,olson_pnas2021,2022,65.466797,76.668068,78.753156,0,1
6816,olson_pnas2021,2022,76.839432,78.088673,77.988106,0,1
6817,olson_pnas2021,2022,82.507584,80.864222,81.352563,1,1
6818,olson_pnas2021,2022,72.949982,77.839881,78.622743,1,1
6819,olson_pnas2021,2022,78.503319,81.606505,80.845886,1,1
6820,olson_pnas2021,2022,76.276604,78.089144,77.957579,1,1
6821,olson_pnas2021,2022,78.219810,77.748948,79.166033,0,1
6822,olson_pnas2021,2022,62.050747,77.814496,77.851832,0,1
6823,olson_pnas2021,2022,82.196602,81.801605,82.868436,0,1
6824,olson_pnas2021,2022,71.351715,76.431560,76.832772,1,1
6825,olson_pnas2021,2022,76.499702,76.831680,77.754632,0,1
6826,olson_pnas2021,2022,80.540863,78.102034,79.412784,1,1
6827,olson_pnas2021,2022,72.993866,79.875154,79.944455,1,1
6828,olson_pnas2021,2022,79.470543,80.353655,81.073220,0,1
6829,olson_pnas2021,2022,82.232048,78.900103,79.638219,0,1
6830,olson_pnas2021,2022,75.797638,78.026828,77.970966,1,1
6831,olson_pnas2021,2022,85.974457,81.246010,81.439600,0,1
6832,olson_pnas2021,2022,73.217957,77.661670,76.985882,1,1
6833,olson_pnas2021,2022,82.968094,78.344905,77.894267,1,1
6834,olson_pnas2021,2022,83.385941,80.683174,81.503638,1,1
6835,olson_pnas2021,2022,73.659828,76.189545,77.283447,1,1
6836,olson_pnas2021,2022,72.738060,75.590902,76.091769,0,1
6837,olson_pnas2021,2022,78.888580,77.947078,78.556154,1,1
6838,olson_pnas2021,2022,75.958183,80.165810,79.583224,1,1
6839,olson_pnas2021,2022,77.670776,78.210652,78.319691,0,1
6840,olson_pnas2021,2022,82.553833,81.183081,81.068029,0,1
6841,olson_pnas2021,2022,77.235397,78.890529,79.399952,1,1
6842,olson_pnas2021,2022,81.348351,79.977938,80.683503,1,1
6843,olson_pnas2021,2022,92.349541,85.893673,86.629732,0,1
6844,olson_pnas2021,2022,82.979042,85.640583,86.118129,1,1
6845,olson_pnas2021,2022,87.955765,83.338277,84.394561,1,1
6846,olson_pnas2021,2022,73.420715,77.973991,77.811977,0,1
6847,olson_pnas2021,2022,68.224785,77.326469,76.705531,0,1
6848,olson_pnas2021,2022,80.001587,78.378057,79.219442,0,1
6849,olson_pnas2021,2022,83.948029,81.932284,81.567985,0,1
6850,olson_pnas2021,2022,74.922974,77.745122,77.782026,0,1
6851,olson_pnas2021,2022,78.545555,79.171162,78.379071,1,1
6852,olson_pnas2021,2022,83.190331,78.886494,80.381843,1,1
6853,olson_pnas2021,2022,73.669403,76.879266,76.492666,1,1
6854,olson_pnas2021,2022,75.500069,,,0,0
6855,olson_pnas2021,2022,72.097748,74.671790,76.506703,1,1
6856,olson_pnas2021,2022,80.032578,79.560177,79.224525,1,1
6857,olson_pnas2021,2022,81.650513,80.681605,80.365472,0,1
6858,olson_pnas2021,2022,82.741150,81.314880,82.252167,0,1
6859,olson_pnas2021,2022,83.646309,81.906580,81.914127,1,1
6860,olson_pnas2021,2022,71.093330,75.912683,76.183656,1,1
6861,olson_pnas2021,2022,78.104256,79.222853,79.179521,1,1
6862,olson_pnas2021,2022,85.564163,80.763422,80.874958,1,1
6863,olson_pnas2021,2022,81.274414,79.272425,80.380829,0,1
6864,olson_pnas2021,2022,85.089508,81.283639,81.564347,1,1
6865,olson_pnas2021,2022,79.617050,78.553214,79.824677,0,1
6866,olson_pnas2021,2022,83.988297,83.479526,84.410775,0,1
6867,olson_pnas2021,2022,73.405022,78.118079,78.379386,0,1
6868,olson_pnas2021,2022,85.085281,82.220421,83.682260,0,1
6869,olson_pnas2021,2022,84.625488,81.400857,82.436049,1,1
6870,olson_pnas2021,2022,76.299179,80.548865,81.074718,0,1
6871,olson_pnas2021,2022,77.567833,78.862066,78.945575,1,1
6872,olson_pnas2021,2022,70.415619,79.091695,78.387726,1,1
6873,olson_pnas2021,2022,88.713470,85.404510,84.964827,0,1
6874,olson_pnas2021,2022,73.269913,76.711368,76.651444,0,1
6875,olson_pnas2021,2022,76.529984,77.877200,78.144655,0,1
6876,olson_pnas2021,2022,81.811432,81.445336,81.461577,1,1
6877,olson_pnas2021,2022,80.417633,80.792407,80.723175,0,1
6878,olson_pnas2021,2022,78.606903,78.105403,79.380800,0,1
6879,olson_pnas2021,2022,84.300941,81.334717,81.342051,1,1
6880,olson_pnas2021,2022,71.770004,78.071167,77.782242,1,1
6881,olson_pnas2021,2022,80.738358,78.669340,79.153155,1,1
6882,olson_pnas2021,2022,74.345184,76.010129,76.409841,0,1
6883,olson_pnas2021,2022,92.372063,83.422714,84.244582,0,1
6884,olson_pnas2021,2022,81.543365,82.138174,81.556361,0,1
6885,olson_pnas2021,2022,73.765175,79.345153,78.790577,1,1
6886,olson_pnas2021,2022,77.244469,80.108865,81.583187,1,1
6887,olson_pnas2021,2022,85.487892,82.061147,83.175080,0,1
6888,olson_pnas2021,2022,71.108833,75.474613,76.176660,0,1
6889,olson_pnas2021,2022,84.373436,79.717192,81.801992,0,1
6890,olson_pnas2021,2022,73.147980,77.521895,77.765892,0,1
6891,olson_pnas2021,2022,71.877701,77.501150,78.478799,0,1
6892,olson_pnas2021,2022,82.968086,81.391099,82.010891,1,1
6893,olson_pnas2021,2022,89.370491,83.809851,84.292649,0,1
6894,olson_pnas2021,2022,78.373238,80.065534,80.302014,1,1
6895,olson_pnas2021,2022,76.445114,78.869131,78.405940,1,1
6896,olson_pnas2021,2022,91.095718,,,0,0
6897,olson_pnas2021,2022,94.690254,89.735349,90.337956,0,1
6898,olson_pnas2021,2022,77.579842,80.263377,80.560506,0,1
6899,olson_pnas2021,2022,64.480873,79.077152,79.939398,0,1
6900,olson_pnas2021,2022,82.501701,81.457715,81.280044,0,1
6901,olson_pnas2021,2022,54.377747,76.950103,78.119137,1,1
6902,olson_pnas2021,2022,81.812332,80.727571,81.640015,1,1
6903,olson_pnas2021,2022,84.654327,81.596016,82.410301,1,1
6904,olson_pnas2021,2022,91.082832,85.075284,86.560455,0,1
6905,olson_pnas2021,2022,74.113586,82.574871,81.898276,1,1
6906,olson_pnas2021,2022,82.040558,83.073834,85.354632,1,1
6907,olson_pnas2021,2022,68.818687,76.182841,76.607934,1,1
6908,olson_pnas2021,2022,73.424980,77.065757,78.276748,0,1
6909,olson_pnas2021,2022,80.040565,79.928781,79.880892,1,1
6910,olson_pnas2021,2022,77.801163,79.773313,79.348509,1,1
6911,olson_pnas2021,2022,78.379280,78.762543,79.228765,0,1
6912,olson_pnas2021,2022,76.136551,78.523662,79.409052,1,1
6913,olson_pnas2021,2022,81.241020,79.496268,80.437429,1,1
6914,olson_pnas2021,2022,84.782394,82.341050,82.840211,0,1
6915,olson_pnas2021,2022,75.101326,78.239155,78.342736,1,1
6916,olson_pnas2021,2022,79.309952,79.625357,81.121361,1,1
6917,olson_pnas2021,2022,77.964798,77.580434,78.228499,1,1
6918,olson_pnas2021,2022,84.267601,80.710000,81.148196,0,1
6919,olson_pnas2021,2022,85.032860,82.649985,82.862128,0,1
6920,olson_pnas2021,2022,80.998627,79.884672,80.708889,1,1
6921,olson_pnas2021,2022,78.766266,80.784002,80.371212,0,1
6922,olson_pnas2021,2022,57.580387,79.096283,80.768916,0,1
6923,olson_pnas2021,2022,59.672058,75.272072,75.718221,0,1
6924,olson_pnas2021,2022,80.910370,79.258897,80.058969,0,1
6925,olson_pnas2021,2022,87.693024,82.291832,83.542166,1,1
6926,olson_pnas2021,2022,73.447243,77.433254,77.374524,0,1
6927,olson_pnas2021,2022,79.430702,79.811503,80.616461,1,1
6928,olson_pnas2021,2022,78.126755,76.378246,77.155119,1,1
6929,olson_pnas2021,2022,77.757805,81.577718,83.425167,0,1
6930,olson_pnas2021,2022,85.970497,81.651842,81.872818,0,1
6931,olson_pnas2021,2022,84.243439,80.775619,81.645335,0,1
6932,olson_pnas2021,2022,63.498886,75.432310,76.812600,1,1
6933,olson_pnas2021,2022,85.127121,83.398886,83.651190,1,1
6934,olson_pnas2021,2022,81.936562,81.362603,81.140874,1,1
6935,olson_pnas2021,2022,80.926750,81.003570,80.606927,1,1
6936,olson_pnas2021,2022,81.114021,78.731778,79.829455,1,1
6937,olson_pnas2021,2022,65.045937,75.291118,76.368074,0,1
6938,olson_pnas2021,2022,59.260071,78.274365,79.651862,1,1
6939,olson_pnas2021,2022,78.728325,78.757102,80.048034,0,1
6940,olson_pnas2021,2022,77.008766,80.278826,80.095307,1,1
6941,olson_pnas2021,2022,69.719139,76.370685,77.516933,0,1
6942,olson_pnas2021,2022,77.668030,82.926952,82.519657,0,1
6943,olson_pnas2021,2022,82.190804,82.811326,83.337213,0,1
6944,olson_pnas2021,2022,79.224136,84.800533,86.304812,0,1
6945,olson_pnas2021,2022,74.707085,80.700498,80.400079,1,1
6946,olson_pnas2021,2022,90.849159,89.258728,90.618425,0,1
6947,olson_pnas2021,2022,69.092522,75.197190,77.003220,1,1
6948,olson_pnas2021,2022,85.718727,82.938521,84.321833,0,1
6949,olson_pnas2021,2022,69.803619,75.622519,76.561232,1,1
6950,olson_pnas2021,2022,58.537739,76.619212,76.555988,0,1
6951,olson_pnas2021,2022,77.191589,78.377773,78.716017,1,1
6952,olson_pnas2021,2022,81.519905,,,0,0
6953,olson_pnas2021,2022,89.762543,92.329940,92.409967,1,1
6954,olson_pnas2021,2022,83.716820,81.270770,82.386185,1,1
6955,olson_pnas2021,2022,87.046326,81.415274,82.801715,0,1
6956,olson_pnas2021,2022,77.705559,79.289987,80.069329,1,1
6957,olson_pnas2021,2022,81.352982,80.565400,81.228498,1,1
6958,olson_pnas2021,2022,85.770500,79.858183,81.532029,0,1
6959,olson_pnas2021,2022,78.035355,79.040282,79.396134,0,1
6960,olson_pnas2021,2022,71.456841,80.061688,80.195819,1,1
6961,olson_pnas2021,2022,74.577347,76.782232,78.449620,0,1
6962,olson_pnas2021,2022,80.550110,79.916615,80.413805,1,1
6963,olson_pnas2021,2022,83.276901,80.137995,80.949972,0,1
6964,olson_pnas2021,2022,77.161369,79.111956,79.075674,0,1
6965,olson_pnas2021,2022,82.255157,81.319689,81.345232,1,1
6966,olson_pnas2021,2022,78.232674,79.287681,79.227094,0,1
6967,olson_pnas2021,2022,83.758560,83.967782,83.587468,1,1
6968,olson_pnas2021,2022,86.337898,84.084231,84.309052,0,1
6969,olson_pnas2021,2022,80.486771,82.862544,84.318063,0,1
6970,olson_pnas2021,2022,77.516525,79.988240,80.023682,1,1
6971,olson_pnas2021,2022,91.291634,85.085370,85.814258,0,1
6972,olson_pnas2021,2022,84.841713,84.597186,84.159317,1,1
6973,olson_pnas2021,2022,81.595177,79.527313,79.584923,0,1
6974,olson_pnas2021,2022,83.180046,84.247324,83.614414,0,1
6975,olson_pnas2021,2022,86.053535,82.298290,82.465271,0,1
6976,olson_pnas2021,2022,87.612946,84.604716,85.442728,0,1
6977,olson_pnas2021,2022,74.757050,77.044254,76.374089,0,1
6978,olson_pnas2021,2022,84.601944,82.716371,83.893935,1,1
6979,olson_pnas2021,2022,72.766205,78.434630,78.291707,1,1
6980,olson_pnas2021,2022,73.871796,78.153725,78.076034,0,1
6981,olson_pnas2021,2022,87.401497,82.931453,82.758055,0,1
6982,olson_pnas2021,2022,68.803375,74.780903,76.465459,0,1
6983,olson_pnas2021,2022,75.011314,76.584131,77.991011,0,1
6984,olson_pnas2021,2022,75.698410,78.203339,77.894896,1,1
6985,olson_pnas2021,2022,81.756592,80.603832,81.165269,1,1
6986,olson_pnas2021,2022,68.902122,75.832840,77.047951,1,1
6987,olson_pnas2021,2022,85.855003,84.222983,84.232356,1,1
6988,olson_pnas2021,2022,76.255486,80.831320,79.908568,1,1
6989,olson_pnas2021,2022,79.985252,79.413644,79.657521,0,1
6990,olson_pnas2021,2022,86.596558,82.375471,82.604169,1,1
6991,olson_pnas2021,2022,85.834190,81.768065,83.443980,1,1
6992,olson_pnas2021,2022,61.968758,76.680250,77.311525,0,1
6993,olson_pnas2021,2022,80.912750,80.836459,81.006925,1,1
6994,olson_pnas2021,2022,78.077301,77.908633,78.294815,1,1
6995,olson_pnas2021,2022,85.559669,85.265177,85.202279,1,1
6996,olson_pnas2021,2022,88.515594,90.552387,89.775390,0,1
6997,olson_pnas2021,2022,78.545555,77.383800,79.463644,1,1
6998,olson_pnas2021,2022,85.325394,82.076051,82.358627,1,1
6999,olson_pnas2021,2022,86.747780,83.085907,84.939552,1,1
7000,olson_pnas2021,2022,70.818169,75.779087,75.924895,1,1
7001,olson_pnas2021,2022,81.997726,79.177127,80.134334,1,1
7002,olson_pnas2021,2022,76.827744,78.788448,79.382007,0,1
7003,olson_pnas2021,2022,79.517715,79.837123,80.220839,1,1
7004,olson_pnas2021,2022,62.647293,75.392681,76.406033,1,1
7005,olson_pnas2021,2022,87.328339,82.976926,83.609982,0,1
7006,olson_pnas2021,2022,83.945572,85.497950,85.718696,1,1
7007,olson_pnas2021,2022,81.102943,80.945823,81.035688,0,1
7008,olson_pnas2021,2022,76.006218,77.377782,78.454065,1,1
7009,olson_pnas2021,2022,76.639091,79.531098,80.421661,0,1
7010,olson_pnas2021,2022,81.381470,87.701886,87.505693,0,1
7011,olson_pnas2021,2022,73.379272,76.684371,77.354797,1,1
7012,olson_pnas2021,2022,79.665215,81.194886,81.077881,1,1
7013,olson_pnas2021,2022,80.121269,77.935460,81.616453,0,1
7014,olson_pnas2021,2022,93.352272,86.661649,86.780849,1,1
7015,olson_pnas2021,2022,76.573975,79.732003,79.306625,0,1
7016,olson_pnas2021,2022,71.007935,76.020205,77.533682,0,1
7017,olson_pnas2021,2022,76.737404,76.639291,77.268716,0,1
7018,olson_pnas2021,2022,85.235939,81.110611,82.216483,0,1
7019,olson_pnas2021,2022,84.817261,82.422169,81.949061,0,1
7020,olson_pnas2021,2022,77.255478,79.167794,80.331066,1,1
7021,olson_pnas2021,2022,75.764969,76.921955,77.184300,1,1
7022,olson_pnas2021,2022,76.693237,79.710382,78.858401,1,1
7023,olson_pnas2021,2022,69.888306,78.832870,78.580788,1,1
7024,olson_pnas2021,2022,77.380821,80.598704,80.243722,0,1
7025,olson_pnas2021,2022,76.183243,79.296992,79.499926,1,1
7026,olson_pnas2021,2022,79.305061,82.330704,82.492583,0,1
7027,olson_pnas2021,2022,64.691093,77.929839,79.563785,1,1
7028,olson_pnas2021,2022,78.580162,80.003927,80.024389,1,1
7029,olson_pnas2021,2022,73.972672,82.898543,84.952667,0,1
7030,olson_pnas2021,2022,90.183937,82.650159,83.205670,1,1
7031,olson_pnas2021,2022,82.923767,80.601934,80.817931,0,1
7032,olson_pnas2021,2022,87.050468,84.757185,85.038903,0,1
7033,olson_pnas2021,2022,77.832428,78.636619,79.007770,1,1
7034,olson_pnas2021,2022,88.528778,86.813898,86.518016,0,1
7035,olson_pnas2021,2022,67.513390,75.455514,75.700178,0,1
7036,olson_pnas2021,2022,79.434380,80.734466,79.901288,1,1
7037,olson_pnas2021,2022,80.724976,80.889243,82.478774,1,1
7038,olson_pnas2021,2022,77.513763,77.122974,78.876654,1,1
7039,olson_pnas2021,2022,76.465797,79.504629,79.372327,0,1
7040,olson_pnas2021,2022,81.249741,81.488528,81.978564,0,1
7041,olson_pnas2021,2022,77.611557,80.321778,79.753622,0,1
7042,olson_pnas2021,2022,71.280045,79.195607,79.296034,1,1
7043,olson_pnas2021,2022,79.598083,81.659593,81.452229,1,1
7044,olson_pnas2021,2022,69.901093,79.202507,80.379854,0,1
7045,olson_pnas2021,2022,79.155281,80.089919,80.365611,1,1
7046,olson_pnas2021,2022,78.430733,78.829656,78.330419,1,1
7047,olson_pnas2021,2022,81.724846,80.064394,80.288965,0,1
7048,olson_pnas2021,2022,89.912308,85.961411,87.332203,0,1
7049,olson_pnas2021,2022,76.800674,79.900403,79.614496,0,1
7050,olson_pnas2021,2022,84.291771,81.983160,81.791525,1,1
7051,olson_pnas2021,2022,79.560455,79.682644,80.282650,1,1
7052,olson_pnas2021,2022,80.212891,81.502255,80.789085,1,1
7053,olson_pnas2021,2022,72.958603,80.557908,80.127290,0,1
7054,olson_pnas2021,2022,85.017204,87.182675,86.869695,0,1
7055,olson_pnas2021,2022,75.103920,77.122838,78.533127,0,1
7056,olson_pnas2021,2022,79.230240,79.887245,79.767526,0,1
7057,olson_pnas2021,2022,87.664261,,,0,0
7058,olson_pnas2021,2022,85.581932,82.085358,81.561990,1,1
7059,olson_pnas2021,2022,81.766685,84.595912,83.381209,1,1
7060,olson_pnas2021,2022,75.838791,79.239538,79.375873,1,1
7061,olson_pnas2021,2022,90.898621,85.501091,86.005279,1,1
7062,olson_pnas2021,2022,78.562042,78.944806,79.284675,1,1
7063,olson_pnas2021,2022,74.033173,80.674614,80.703265,1,1
7064,olson_pnas2021,2022,82.643974,80.829064,80.812031,1,1
7065,olson_pnas2021,2022,72.961060,78.086786,79.187453,0,1
7066,olson_pnas2021,2022,78.595665,78.451844,78.495408,1,1
7067,olson_pnas2021,2022,84.120834,80.899412,81.398990,0,1
7068,olson_pnas2021,2022,83.198647,80.735700,81.450409,0,1
7069,olson_pnas2021,2022,71.240700,78.274203,77.789140,1,1
7070,olson_pnas2021,2022,82.536369,82.044892,82.249778,0,1
7071,olson_pnas2021,2022,76.781395,78.257826,78.502959,0,1
7072,olson_pnas2021,2022,75.652763,79.688954,79.421383,0,1
7073,olson_pnas2021,2022,84.235695,81.971182,81.813629,1,1
7074,olson_pnas2021,2022,80.676651,79.625231,80.195576,1,1
7075,olson_pnas2021,2022,76.557991,78.879380,79.096574,1,1
7076,olson_pnas2021,2022,82.043442,81.085391,82.756906,1,1
7077,olson_pnas2021,2022,76.666397,78.817720,78.469388,1,1
7078,olson_pnas2021,2022,82.092697,82.195318,83.729168,1,1
7079,olson_pnas2021,2022,66.829170,80.254463,80.000031,0,1
7080,olson_pnas2021,2022,87.427940,81.756465,82.340122,0,1
7081,olson_pnas2021,2022,75.993034,76.196331,77.255751,0,1
7082,olson_pnas2021,2022,74.089874,77.474104,77.093855,1,1
7083,olson_pnas2021,2022,75.801804,76.369691,77.366750,1,1
7084,olson_pnas2021,2022,63.818687,76.709857,77.622141,0,1
7085,olson_pnas2021,2022,89.710876,85.761750,86.477269,0,1
7086,olson_pnas2021,2022,71.503601,75.897602,75.947799,1,1
7087,olson_pnas2021,2022,87.192207,83.264704,83.328161,0,1
7088,olson_pnas2021,2022,93.024033,85.442943,86.419616,0,1
7089,olson_pnas2021,2022,82.812355,80.405115,80.752174,0,1
7090,olson_pnas2021,2022,78.364548,79.620178,79.466993,0,1
7091,olson_pnas2021,2022,65.126083,77.618875,76.837186,1,1
7092,olson_pnas2021,2022,78.611610,78.897767,79.345290,0,1
7093,olson_pnas2021,2022,78.312180,78.545143,78.987208,1,1
7094,olson_pnas2021,2022,84.664116,87.103075,87.378852,0,1
7095,olson_pnas2021,2022,82.261307,81.039276,80.810033,1,1
7096,olson_pnas2021,2022,72.013947,78.287521,78.985353,1,1
7097,olson_pnas2021,2022,82.040512,81.033522,80.921962,1,1
7098,olson_pnas2021,2022,83.116432,79.588587,81.231232,1,1
7099,olson_pnas2021,2022,71.790108,76.483778,77.353051,0,1
7100,olson_pnas2021,2022,80.901245,,,0,0
7101,olson_pnas2021,2022,78.228516,78.538353,79.526140,1,1
7102,olson_pnas2021,2022,83.214661,82.611189,82.527598,0,1
7103,olson_pnas2021,2022,87.909790,83.181165,84.364121,1,1
7104,olson_pnas2021,2022,77.394196,78.061867,78.427016,0,1
7105,olson_pnas2021,2022,73.272758,79.595869,81.826361,0,1
7106,olson_pnas2021,2022,61.342663,74.516024,76.488411,0,1
7107,olson_pnas2021,2022,78.008682,79.393066,78.973739,1,1
7108,olson_pnas2021,2022,84.002441,84.688253,83.787148,0,1
7109,olson_pnas2021,2022,90.094139,81.052677,81.386144,1,1
7110,olson_pnas2021,2022,82.911682,80.702810,81.792466,1,1
7111,olson_pnas2021,2022,77.135834,78.631154,78.257283,0,1
7112,olson_pnas2021,2022,72.683525,78.199845,77.639070,0,1
7113,olson_pnas2021,2022,87.035927,83.577629,83.531495,1,1
7114,olson_pnas2021,2022,84.378395,,,0,0
7115,olson_pnas2021,2022,86.503632,86.608042,87.023937,0,1
7116,olson_pnas2021,2022,85.841026,86.143679,87.098955,1,1
7117,olson_pnas2021,2022,79.376251,79.589221,79.872983,0,1
7118,olson_pnas2021,2022,83.050713,81.656104,81.688912,1,1
7119,olson_pnas2021,2022,78.389999,79.849570,80.165517,0,1
7120,olson_pnas2021,2022,79.978416,79.249368,79.933941,0,1
7121,olson_pnas2021,2022,73.954498,77.060957,76.558298,0,1
7122,olson_pnas2021,2022,71.384682,77.753203,77.380664,1,1
7123,olson_pnas2021,2022,71.955002,76.524063,76.653483,0,1
7124,olson_pnas2021,2022,86.945984,81.796949,83.286428,0,1
7125,olson_pnas2021,2022,87.709091,86.324961,85.688870,0,1
7126,olson_pnas2021,2022,84.411987,81.101790,80.958742,0,1
7127,olson_pnas2021,2022,72.635490,77.042938,77.257440,1,1
7128,olson_pnas2021,2022,72.404198,78.925321,79.946640,1,1
7129,olson_pnas2021,2022,77.660545,78.055761,78.144291,1,1
7130,olson_pnas2021,2022,82.619057,81.140128,81.966349,0,1
7131,olson_pnas2021,2022,77.210571,78.727986,80.675187,0,1
7132,olson_pnas2021,2022,81.433395,82.656960,83.388402,1,1
7133,olson_pnas2021,2022,88.155907,82.033747,82.697712,1,1
7134,olson_pnas2021,2022,82.115105,79.784954,80.407243,0,1
7135,olson_pnas2021,2022,86.728874,83.563741,84.088814,0,1
7136,olson_pnas2021,2022,90.771912,92.205880,92.775926,1,1
7137,olson_pnas2021,2022,71.264961,77.499371,77.522919,1,1
7138,olson_pnas2021,2022,74.307510,76.597705,77.346000,0,1
7139,olson_pnas2021,2022,78.044769,78.133233,78.017260,0,1
7140,olson_pnas2021,2022,75.929863,79.032096,78.986473,1,1
7141,olson_pnas2021,2022,73.691887,78.785473,78.592565,1,1
7142,olson_pnas2021,2022,80.471130,80.292762,80.691247,1,1
7143,olson_pnas2021,2022,88.255089,85.075123,85.027615,1,1
7144,olson_pnas2021,2022,77.898911,79.844804,79.613561,0,1
7145,olson_pnas2021,2022,79.058388,80.333272,80.906194,1,1
7146,olson_pnas2021,2022,78.970161,82.524215,83.188097,0,1
7147,olson_pnas2021,2022,79.466202,81.308455,81.206548,0,1
7148,olson_pnas2021,2022,77.370102,79.387051,79.863675,0,1
7149,olson_pnas2021,2022,64.688148,75.039246,75.943994,0,1
7150,olson_pnas2021,2022,75.237488,78.458575,79.260821,0,1
7151,olson_pnas2021,2022,74.354294,76.431759,77.140788,1,1
7152,olson_pnas2021,2022,72.604355,77.751225,77.040621,1,1
7153,olson_pnas2021,2022,71.563812,74.878814,76.097971,1,1
7154,olson_pnas2021,2022,81.706589,80.740468,80.460335,0,1
7155,olson_pnas2021,2022,91.134361,84.717718,84.626583,1,1
7156,olson_pnas2021,2022,74.953545,75.869543,76.723816,0,1
7157,olson_pnas2021,2022,85.246986,83.334448,83.293235,0,1
7158,olson_pnas2021,2022,75.032356,77.661453,77.654889,0,1
7159,olson_pnas2021,2022,80.879974,82.000473,82.061694,0,1
7160,olson_pnas2021,2022,89.091614,83.664741,83.922962,1,1
7161,olson_pnas2021,2022,73.384483,77.759582,78.704227,1,1
7162,olson_pnas2021,2022,84.891304,83.098495,82.855387,1,1
7163,olson_pnas2021,2022,81.428871,81.886867,81.291545,0,1
7164,olson_pnas2021,2022,75.684830,77.822281,78.173459,1,1
7165,olson_pnas2021,2022,72.321716,76.838206,77.165961,0,1
7166,olson_pnas2021,2022,71.237038,76.455739,77.215762,0,1
7167,olson_pnas2021,2022,73.143135,76.420777,76.802467,1,1
7168,olson_pnas2021,2022,82.010689,78.447486,79.969018,1,1
7169,olson_pnas2021,2022,79.738739,79.244347,78.870372,0,1
7170,olson_pnas2021,2022,81.361473,81.602534,81.208075,1,1
7171,olson_pnas2021,2022,77.556816,80.565226,80.758176,1,1
7172,olson_pnas2021,2022,83.290878,80.679303,81.096728,1,1
7173,olson_pnas2021,2022,77.191780,80.039306,79.701693,1,1
7174,olson_pnas2021,2022,72.516617,77.756165,77.204232,1,1
7175,olson_pnas2021,2022,74.311371,77.394434,77.006173,1,1
7176,olson_pnas2021,2022,83.392479,80.447949,80.397159,1,1
7177,olson_pnas2021,2022,76.625732,80.142471,79.181244,0,1
7178,olson_pnas2021,2022,79.431328,78.028084,78.751768,1,1
7179,olson_pnas2021,2022,75.487190,80.071024,79.535132,1,1
7180,olson_pnas2021,2022,50.266098,73.795147,74.475540,0,1
7181,olson_pnas2021,2022,71.795395,77.533888,79.415438,1,1
7182,olson_pnas2021,2022,76.000542,80.308456,80.341636,0,1
7183,olson_pnas2021,2022,86.334091,80.982414,82.036539,1,1
7184,olson_pnas2021,2022,76.671410,76.491903,77.198666,0,1
7185,olson_pnas2021,2022,90.103165,88.520949,89.036705,1,1
7186,olson_pnas2021,2022,76.124222,78.468572,79.123072,0,1
7187,olson_pnas2021,2022,78.620094,78.184199,79.172928,0,1
7188,olson_pnas2021,2022,67.183922,74.658155,74.904595,1,1
7189,olson_pnas2021,2022,57.873009,77.920219,79.450178,1,1
7190,olson_pnas2021,2022,80.577438,80.123840,80.548679,1,1
7191,olson_pnas2021,2022,91.457626,84.229868,85.221235,1,1
7192,olson_pnas2021,2022,80.619194,81.405179,80.736208,1,1
7193,olson_pnas2021,2022,82.424507,80.136298,81.091925,1,1
7194,olson_pnas2021,2022,81.734413,87.182994,88.601941,0,1
7195,olson_pnas2021,2022,74.275536,78.681021,78.069184,1,1
7196,olson_pnas2021,2022,78.166458,78.725027,78.878582,1,1
7197,olson_pnas2021,2022,84.558678,81.324670,82.114191,0,1
7198,olson_pnas2021,2022,79.016579,79.446279,79.154243,0,1
7199,olson_pnas2021,2022,78.772560,77.934330,79.333072,1,1
7200,olson_pnas2021,2022,80.868912,80.746674,81.097847,0,1
7201,olson_pnas2021,2022,74.879143,78.005063,77.929040,0,1
7202,olson_pnas2021,2022,85.262802,82.742270,83.870638,1,1
7203,olson_pnas2021,2022,88.161903,87.139845,87.667174,1,1
7204,olson_pnas2021,2022,79.411575,79.850610,79.407411,0,1
7205,olson_pnas2021,2022,84.505775,77.838096,77.518714,1,1
7206,olson_pnas2021,2022,90.743019,83.792893,84.577530,1,1
7207,olson_pnas2021,2022,72.965607,75.247811,77.695025,0,1
7208,olson_pnas2021,2022,66.551735,75.531838,75.987720,1,1
7209,olson_pnas2021,2022,68.205139,75.218547,76.589663,1,1
7210,olson_pnas2021,2022,81.844505,81.347377,80.667672,0,1
7211,olson_pnas2021,2022,79.055229,79.582907,79.926429,0,1
7212,olson_pnas2021,2022,80.575020,80.330836,80.134358,0,1
7213,olson_pnas2021,2022,71.003578,77.145912,76.649811,0,1
7214,olson_pnas2021,2022,83.947327,78.678839,80.720742,0,1
7215,olson_pnas2021,2022,84.272850,80.628714,80.845155,1,1
7216,olson_pnas2021,2022,76.269012,77.214094,78.366862,1,1
7217,olson_pnas2021,2022,82.653030,80.778525,80.504365,0,1
7218,olson_pnas2021,2022,74.910866,77.487753,78.504366,0,1
7219,olson_pnas2021,2022,79.661133,79.805564,79.880653,0,1
7220,olson_pnas2021,2022,77.546341,80.381385,79.419736,0,1
7221,olson_pnas2021,2022,75.975540,77.675362,77.641862,1,1
7222,olson_pnas2021,2022,83.178535,81.427174,81.125771,1,1
7223,olson_pnas2021,2022,81.645935,79.430395,80.440806,1,1
7224,olson_pnas2021,2022,85.733620,82.229794,82.347998,0,1
7225,olson_pnas2021,2022,67.473831,75.403370,76.031610,0,1
7226,olson_pnas2021,2022,91.990196,83.245205,82.881415,1,1
7227,olson_pnas2021,2022,85.044716,82.203147,82.671370,1,1
7228,olson_pnas2021,2022,69.499191,77.134288,77.242784,1,1
7229,olson_pnas2021,2022,87.776566,85.687179,85.789178,0,1
7230,olson_pnas2021,2022,83.824127,84.934576,85.003422,0,1
7231,olson_pnas2021,2022,77.598259,76.743616,77.777290,1,1
7232,olson_pnas2021,2022,77.485123,77.452167,78.656575,0,1
7233,olson_pnas2021,2022,64.041283,77.270959,77.401681,1,1
7234,olson_pnas2021,2022,88.924683,80.469720,80.976010,1,1
7235,olson_pnas2021,2022,72.598244,76.424039,78.034977,0,1
7236,olson_pnas2021,2022,76.630737,80.014267,79.510624,0,1
7237,olson_pnas2021,2022,66.703987,78.155999,78.036738,0,1
7238,olson_pnas2021,2022,81.778214,80.233939,81.205641,1,1
7239,olson_pnas2021,2022,74.598091,77.498205,77.762983,1,1
7240,olson_pnas2021,2022,74.696350,78.129216,78.051118,0,1
7241,olson_pnas2021,2022,79.631439,79.237155,79.465576,0,1
7242,olson_pnas2021,2022,76.675621,79.680420,79.848595,0,1
7243,olson_pnas2021,2022,83.722832,79.449949,80.719145,0,1
7244,olson_pnas2021,2022,78.856812,80.614022,81.044632,0,1
7245,olson_pnas2021,2022,71.764328,77.400915,78.214579,1,1
7246,olson_pnas2021,2022,87.088173,82.463115,82.375240,1,1
7247,olson_pnas2021,2022,83.211586,82.380340,82.338590,1,1
7248,olson_pnas2021,2022,68.140800,76.270093,77.454111,0,1
7249,olson_pnas2021,2022,71.153763,78.028372,80.738746,0,1
7250,olson_pnas2021,2022,83.927048,81.639110,82.266077,0,1
7251,olson_pnas2021,2022,82.113983,81.389741,81.070922,0,1
7252,olson_pnas2021,2022,82.530739,78.976330,78.724628,0,1
7253,olson_pnas2021,2022,78.258789,79.576555,79.468054,1,1
7254,olson_pnas2021,2022,83.877304,81.986027,82.042018,1,1
7255,olson_pnas2021,2022,78.139999,78.788578,78.558378,0,1
7256,olson_pnas2021,2022,80.894646,79.545414,80.336645,1,1
7257,olson_pnas2021,2022,78.055862,79.230797,80.100427,0,1
7258,olson_pnas2021,2022,78.663948,82.597276,82.472592,1,1
7259,olson_pnas2021,2022,90.612236,85.191333,85.319742,1,1
7260,olson_pnas2021,2022,86.932198,82.240087,82.859746,0,1
7261,olson_pnas2021,2022,80.232658,78.665110,78.589546,1,1
7262,olson_pnas2021,2022,78.085167,78.156576,78.512640,0,1
7263,olson_pnas2021,2022,76.227501,79.052691,78.023710,1,1
7264,olson_pnas2021,2022,84.148254,81.867651,82.342044,1,1
7265,olson_pnas2021,2022,65.895416,74.571837,75.106592,1,1
7266,olson_pnas2021,2022,72.162064,76.692616,78.127624,0,1
7267,olson_pnas2021,2022,75.697533,78.066064,78.871529,0,1
7268,olson_pnas2021,2022,73.218063,75.342690,76.304100,0,1
7269,olson_pnas2021,2022,86.665085,85.728483,85.719513,0,1
7270,olson_pnas2021,2022,73.259628,77.576509,77.671489,0,1
7271,olson_pnas2021,2022,77.229416,79.894976,79.960998,0,1
7272,olson_pnas2021,2022,78.778824,80.487815,80.276541,1,1
7273,olson_pnas2021,2022,81.727501,82.449433,83.718784,0,1
7274,olson_pnas2021,2022,80.220917,81.755769,83.105731,1,1
7275,olson_pnas2021,2022,85.480568,82.917806,82.715517,0,1
7276,olson_pnas2021,2022,72.879028,76.005770,77.090744,0,1
7277,olson_pnas2021,2022,80.064217,83.831681,84.436887,0,1
7278,olson_pnas2021,2022,67.239777,78.243823,78.294333,1,1
7279,olson_pnas2021,2022,86.967590,81.563370,81.759547,0,1
7280,olson_pnas2021,2022,82.748688,80.868274,81.412183,0,1
7281,olson_pnas2021,2022,71.775208,77.733723,77.441394,1,1
7282,olson_pnas2021,2022,75.000641,80.427135,80.043847,1,1
7283,olson_pnas2021,2022,73.156700,81.138442,81.225647,0,1
7284,olson_pnas2021,2022,84.411079,80.617781,81.709476,1,1
7285,olson_pnas2021,2022,79.429626,77.798729,78.260635,1,1
7286,olson_pnas2021,2022,64.002892,75.593496,77.418385,0,1
7287,olson_pnas2021,2022,81.704613,80.042989,80.068479,0,1
7288,olson_pnas2021,2022,73.511330,77.418659,78.822759,0,1
7289,olson_pnas2021,2022,78.125778,80.221244,80.168540,1,1
7290,olson_pnas2021,2022,74.004601,76.248393,77.481976,0,1
7291,olson_pnas2021,2022,69.445694,77.007314,76.274986,1,1
7292,olson_pnas2021,2022,81.187737,85.262739,86.011865,0,1
7293,olson_pnas2021,2022,84.525421,81.247403,82.316041,1,1
7294,olson_pnas2021,2022,90.539650,82.299774,83.761886,0,1
7295,olson_pnas2021,2022,90.830139,89.088596,88.230475,1,1
7296,olson_pnas2021,2022,70.873184,75.625409,76.183201,0,1
7297,olson_pnas2021,2022,88.561478,89.001480,88.770009,1,1
7298,olson_pnas2021,2022,75.505470,76.085507,78.543026,1,1
7299,olson_pnas2021,2022,86.115837,83.186758,83.763468,1,1
7300,olson_pnas2021,2022,79.694450,79.016168,80.318570,1,1
7301,olson_pnas2021,2022,75.493134,77.457952,77.855862,1,1
7302,olson_pnas2021,2022,84.478394,79.657738,81.296249,1,1
7303,olson_pnas2021,2022,76.865837,76.336219,78.190073,1,1
7304,olson_pnas2021,2022,73.256126,77.215106,77.623487,0,1
7305,olson_pnas2021,2022,80.905060,81.268993,80.533415,1,1
7306,olson_pnas2021,2022,67.269173,75.620108,76.643030,0,1
7307,olson_pnas2021,2022,84.460815,86.962192,86.050710,1,1
7308,olson_pnas2021,2022,86.489799,79.093603,78.584600,1,1
7309,olson_pnas2021,2022,86.109856,83.320783,84.393553,1,1
7310,olson_pnas2021,2022,76.873138,77.614599,78.219353,1,1
7311,olson_pnas2021,2022,76.981972,78.596444,78.387987,0,1
7312,olson_pnas2021,2022,83.564034,82.207101,82.102588,0,1
7313,olson_pnas2021,2022,85.516914,82.983665,84.361082,1,1
7314,olson_pnas2021,2022,71.686020,76.050167,76.708088,0,1
7315,olson_pnas2021,2022,92.864418,91.489569,91.195649,0,1
7316,olson_pnas2021,2022,85.307083,82.987155,84.427119,0,1
7317,olson_pnas2021,2022,75.244057,76.474618,77.516826,0,1
7318,olson_pnas2021,2022,76.808533,78.599016,78.363121,0,1
7319,olson_pnas2021,2022,74.945221,77.846922,77.387253,0,1
7320,olson_pnas2021,2022,82.376259,81.250997,81.600794,1,1
7321,olson_pnas2021,2022,78.697670,80.010073,80.015801,0,1
7322,olson_pnas2021,2022,86.191208,83.225960,83.404811,1,1
7323,olson_pnas2021,2022,82.878510,83.295855,83.550912,0,1
7324,olson_pnas2021,2022,73.991081,79.433211,78.981099,1,1
7325,olson_pnas2021,2022,71.568306,76.927322,77.440905,0,1
7326,olson_pnas2021,2022,82.422737,80.784154,80.510746,1,1
7327,olson_pnas2021,2022,88.081917,85.096721,85.416633,0,1
7328,olson_pnas2021,2022,80.041206,78.539155,79.348547,1,1
7329,olson_pnas2021,2022,82.174202,79.981582,80.720879,0,1
7330,olson_pnas2021,2022,72.418144,75.853749,76.197544,1,1
7331,olson_pnas2021,2022,64.830963,75.066694,75.169128,0,1
7332,olson_pnas2021,2022,72.356537,76.882075,77.212243,0,1
7333,olson_pnas2021,2022,88.996300,84.029112,84.783825,1,1
7334,olson_pnas2021,2022,69.778221,80.391108,82.113151,0,1
7335,olson_pnas2021,2022,70.943703,75.059287,75.776819,0,1
7336,olson_pnas2021,2022,66.479080,82.131217,82.316873,1,1
7337,olson_pnas2021,2022,73.510925,80.637006,80.513194,0,1
7338,olson_pnas2021,2022,75.623619,77.339173,77.917850,1,1
7339,olson_pnas2021,2022,70.670494,79.980648,79.949135,0,1
7340,olson_pnas2021,2022,76.950974,79.771137,81.394523,0,1
7341,olson_pnas2021,2022,81.280853,82.437464,82.408126,0,1
7342,olson_pnas2021,2022,82.312347,79.141023,80.669272,0,1
7343,olson_pnas2021,2022,64.389488,83.375708,86.211636,1,1
7344,olson_pnas2021,2022,79.119110,80.403718,82.745046,0,1
7345,olson_pnas2021,2022,80.505844,80.033678,79.791780,0,1
7346,olson_pnas2021,2022,75.245079,77.803433,77.692212,0,1
7347,olson_pnas2021,2022,77.377335,77.695006,78.374175,0,1
7348,olson_pnas2021,2022,77.216393,81.479408,81.785656,1,1
7349,olson_pnas2021,2022,86.106995,84.414089,84.195630,1,1
7350,olson_pnas2021,2022,75.075981,78.063530,78.314517,1,1
7351,olson_pnas2021,2022,87.464569,,,0,0
7352,olson_pnas2021,2022,83.167770,82.097313,82.232778,1,1
7353,olson_pnas2021,2022,82.912392,80.111304,80.128154,0,1
7354,olson_pnas2021,2022,75.573265,76.879057,76.938391,1,1
7355,olson_pnas2021,2022,82.488998,79.796350,80.476489,0,1
7356,olson_pnas2021,2022,85.103226,80.851330,81.829996,1,1
7357,olson_pnas2021,2022,67.480209,76.656707,78.006887,1,1
7358,olson_pnas2021,2022,77.332619,78.449621,78.495843,0,1
7359,olson_pnas2021,2022,83.705948,82.414872,83.330644,0,1
7360,olson_pnas2021,2022,79.762047,83.350305,82.741908,1,1
7361,olson_pnas2021,2022,78.661377,80.456174,81.141857,1,1
7362,olson_pnas2021,2022,76.733673,79.784843,79.198679,0,1
7363,olson_pnas2021,2022,80.610207,81.916612,81.784288,0,1
7364,olson_pnas2021,2022,60.427368,74.451439,75.012087,0,1
7365,olson_pnas2021,2022,74.099533,79.910231,80.156755,1,1
7366,olson_pnas2021,2022,71.356026,74.313107,75.702160,1,1
7367,olson_pnas2021,2022,78.701622,80.553702,81.574993,1,1
7368,olson_pnas2021,2022,78.392288,80.499416,80.305660,1,1
7369,olson_pnas2021,2022,79.139366,78.867365,79.149482,1,1
7370,olson_pnas2021,2022,70.642265,75.666068,76.097918,1,1
7371,olson_pnas2021,2022,78.648537,80.928502,80.313244,1,1
7372,olson_pnas2021,2022,78.513702,79.928181,80.232534,1,1
7373,olson_pnas2021,2022,82.255066,80.495494,80.945077,1,1
7374,olson_pnas2021,2022,60.239780,82.771293,84.837877,1,1
7375,olson_pnas2021,2022,72.007866,76.083188,77.394230,1,1
7376,olson_pnas2021,2022,76.163803,78.220555,78.664015,0,1
7377,olson_pnas2021,2022,73.527702,76.552230,76.761201,1,1
7378,olson_pnas2021,2022,80.468590,78.921400,79.227434,0,1
7379,olson_pnas2021,2022,82.604080,80.267303,81.265281,0,1
7380,olson_pnas2021,2022,85.915154,82.091620,82.354219,1,1
7381,olson_pnas2021,2022,73.447029,78.501597,78.019304,1,1
7382,olson_pnas2021,2022,76.724693,78.479303,78.224893,1,1
7383,olson_pnas2021,2022,76.006416,77.934122,79.259153,1,1
7384,olson_pnas2021,2022,77.854195,77.937112,78.459449,0,1
7385,olson_pnas2021,2022,80.035088,79.628108,80.008740,0,1
7386,olson_pnas2021,2022,91.633400,87.692974,87.652506,1,1
7387,olson_pnas2021,2022,85.339394,82.989739,82.776983,0,1
7388,olson_pnas2021,2022,74.678925,76.608559,78.479956,0,1
7389,olson_pnas2021,2022,72.338249,76.134980,77.152551,0,1
7390,olson_pnas2021,2022,76.823097,79.775557,79.214877,0,1
7391,olson_pnas2021,2022,81.863075,82.725278,83.093067,1,1
7392,olson_pnas2021,2022,83.684349,80.408238,81.484721,1,1
7393,olson_pnas2021,2022,74.792000,79.696787,79.702506,0,1
7394,olson_pnas2021,2022,81.303688,83.875841,83.064871,0,1
7395,olson_pnas2021,2022,80.617157,79.523877,80.144417,1,1
7396,olson_pnas2021,2022,75.595375,78.936779,78.329231,1,1
7397,olson_pnas2021,2022,71.986023,75.848665,77.659069,0,1
7398,olson_pnas2021,2022,72.527969,75.862352,77.084230,0,1
7399,olson_pnas2021,2022,80.356491,80.816023,81.673734,1,1
7400,olson_pnas2021,2022,84.388161,81.185934,81.195859,1,1
7401,olson_pnas2021,2022,77.797798,81.312681,81.003904,1,1
7402,olson_pnas2021,2022,75.275299,80.267756,80.003293,1,1
7403,olson_pnas2021,2022,69.722801,76.051410,76.419082,1,1
7404,olson_pnas2021,2022,81.712982,82.583608,82.265677,1,1
7405,olson_pnas2021,2022,93.807182,89.306007,89.888650,1,1
7406,olson_pnas2021,2022,84.737137,81.384978,81.437197,1,1
7407,olson_pnas2021,2022,68.713211,77.365930,77.357013,1,1
7408,olson_pnas2021,2022,82.062622,80.988780,80.601330,1,1
7409,olson_pnas2021,2022,74.478600,79.231899,80.329928,0,1
7410,olson_pnas2021,2022,84.419075,80.995959,81.100395,1,1
7411,olson_pnas2021,2022,76.246552,77.737549,77.960168,1,1
7412,olson_pnas2021,2022,91.848717,86.280580,86.184733,0,1
7413,olson_pnas2021,2022,73.000916,75.814848,76.746372,0,1
7414,olson_pnas2021,2022,79.285919,79.567371,79.810903,1,1
7415,olson_pnas2021,2022,72.880562,77.106969,76.425488,1,1
7416,olson_pnas2021,2022,78.188065,79.887434,80.400991,0,1
7417,olson_pnas2021,2022,85.605766,82.766253,82.144590,1,1
7418,olson_pnas2021,2022,84.055031,81.999296,81.767674,0,1
7419,olson_pnas2021,2022,77.792046,80.964910,81.118724,0,1
7420,olson_pnas2021,2022,72.768326,79.906471,79.514805,1,1
7421,olson_pnas2021,2022,74.801544,77.427682,77.273821,0,1
7422,olson_pnas2021,2022,74.073730,77.737195,78.635305,1,1
7423,olson_pnas2021,2022,79.535484,80.144689,80.290569,0,1
7424,olson_pnas2021,2022,77.603806,77.753004,77.907834,0,1
7425,olson_pnas2021,2022,83.511200,79.909712,80.683643,0,1
7426,olson_pnas2021,2022,82.603058,79.669176,81.522838,1,1
7427,olson_pnas2021,2022,85.223335,84.035165,83.877863,0,1
7428,olson_pnas2021,2022,79.645813,79.261811,79.989258,0,1
7429,olson_pnas2021,2022,72.756454,76.667328,76.685044,1,1
7430,olson_pnas2021,2022,88.337761,82.151618,82.751306,1,1
7431,olson_pnas2021,2022,73.808487,78.277055,78.425726,0,1
7432,olson_pnas2021,2022,79.051689,78.057452,78.704214,0,1
7433,olson_pnas2021,2022,76.242592,78.442191,79.464628,1,1
7434,olson_pnas2021,2022,74.595200,77.309176,77.812900,1,1
7435,olson_pnas2021,2022,74.054871,76.398188,77.389743,0,1
7436,olson_pnas2021,2022,81.377602,78.950816,78.800383,0,1
7437,olson_pnas2021,2022,80.198570,80.143219,80.505313,1,1
7438,olson_pnas2021,2022,79.558388,78.471211,79.122571,0,1
7439,olson_pnas2021,2022,78.846901,80.803099,80.797157,0,1
7440,olson_pnas2021,2022,78.787834,80.729176,80.832707,0,1
7441,olson_pnas2021,2022,84.128365,82.608575,83.220477,0,1
7442,olson_pnas2021,2022,80.792320,80.227036,80.102320,1,1
7443,olson_pnas2021,2022,82.776260,86.799308,86.268517,1,1
7444,olson_pnas2021,2022,84.808510,82.055748,82.627152,0,1
7445,olson_pnas2021,2022,74.303795,79.599864,79.094005,1,1
7446,olson_pnas2021,2022,85.983994,82.558747,83.905178,1,1
7447,olson_pnas2021,2022,73.052216,76.213443,77.065317,1,1
7448,olson_pnas2021,2022,91.470863,88.289496,88.756918,0,1
7449,olson_pnas2021,2022,76.884338,81.922742,81.593417,0,1
7450,olson_pnas2021,2022,72.843102,75.925438,77.131756,1,1
7451,olson_pnas2021,2022,87.856087,82.487728,83.984881,0,1
7452,olson_pnas2021,2022,81.240395,81.999324,81.493338,0,1
7453,olson_pnas2021,2022,74.496742,78.428704,80.599080,0,1
7454,olson_pnas2021,2022,73.486206,78.644125,78.443966,1,1
7455,olson_pnas2021,2022,92.446449,88.152070,88.139584,1,1
7456,olson_pnas2021,2022,69.361893,75.541074,75.548531,1,1
7457,olson_pnas2021,2022,77.844688,78.893604,79.795192,1,1
7458,olson_pnas2021,2022,81.583038,81.904683,81.366651,0,1
7459,olson_pnas2021,2022,86.041069,81.795440,82.787003,0,1
7460,olson_pnas2021,2022,73.817047,76.738233,78.255379,1,1
7461,olson_pnas2021,2022,83.189484,79.312833,80.996316,0,1
7462,olson_pnas2021,2022,84.318062,79.775791,80.440250,0,1
7463,olson_pnas2021,2022,84.534210,86.557720,86.565334,0,1
7464,olson_pnas2021,2022,75.599083,77.614961,77.755405,0,1
7465,olson_pnas2021,2022,85.274574,81.824125,81.490272,0,1
7466,olson_pnas2021,2022,84.058624,81.501513,83.195647,0,1
7467,olson_pnas2021,2022,78.561554,80.428069,80.791388,1,1
7468,olson_pnas2021,2022,71.629097,76.428643,77.087895,0,1
7469,olson_pnas2021,2022,77.307007,78.205183,78.469350,0,1
7470,olson_pnas2021,2022,78.122437,78.652319,78.458322,1,1
7471,olson_pnas2021,2022,74.444458,76.494497,76.668764,1,1
7472,olson_pnas2021,2022,86.683052,84.441474,84.134422,1,1
7473,olson_pnas2021,2022,91.506989,90.890657,91.666548,0,1
7474,olson_pnas2021,2022,87.477234,82.509896,83.268875,1,1
7475,olson_pnas2021,2022,76.028564,89.279036,91.700751,0,1
7476,olson_pnas2021,2022,89.452988,85.106397,86.185120,1,1
7477,olson_pnas2021,2022,83.570686,81.863293,82.475653,0,1
7478,olson_pnas2021,2022,81.453445,82.298057,82.104421,0,1
7479,olson_pnas2021,2022,82.071564,82.424171,83.696138,0,1
7480,olson_pnas2021,2022,60.628395,80.180660,82.890553,0,1
7481,olson_pnas2021,2022,77.544418,78.587606,79.296567,0,1
7482,olson_pnas2021,2022,89.344376,84.183468,85.135232,1,1
7483,olson_pnas2021,2022,85.383118,81.531470,82.636043,0,1
7484,olson_pnas2021,2022,84.043648,77.754633,78.277193,0,1
7485,olson_pnas2021,2022,74.781677,77.894528,77.607749,0,1
7486,olson_pnas2021,2022,80.346397,80.135330,80.547555,1,1
7487,olson_pnas2021,2022,83.552254,80.332343,80.910351,0,1
7488,olson_pnas2021,2022,72.179947,76.658840,77.633452,0,1
7489,olson_pnas2021,2022,72.331680,76.617278,77.092310,1,1
7490,olson_pnas2021,2022,70.236382,74.700581,75.405587,1,1
7491,olson_pnas2021,2022,68.878128,77.651109,78.926879,1,1
7492,olson_pnas2021,2022,88.772804,83.293318,84.091599,1,1
7493,olson_pnas2021,2022,83.163025,80.984058,80.574903,0,1
7494,olson_pnas2021,2022,86.149925,82.386042,82.584479,0,1
7495,olson_pnas2021,2022,76.480606,80.401054,80.552674,0,1
7496,olson_pnas2021,2022,77.559044,76.374475,77.732525,0,1
7497,olson_pnas2021,2022,78.073074,78.586752,79.211869,0,1
7498,olson_pnas2021,2022,72.347206,75.789484,76.425046,1,1
7499,olson_pnas2021,2022,94.046783,85.581784,85.880351,1,1
7500,olson_pnas2021,2022,78.852394,78.473985,78.839927,1,1
7501,olson_pnas2021,2022,79.342026,79.066932,79.789956,1,1
7502,olson_pnas2021,2022,69.933548,78.390132,78.421281,1,1
7503,olson_pnas2021,2022,87.886223,82.009460,82.521241,0,1
7504,olson_pnas2021,2022,73.521301,76.266935,77.618320,1,1
7505,olson_pnas2021,2022,88.766640,83.491590,84.174135,0,1
7506,olson_pnas2021,2022,85.408485,84.596488,85.285400,1,1
7507,olson_pnas2021,2022,89.787010,89.331987,88.927259,0,1
7508,olson_pnas2021,2022,78.386566,78.140910,78.350865,0,1
7509,olson_pnas2021,2022,85.430672,82.142550,82.410661,1,1
7510,olson_pnas2021,2022,71.751740,75.903676,76.149089,0,1
7511,olson_pnas2021,2022,77.074745,77.105476,78.710164,0,1
7512,olson_pnas2021,2022,69.147888,76.977187,77.707671,1,1
7513,olson_pnas2021,2022,75.554291,77.490808,78.399743,1,1
7514,olson_pnas2021,2022,77.190544,79.884655,79.906098,0,1
7515,olson_pnas2021,2022,72.895828,77.084847,77.187810,1,1
7516,olson_pnas2021,2022,77.323029,78.153051,78.137398,0,1
7517,olson_pnas2021,2022,87.962502,86.005987,86.399186,1,1
7518,olson_pnas2021,2022,73.285065,78.148574,77.624577,1,1
7519,olson_pnas2021,2022,53.482765,73.555401,74.475583,1,1
7520,olson_pnas2021,2022,86.955864,82.283128,81.958077,0,1
7521,olson_pnas2021,2022,67.179230,80.700696,79.865230,0,1
7522,olson_pnas2021,2022,84.176598,81.995827,82.021601,1,1
7523,olson_pnas2021,2022,83.278740,80.234605,81.123514,0,1
7524,olson_pnas2021,2022,85.009918,81.780851,82.409082,0,1
7525,olson_pnas2021,2022,79.813042,80.407425,81.170615,1,1
7526,olson_pnas2021,2022,81.409996,79.102290,79.442458,0,1
7527,olson_pnas2021,2022,81.321541,80.741425,81.080145,0,1
7528,olson_pnas2021,2022,86.370628,81.860169,82.080934,1,1
7529,olson_pnas2021,2022,83.485687,81.333810,83.292991,0,1
7530,olson_pnas2021,2022,81.181999,80.276680,80.837259,0,1
7531,olson_pnas2021,2022,92.284737,84.090868,84.426122,0,1
7532,olson_pnas2021,2022,90.567177,86.374549,86.331536,1,1
7533,olson_pnas2021,2022,79.364761,81.287469,80.478181,0,1
7534,olson_pnas2021,2022,87.569794,83.653489,85.219298,1,1
7535,olson_pnas2021,2022,92.956642,92.016799,92.752170,1,1
7536,olson_pnas2021,2022,83.429733,81.184717,82.286461,1,1
7537,olson_pnas2021,2022,78.405067,78.540359,78.661868,0,1
7538,olson_pnas2021,2022,79.041451,78.714759,79.554699,1,1
7539,olson_pnas2021,2022,85.377090,82.769959,83.214984,1,1
7540,olson_pnas2021,2022,80.089813,81.682721,81.437275,0,1
7541,olson_pnas2021,2022,83.733780,81.672166,82.963185,1,1
7542,olson_pnas2021,2022,81.918800,80.325253,80.856295,1,1
7543,olson_pnas2021,2022,83.387321,80.405065,81.133833,0,1
7544,olson_pnas2021,2022,84.590721,82.469599,82.831098,1,1
7545,olson_pnas2021,2022,70.573509,76.248865,76.712559,0,1
7546,olson_pnas2021,2022,80.689484,80.106437,80.485972,0,1
7547,olson_pnas2021,2022,74.640945,77.982085,78.382732,0,1
7548,olson_pnas2021,2022,74.182251,78.826974,78.509266,1,1
7549,olson_pnas2021,2022,76.849709,78.853396,78.531431,0,1
7550,olson_pnas2021,2022,86.490944,82.907365,83.915356,0,1
7551,olson_pnas2021,2022,75.682327,78.230156,78.199056,0,1
7552,olson_pnas2021,2022,66.415268,75.263612,77.367895,0,1
7553,olson_pnas2021,2022,90.439919,86.408339,87.220325,0,1
7554,olson_pnas2021,2022,76.129448,76.891937,78.170091,0,1
7555,olson_pnas2021,2022,77.530617,78.566770,79.090732,0,1
7556,olson_pnas2021,2022,80.071434,81.348483,80.803249,1,1
7557,olson_pnas2021,2022,75.799248,79.211270,79.038456,1,1
7558,olson_pnas2021,2022,85.806999,86.452631,86.327415,1,1
7559,olson_pnas2021,2022,86.794647,82.022026,82.406839,0,1
7560,olson_pnas2021,2022,81.722153,79.980072,80.354777,0,1
7561,olson_pnas2021,2022,77.350006,78.385700,78.912786,0,1
7562,olson_pnas2021,2022,71.335327,77.893724,78.092585,0,1
7563,olson_pnas2021,2022,77.070091,,,0,0
7564,olson_pnas2021,2022,80.367332,80.361379,81.900995,0,1
7565,olson_pnas2021,2022,76.985725,77.455620,77.670933,1,1
7566,olson_pnas2021,2022,84.580437,82.152547,82.694915,0,1
7567,olson_pnas2021,2022,86.955734,83.270768,82.782251,0,1
7568,olson_pnas2021,2022,81.156830,79.992660,80.398486,0,1
7569,olson_pnas2021,2022,64.023582,76.954736,77.993270,1,1
7570,olson_pnas2021,2022,81.993851,81.278557,81.063440,1,1
7571,olson_pnas2021,2022,83.915047,81.992259,82.201683,1,1
7572,olson_pnas2021,2022,81.211197,80.195669,81.519390,1,1
7573,olson_pnas2021,2022,83.382889,82.310825,82.627432,1,1
7574,olson_pnas2021,2022,86.168304,80.801403,81.928292,0,1
7575,olson_pnas2021,2022,53.310478,75.844805,77.234310,0,1
7576,olson_pnas2021,2022,75.790909,78.728850,79.636173,0,1
7577,olson_pnas2021,2022,68.250450,76.716025,76.687216,0,1
7578,olson_pnas2021,2022,76.586571,80.795679,80.720208,1,1
7579,olson_pnas2021,2022,83.467606,80.783385,80.539877,1,1
7580,olson_pnas2021,2022,80.189117,81.470418,82.370647,0,1
7581,olson_pnas2021,2022,77.577797,78.506073,78.993648,0,1
7582,olson_pnas2021,2022,81.951233,81.157393,80.553511,0,1
7583,olson_pnas2021,2022,83.394638,79.372387,80.790843,1,1
7584,olson_pnas2021,2022,69.112480,75.651067,77.639235,0,1
7585,olson_pnas2021,2022,85.251129,82.624336,82.992014,1,1
7586,olson_pnas2021,2022,72.108932,76.975543,77.786935,0,1
7587,olson_pnas2021,2022,79.827950,80.146984,80.162771,0,1
7588,olson_pnas2021,2022,75.813866,79.216152,79.325042,0,1
7589,olson_pnas2021,2022,84.974899,84.181141,83.591973,1,1
7590,olson_pnas2021,2022,75.063721,77.052151,77.525817,0,1
7591,olson_pnas2021,2022,76.516251,77.510544,80.217058,0,1
7592,olson_pnas2021,2022,84.069130,81.035333,81.233872,1,1
7593,olson_pnas2021,2022,91.273811,88.841152,88.122726,1,1
7594,olson_pnas2021,2022,79.321342,80.855887,80.539737,1,1
7595,olson_pnas2021,2022,74.112259,76.351949,76.923778,0,1
7596,olson_pnas2021,2022,78.899658,77.709766,78.569007,1,1
7597,olson_pnas2021,2022,68.022385,76.447950,76.991612,1,1
7598,olson_pnas2021,2022,79.057022,80.416049,80.522145,1,1
7599,olson_pnas2021,2022,74.707558,76.904301,77.585537,1,1
7600,olson_pnas2021,2022,83.411201,77.210239,77.449577,0,1
7601,olson_pnas2021,2022,88.813713,84.929734,85.006358,1,1
7602,olson_pnas2021,2022,72.539246,75.928466,76.220035,0,1
7603,olson_pnas2021,2022,84.205040,84.340447,83.990619,0,1
7604,olson_pnas2021,2022,80.007401,79.704493,79.568579,1,1
7605,olson_pnas2021,2022,82.927223,78.625984,78.389982,0,1
7606,olson_pnas2021,2022,72.673973,79.883146,79.414667,0,1
7607,olson_pnas2021,2022,79.790428,80.555111,80.581707,1,1
7608,olson_pnas2021,2022,85.141357,82.407372,83.150220,0,1
7609,olson_pnas2021,2022,77.750481,77.271331,77.684838,1,1
7610,olson_pnas2021,2022,82.664917,81.469845,81.185807,1,1
7611,olson_pnas2021,2022,80.145500,81.857335,81.384078,0,1
7612,olson_pnas2021,2022,73.362030,79.825143,79.452693,1,1
7613,olson_pnas2021,2022,82.070442,79.684000,79.946091,0,1
7614,olson_pnas2021,2022,73.562767,76.459284,77.333107,0,1
7615,olson_pnas2021,2022,82.510582,79.709149,80.660055,1,1
7616,olson_pnas2021,2022,85.048744,84.351870,84.187470,0,1
7617,olson_pnas2021,2022,63.178814,75.156265,76.775872,1,1
7618,olson_pnas2021,2022,81.537422,80.530842,80.188969,0,1
7619,olson_pnas2021,2022,75.033089,75.865642,77.229972,0,1
7620,olson_pnas2021,2022,75.046326,77.817233,78.546743,1,1
7621,olson_pnas2021,2022,83.147430,83.239086,82.476680,1,1
7622,olson_pnas2021,2022,76.334259,79.551951,78.657610,0,1
7623,olson_pnas2021,2022,75.885696,77.947626,78.329026,1,1
7624,olson_pnas2021,2022,81.321869,78.476447,80.966363,1,1
7625,olson_pnas2021,2022,64.972321,75.565710,76.014660,1,1
7626,olson_pnas2021,2022,72.415688,76.280182,77.673315,0,1
7627,olson_pnas2021,2022,87.159302,84.883900,84.570649,0,1
7628,olson_pnas2021,2022,74.183365,77.361283,77.588664,1,1
7629,olson_pnas2021,2022,86.055603,82.915707,82.541503,1,1
7630,olson_pnas2021,2022,69.580528,75.114878,75.889868,0,1
7631,olson_pnas2021,2022,76.225647,79.490245,80.155324,0,1
7632,olson_pnas2021,2022,77.794220,78.903831,79.207052,1,1
7633,olson_pnas2021,2022,77.732170,79.083623,78.640405,0,1
7634,olson_pnas2021,2022,78.050491,76.504348,78.422650,0,1
7635,olson_pnas2021,2022,72.693207,79.808118,79.601470,1,1
7636,olson_pnas2021,2022,80.881241,82.616891,82.322961,0,1
7637,olson_pnas2021,2022,80.392838,81.111181,81.234038,1,1
7638,olson_pnas2021,2022,88.754478,85.111194,85.331622,0,1
7639,olson_pnas2021,2022,83.883179,79.944189,80.327956,1,1
7640,olson_pnas2021,2022,60.456699,77.021603,77.810715,1,1
7641,olson_pnas2021,2022,89.729446,88.711752,89.211949,1,1
7642,olson_pnas2021,2022,66.998337,76.857660,78.830080,0,1
7643,olson_pnas2021,2022,78.857002,79.629753,79.673413,1,1
7644,olson_pnas2021,2022,71.206902,77.142204,76.443286,0,1
7645,olson_pnas2021,2022,79.970482,77.006144,78.251816,1,1
7646,olson_pnas2021,2022,71.751289,77.457617,78.672084,0,1
7647,olson_pnas2021,2022,89.006126,83.372193,85.000363,0,1
7648,olson_pnas2021,2022,82.592758,81.007248,81.093388,0,1
7649,olson_pnas2021,2022,70.155807,76.355336,76.708322,1,1
7650,olson_pnas2021,2022,75.791206,77.099922,77.633689,1,1
7651,olson_pnas2021,2022,69.665619,76.242434,77.371207,1,1
7652,olson_pnas2021,2022,80.208069,81.942184,83.134906,1,1
7653,olson_pnas2021,2022,75.627357,78.656042,79.230183,0,1
7654,olson_pnas2021,2022,85.270645,84.298722,84.129538,0,1
7655,olson_pnas2021,2022,93.308159,87.719668,88.140410,0,1
7656,olson_pnas2021,2022,84.937752,82.456025,83.331086,1,1
7657,olson_pnas2021,2022,76.357529,77.528755,77.869929,1,1
7658,olson_pnas2021,2022,84.661324,81.927388,83.667313,1,1
7659,olson_pnas2021,2022,44.147976,78.718160,80.410685,1,1
7660,olson_pnas2021,2022,78.982788,78.709157,78.838158,0,1
7661,olson_pnas2021,2022,68.820709,76.105831,76.776301,0,1
7662,olson_pnas2021,2022,77.656296,78.499359,79.381094,0,1
7663,olson_pnas2021,2022,78.808510,79.600687,80.418479,1,1
7664,olson_pnas2021,2022,80.259254,78.101309,79.276275,1,1
7665,olson_pnas2021,2022,89.033218,88.369529,88.347249,0,1
7666,olson_pnas2021,2022,61.808205,75.804808,75.567120,1,1
7667,olson_pnas2021,2022,71.703331,78.998169,78.478358,0,1
7668,olson_pnas2021,2022,76.757050,78.805346,79.760690,1,1
7669,olson_pnas2021,2022,68.106804,78.638844,78.788403,0,1
7670,olson_pnas2021,2022,87.207649,85.371096,85.733083,1,1
7671,olson_pnas2021,2022,77.359459,79.936650,79.420470,0,1
7672,olson_pnas2021,2022,85.377762,81.652460,82.133852,1,1
7673,olson_pnas2021,2022,72.835983,76.568304,77.594195,0,1
7674,olson_pnas2021,2022,80.932617,79.718270,80.097405,0,1
7675,olson_pnas2021,2022,89.278709,86.496666,86.200511,1,1
7676,olson_pnas2021,2022,64.108932,74.234126,75.061371,0,1
7677,olson_pnas2021,2022,86.611176,87.282184,89.225011,0,1
7678,olson_pnas2021,2022,82.952309,81.626198,81.368808,1,1
7679,olson_pnas2021,2022,76.166870,77.835755,79.908864,0,1
7680,olson_pnas2021,2022,63.251049,77.018223,77.768591,1,1
7681,olson_pnas2021,2022,79.942062,79.119712,79.745693,0,1
7682,olson_pnas2021,2022,85.229439,85.344344,85.208984,1,1
7683,olson_pnas2021,2022,70.646843,82.383478,82.281643,0,1
7684,olson_pnas2021,2022,75.227753,77.255327,77.378089,1,1
7685,olson_pnas2021,2022,61.250641,75.421353,76.273088,0,1
7686,olson_pnas2021,2022,82.036972,80.857262,80.865632,1,1
7687,olson_pnas2021,2022,84.712898,86.461284,85.700829,0,1
7688,olson_pnas2021,2022,37.790062,72.851088,74.111935,1,1
7689,olson_pnas2021,2022,86.661560,84.481731,83.939981,1,1
7690,olson_pnas2021,2022,73.729713,79.134232,79.047130,1,1
7691,olson_pnas2021,2022,81.666267,80.453398,80.968966,0,1
7692,olson_pnas2021,2022,82.563004,82.989793,83.004768,1,1
7693,olson_pnas2021,2022,69.749245,76.348737,75.944301,1,1
7694,olson_pnas2021,2022,85.047005,82.911309,84.472576,0,1
7695,olson_pnas2021,2022,68.650948,77.718524,77.819651,0,1
7696,olson_pnas2021,2022,92.799232,87.316782,89.002444,1,1
7697,olson_pnas2021,2022,83.081070,81.666076,81.805741,1,1
7698,olson_pnas2021,2022,84.524818,80.899545,81.477640,1,1
7699,olson_pnas2021,2022,78.731346,78.458275,79.292060,1,1
7700,olson_pnas2021,2022,72.573593,77.307834,78.115432,0,1
7701,olson_pnas2021,2022,92.886261,90.017653,91.224084,1,1
7702,olson_pnas2021,2022,77.241943,78.773711,78.929285,0,1
7703,olson_pnas2021,2022,82.648560,81.037754,82.131594,0,1
7704,olson_pnas2021,2022,72.345284,75.210055,76.753577,1,1
7705,olson_pnas2021,2022,75.678421,79.958907,80.456469,0,1
7706,olson_pnas2021,2022,82.195000,83.205069,82.734869,1,1
7707,olson_pnas2021,2022,83.426491,81.506777,81.474443,0,1
7708,olson_pnas2021,2022,84.236649,81.804461,81.640356,0,1
7709,olson_pnas2021,2022,89.623436,84.401967,84.740674,0,1
7710,olson_pnas2021,2022,73.687775,76.364892,77.263983,0,1
7711,olson_pnas2021,2022,82.036552,80.836310,80.995649,1,1
7712,olson_pnas2021,2022,58.575172,77.814199,78.224465,1,1
7713,olson_pnas2021,2022,74.992661,76.893099,77.118237,0,1
7714,olson_pnas2021,2022,78.379234,78.348063,78.757239,0,1
7715,olson_pnas2021,2022,77.348137,79.960156,80.459310,0,1
7716,olson_pnas2021,2022,79.865486,79.789388,79.702761,0,1
7717,olson_pnas2021,2022,77.691063,82.935561,84.159463,0,1
7718,olson_pnas2021,2022,86.661957,83.935913,84.054423,0,1
7719,olson_pnas2021,2022,81.787994,,,0,0
7720,olson_pnas2021,2022,83.073845,84.497505,83.693736,0,1
7721,olson_pnas2021,2022,84.375938,82.021265,81.604622,0,1
7722,olson_pnas2021,2022,71.173210,76.821871,78.512776,1,1
7723,olson_pnas2021,2022,77.195168,77.788187,78.283314,0,1
7724,olson_pnas2021,2022,71.970222,75.899064,77.113473,1,1
7725,olson_pnas2021,2022,85.272774,83.762561,83.590052,0,1
7726,olson_pnas2021,2022,84.774048,83.071703,83.031992,0,1
7727,olson_pnas2021,2022,80.124954,80.934159,80.505451,0,1
7728,olson_pnas2021,2022,82.158760,83.900493,83.108523,0,1
7729,olson_pnas2021,2022,71.988335,82.247433,83.717208,0,1
7730,olson_pnas2021,2022,74.146759,76.485956,76.586853,1,1
7731,olson_pnas2021,2022,81.808037,86.748808,85.632933,0,1
7732,olson_pnas2021,2022,74.225380,77.861191,77.676900,1,1
7733,olson_pnas2021,2022,79.551270,78.862464,80.210900,0,1
7734,olson_pnas2021,2022,74.041199,76.269689,77.244440,0,1
7735,olson_pnas2021,2022,79.972610,79.871793,80.468942,0,1
7736,olson_pnas2021,2022,76.696449,78.914865,79.266760,1,1
7737,olson_pnas2021,2022,79.575523,80.211426,80.050121,0,1
7738,olson_pnas2021,2022,76.283684,78.190405,78.231584,1,1
7739,olson_pnas2021,2022,85.560753,82.785640,82.550124,1,1
7740,olson_pnas2021,2022,82.505852,81.432357,81.909546,1,1
7741,olson_pnas2021,2022,77.437317,77.953712,79.675719,1,1
7742,olson_pnas2021,2022,77.173470,79.745977,80.432341,1,1
7743,olson_pnas2021,2022,86.228607,81.914153,83.124736,1,1
7744,olson_pnas2021,2022,70.204529,75.360057,75.890576,1,1
7745,olson_pnas2021,2022,76.911072,77.657640,78.103088,0,1
7746,olson_pnas2021,2022,82.403519,79.486971,80.534128,1,1
7747,olson_pnas2021,2022,75.697777,77.216908,77.424054,1,1
7748,olson_pnas2021,2022,81.367973,83.052898,83.047093,1,1
7749,olson_pnas2021,2022,89.445084,84.182896,86.100608,0,1
7750,olson_pnas2021,2022,80.171692,79.264480,79.520703,1,1
7751,olson_pnas2021,2022,85.626396,80.829075,81.486742,0,1
7752,olson_pnas2021,2022,68.909943,73.172054,74.365558,0,1
7753,olson_pnas2021,2022,74.836433,76.851461,78.784820,0,1
7754,olson_pnas2021,2022,76.691696,77.230022,77.754129,0,1
7755,olson_pnas2021,2022,81.871887,80.798889,81.764420,1,1
7756,olson_pnas2021,2022,77.167938,78.696209,79.844079,0,1
7757,olson_pnas2021,2022,89.855621,83.805121,84.502599,0,1
7758,olson_pnas2021,2022,72.654961,77.285836,77.713085,0,1
7759,olson_pnas2021,2022,87.717598,78.398516,78.910374,1,1
7760,olson_pnas2021,2022,52.341824,75.659853,76.427569,0,1
7761,olson_pnas2021,2022,66.547272,78.752260,79.724302,0,1
7762,olson_pnas2021,2022,87.507263,82.854717,83.589439,1,1
7763,olson_pnas2021,2022,85.863548,81.791929,82.020753,1,1
7764,olson_pnas2021,2022,75.915489,76.886514,77.535735,1,1
7765,olson_pnas2021,2022,92.588196,86.571247,87.139405,1,1
7766,olson_pnas2021,2022,74.073456,77.964383,77.166215,1,1
7767,olson_pnas2021,2022,79.503944,79.324951,79.439447,0,1
7768,olson_pnas2021,2022,95.276154,97.950923,97.928367,0,1
7769,olson_pnas2021,2022,74.968460,78.377707,79.910472,1,1
7770,olson_pnas2021,2022,83.677635,81.464280,82.466904,1,1
7771,olson_pnas2021,2022,67.975479,78.807726,78.313029,0,1
7772,olson_pnas2021,2022,83.146759,84.300670,83.965895,0,1
7773,olson_pnas2021,2022,80.834816,81.092131,83.239822,0,1
7774,olson_pnas2021,2022,82.650185,81.454519,81.790144,0,1
7775,olson_pnas2021,2022,58.667709,76.858764,78.892792,0,1
7776,olson_pnas2021,2022,84.985252,80.155100,81.311265,1,1
7777,olson_pnas2021,2022,80.577133,80.306747,80.283712,1,1
7778,olson_pnas2021,2022,77.487183,78.425473,78.247017,0,1
7779,olson_pnas2021,2022,81.097099,81.166219,81.860748,1,1
7780,olson_pnas2021,2022,78.584908,79.375695,79.689908,1,1
7781,olson_pnas2021,2022,75.990440,77.275522,77.946048,0,1
7782,olson_pnas2021,2022,78.520599,77.887666,77.870437,1,1
7783,olson_pnas2021,2022,70.084541,78.265931,78.665704,1,1
7784,olson_pnas2021,2022,69.994377,77.896641,78.744701,1,1
7785,olson_pnas2021,2022,79.180809,78.364470,78.448073,0,1
7786,olson_pnas2021,2022,65.642616,79.000399,78.852765,0,1
7787,olson_pnas2021,2022,93.345070,88.322404,88.462450,1,1
7788,olson_pnas2021,2022,77.538055,80.546858,80.940831,0,1
7789,olson_pnas2021,2022,88.814629,85.525701,86.101539,0,1
7790,olson_pnas2021,2022,87.030777,82.243317,83.105824,0,1
7791,olson_pnas2021,2022,82.447899,80.065317,80.837397,0,1
7792,olson_pnas2021,2022,79.793480,78.562979,79.748067,0,1
7793,olson_pnas2021,2022,82.864571,82.253407,82.182110,0,1
7794,olson_pnas2021,2022,84.113083,80.558701,81.892440,0,1
7795,olson_pnas2021,2022,78.024986,77.507544,79.206787,0,1
7796,olson_pnas2021,2022,75.581139,76.828996,77.654361,1,1
7797,olson_pnas2021,2022,80.024063,81.741167,81.377201,0,1
7798,olson_pnas2021,2022,78.383461,78.094627,78.234603,1,1
7799,olson_pnas2021,2022,66.906540,74.906341,75.085443,0,1
7800,olson_pnas2021,2022,91.059807,86.552325,86.164098,0,1
7801,olson_pnas2021,2022,70.867691,74.635964,76.309242,0,1
7802,olson_pnas2021,2022,71.513481,75.692102,76.943705,0,1
7803,olson_pnas2021,2022,75.118759,80.168721,80.467163,0,1
7804,olson_pnas2021,2022,77.988068,78.855191,78.544207,0,1
7805,olson_pnas2021,2022,72.573746,76.497463,77.640460,1,1
7806,olson_pnas2021,2022,80.050247,80.417688,80.478957,1,1
7807,olson_pnas2021,2022,79.561630,79.838573,80.049542,1,1
7808,olson_pnas2021,2022,64.531944,76.270086,76.018466,0,1
7809,olson_pnas2021,2022,81.213600,82.547978,81.913670,0,1
7810,olson_pnas2021,2022,83.260139,80.847904,82.291647,0,1
7811,olson_pnas2021,2022,81.660042,79.290676,80.142188,0,1
7812,olson_pnas2021,2022,88.823082,83.099255,83.930246,0,1
7813,olson_pnas2021,2022,76.938805,78.631741,78.823405,0,1
7814,olson_pnas2021,2022,75.326439,78.415812,77.946316,0,1
7815,olson_pnas2021,2022,87.750916,86.055372,87.817165,0,1
7816,olson_pnas2021,2022,86.410179,84.046564,84.319373,1,1
7817,olson_pnas2021,2022,70.664658,76.614244,76.844916,1,1
7818,olson_pnas2021,2022,68.511436,74.839460,75.557435,1,1
7819,olson_pnas2021,2022,84.960968,80.861822,82.052573,1,1
7820,olson_pnas2021,2022,87.762489,85.001387,84.859179,0,1
7821,olson_pnas2021,2022,80.846550,79.473508,80.390564,0,1
7822,olson_pnas2021,2022,82.933807,82.021414,81.630537,1,1
7823,olson_pnas2021,2022,83.620178,79.228653,80.763303,0,1
7824,olson_pnas2021,2022,75.591728,78.613412,78.332186,0,1
7825,olson_pnas2021,2022,76.109856,77.365291,77.998539,0,1
7826,olson_pnas2021,2022,80.798576,80.692533,80.721357,0,1
7827,olson_pnas2021,2022,79.807106,77.947898,79.960856,1,1
7828,olson_pnas2021,2022,78.894913,78.309714,79.207414,1,1
7829,olson_pnas2021,2022,78.232590,78.044745,78.990789,0,1
7830,olson_pnas2021,2022,76.440285,77.618241,77.967021,0,1
7831,olson_pnas2021,2022,80.774567,79.207500,79.490859,0,1
7832,olson_pnas2021,2022,84.477821,80.371567,81.191408,1,1
7833,olson_pnas2021,2022,84.756058,79.994049,81.638501,1,1
7834,olson_pnas2021,2022,79.961014,84.371784,83.917302,0,1
7835,olson_pnas2021,2022,75.052628,77.052381,77.654718,1,1
7836,olson_pnas2021,2022,89.447182,82.862362,82.923078,0,1
7837,olson_pnas2021,2022,76.682175,77.671596,78.297074,1,1
7838,olson_pnas2021,2022,82.733307,80.715574,80.929695,0,1
7839,olson_pnas2021,2022,81.615685,81.322120,81.432721,0,1
7840,olson_pnas2021,2022,81.768753,79.336857,79.441183,0,1
7841,olson_pnas2021,2022,65.755013,77.232099,77.801666,1,1
7842,olson_pnas2021,2022,81.920967,81.398075,81.596070,1,1
7843,olson_pnas2021,2022,79.249123,78.825563,79.496770,0,1
7844,olson_pnas2021,2022,80.672195,78.017211,79.096329,1,1
7845,olson_pnas2021,2022,72.838524,78.021215,79.011191,0,1
7846,olson_pnas2021,2022,74.933922,78.750250,78.339966,0,1
7847,olson_pnas2021,2022,72.672302,75.520930,76.948370,0,1
7848,olson_pnas2021,2022,72.444336,77.374646,77.980005,1,1
7849,olson_pnas2021,2022,80.967697,79.702424,80.147968,0,1
7850,olson_pnas2021,2022,68.343895,78.507230,79.246978,1,1
7851,olson_pnas2021,2022,74.502090,78.531574,78.667923,0,1
7852,olson_pnas2021,2022,80.436531,81.000760,81.169404,0,1
7853,olson_pnas2021,2022,74.906357,78.963872,78.722393,1,1
7854,olson_pnas2021,2022,79.123062,79.794220,80.008812,1,1
7855,olson_pnas2021,2022,86.179886,,,0,0
7856,olson_pnas2021,2022,59.048950,74.814660,75.482133,0,1
7857,olson_pnas2021,2022,80.803452,80.479528,80.945537,1,1
7858,olson_pnas2021,2022,60.636372,77.578854,78.731345,1,1
7859,olson_pnas2021,2022,76.041969,79.806476,79.173774,0,1
7860,olson_pnas2021,2022,75.864952,75.103136,77.284222,0,1
7861,olson_pnas2021,2022,80.926178,80.445319,82.293495,0,1
7862,olson_pnas2021,2022,78.662231,77.834191,78.288610,0,1
7863,olson_pnas2021,2022,85.137787,80.975657,82.124181,1,1
7864,olson_pnas2021,2022,75.552643,78.959744,78.957544,1,1
7865,olson_pnas2021,2022,87.411484,82.709770,83.635930,1,1
7866,olson_pnas2021,2022,76.422020,80.521810,80.419854,0,1
7867,olson_pnas2021,2022,86.907684,85.831906,86.265363,1,1
7868,olson_pnas2021,2022,69.233406,78.314530,78.551623,0,1
7869,olson_pnas2021,2022,79.527420,78.331043,80.022628,0,1
7870,olson_pnas2021,2022,88.204277,83.016099,84.185749,0,1
7871,olson_pnas2021,2022,81.322914,81.464760,80.620274,0,1
7872,olson_pnas2021,2022,70.783699,78.228101,79.742605,0,1
7873,olson_pnas2021,2022,76.043823,76.980495,77.809772,1,1
7874,olson_pnas2021,2022,77.983894,78.303908,78.765237,0,1
7875,olson_pnas2021,2022,76.811546,78.968731,78.347481,1,1
7876,olson_pnas2021,2022,78.067413,78.851460,78.924144,1,1
7877,olson_pnas2021,2022,80.392593,81.005810,80.153730,1,1
7878,olson_pnas2021,2022,76.543602,78.603800,79.254870,1,1
7879,olson_pnas2021,2022,75.412415,76.447957,77.678771,0,1
7880,olson_pnas2021,2022,86.470955,81.202001,81.737829,0,1
7881,olson_pnas2021,2022,83.922089,81.332740,81.410284,0,1
7882,olson_pnas2021,2022,78.930130,79.176267,80.256896,1,1
7883,olson_pnas2021,2022,88.391426,86.243369,86.952560,0,1
7884,olson_pnas2021,2022,80.375572,81.639524,81.497845,1,1
7885,olson_pnas2021,2022,76.872810,76.199821,77.951986,0,1
7886,olson_pnas2021,2022,64.477158,76.504998,76.888302,0,1
7887,olson_pnas2021,2022,78.759605,80.552755,80.537204,0,1
7888,olson_pnas2021,2022,82.562164,80.712019,81.193532,1,1
7889,olson_pnas2021,2022,77.524597,78.424766,78.608407,0,1
7890,olson_pnas2021,2022,80.732933,80.320288,80.726390,1,1
7891,olson_pnas2021,2022,77.043381,77.623303,78.991382,0,1
7892,olson_pnas2021,2022,73.990692,79.498114,79.576950,1,1
7893,olson_pnas2021,2022,78.723663,79.114484,79.100469,1,1
7894,olson_pnas2021,2022,82.834518,80.109738,80.801647,1,1
7895,olson_pnas2021,2022,75.661606,78.856653,78.519099,0,1
7896,olson_pnas2021,2022,73.847702,77.966244,78.612134,0,1
7897,olson_pnas2021,2022,83.490059,81.900362,82.026443,1,1
7898,olson_pnas2021,2022,72.916718,77.167080,77.244189,0,1
7899,olson_pnas2021,2022,76.972321,79.118445,80.577826,1,1
7900,olson_pnas2021,2022,76.322891,79.691743,79.621433,1,1
7901,olson_pnas2021,2022,66.012192,78.472349,78.786819,0,1
7902,olson_pnas2021,2022,78.799210,77.780780,77.930832,1,1
7903,olson_pnas2021,2022,55.784901,76.407724,76.647352,0,1
7904,olson_pnas2021,2022,73.661438,76.542934,77.587498,1,1
7905,olson_pnas2021,2022,84.608604,80.602807,80.810285,1,1
7906,olson_pnas2021,2022,77.915718,80.205190,80.344313,0,1
7907,olson_pnas2021,2022,81.249207,78.711037,78.993562,1,1
7908,olson_pnas2021,2022,85.815582,80.361384,81.939680,1,1
7909,olson_pnas2021,2022,74.065811,77.803959,77.740432,0,1
7910,olson_pnas2021,2022,75.612717,78.476832,78.574351,0,1
7911,olson_pnas2021,2022,74.550224,77.234855,77.617728,0,1
7912,olson_pnas2021,2022,80.911949,79.025958,79.286892,1,1
7913,olson_pnas2021,2022,79.469994,81.314383,81.512906,0,1
7914,olson_pnas2021,2022,77.848297,77.672821,78.660081,0,1
7915,olson_pnas2021,2022,64.838501,75.226010,76.113055,1,1
7916,olson_pnas2021,2022,86.106888,84.872116,85.326878,0,1
7917,olson_pnas2021,2022,77.958504,78.617950,78.306027,1,1
7918,olson_pnas2021,2022,74.854149,80.009413,81.155047,0,1
7919,olson_pnas2021,2022,84.987495,83.543037,84.619149,1,1
7920,olson_pnas2021,2022,81.022163,78.724317,79.561439,1,1
7921,olson_pnas2021,2022,81.589272,78.387726,79.285365,0,1
7922,olson_pnas2021,2022,77.209160,78.138363,77.998633,0,1
7923,olson_pnas2021,2022,71.298431,75.212486,76.587181,1,1
7924,olson_pnas2021,2022,80.656830,80.077046,80.815071,1,1
7925,olson_pnas2021,2022,71.583855,75.781584,76.472450,1,1
7926,olson_pnas2021,2022,76.030693,78.220781,78.373701,0,1
7927,olson_pnas2021,2022,69.715996,77.243285,77.440026,0,1
7928,olson_pnas2021,2022,82.322647,83.853828,84.053521,1,1
7929,olson_pnas2021,2022,74.961479,81.319964,81.355127,1,1
7930,olson_pnas2021,2022,86.777100,83.537606,83.159852,0,1
7931,olson_pnas2021,2022,82.279175,80.121239,80.455613,0,1
7932,olson_pnas2021,2022,78.948944,79.495884,79.380132,0,1
7933,olson_pnas2021,2022,81.867645,80.919127,81.845786,0,1
7934,olson_pnas2021,2022,74.585136,77.593687,77.353557,1,1
7935,olson_pnas2021,2022,78.537697,77.822995,78.262094,0,1
7936,olson_pnas2021,2022,53.693920,76.653144,77.113542,1,1
7937,olson_pnas2021,2022,81.622368,80.576338,80.871848,1,1
7938,olson_pnas2021,2022,77.038292,76.419034,77.754604,1,1
7939,olson_pnas2021,2022,74.233513,77.110591,77.041370,0,1
7940,olson_pnas2021,2022,81.668076,77.865865,78.608839,1,1
7941,olson_pnas2021,2022,71.800705,79.265711,79.024469,1,1
7942,olson_pnas2021,2022,75.027412,77.035592,77.052989,1,1
7943,olson_pnas2021,2022,74.565399,79.057792,79.611913,1,1
7944,olson_pnas2021,2022,76.383987,77.819339,78.410221,1,1
7945,olson_pnas2021,2022,77.990707,77.889388,77.982659,1,1
7946,olson_pnas2021,2022,83.243408,80.152832,80.570533,0,1
7947,olson_pnas2021,2022,68.210388,74.090935,74.927433,0,1
7948,olson_pnas2021,2022,85.173729,83.475806,83.555639,0,1
7949,olson_pnas2021,2022,76.706818,77.126426,77.864512,1,1
7950,olson_pnas2021,2022,82.418236,80.227759,80.229241,0,1
7951,olson_pnas2021,2022,77.747238,79.029832,78.835868,0,1
7952,olson_pnas2021,2022,86.651337,81.571217,81.830364,1,1
7953,olson_pnas2021,2022,81.364670,79.188596,78.783628,1,1
7954,olson_pnas2021,2022,82.481148,81.107111,81.662224,0,1
7955,olson_pnas2021,2022,78.665955,82.795834,82.464186,0,1
7956,olson_pnas2021,2022,73.588219,78.925271,78.757849,0,1
7957,olson_pnas2021,2022,74.459091,80.608660,79.932901,1,1
7958,olson_pnas2021,2022,78.220718,78.825900,79.055803,0,1
7959,olson_pnas2021,2022,81.974709,79.333038,80.989755,1,1
7960,olson_pnas2021,2022,74.505737,82.725136,83.059996,0,1
7961,olson_pnas2021,2022,78.792587,78.391563,79.715653,1,1
7962,olson_pnas2021,2022,66.673325,76.134704,78.168846,1,1
7963,olson_pnas2021,2022,86.342728,81.597987,82.183322,0,1
7964,olson_pnas2021,2022,73.399345,77.165106,77.145282,1,1
7965,olson_pnas2021,2022,70.954544,76.633831,78.109559,0,1
7966,olson_pnas2021,2022,70.885757,77.010065,76.856809,1,1
7967,olson_pnas2021,2022,76.914391,78.255288,78.747765,0,1
7968,olson_pnas2021,2022,85.412476,82.073771,82.656375,0,1
7969,olson_pnas2021,2022,74.132088,77.491708,77.129097,0,1
7970,olson_pnas2021,2022,74.966873,82.686001,84.794072,1,1
7971,olson_pnas2021,2022,76.062866,78.573262,78.424530,0,1
7972,olson_pnas2021,2022,74.460785,76.677088,76.747684,1,1
7973,olson_pnas2021,2022,69.701622,75.309084,75.875745,1,1
7974,olson_pnas2021,2022,83.679802,81.344799,81.180572,1,1
7975,olson_pnas2021,2022,89.836433,89.959324,90.369901,1,1
7976,olson_pnas2021,2022,80.680588,80.779006,82.565499,0,1
7977,olson_pnas2021,2022,69.561523,77.350055,77.410191,1,1
7978,olson_pnas2021,2022,83.337006,81.649967,81.740610,0,1
7979,olson_pnas2021,2022,83.078957,82.915145,83.381911,1,1
7980,olson_pnas2021,2022,78.074181,78.609698,78.609243,1,1
7981,olson_pnas2021,2022,76.288193,78.554031,78.907206,1,1
7982,olson_pnas2021,2022,50.719124,77.440536,77.322215,0,1
7983,olson_pnas2021,2022,80.838631,79.232336,79.694380,1,1
7984,olson_pnas2021,2022,93.210915,87.962591,88.827124,1,1
7985,olson_pnas2021,2022,76.057259,78.396301,78.609391,1,1
7986,olson_pnas2021,2022,78.764847,77.651945,78.707431,0,1
7987,olson_pnas2021,2022,75.401581,79.842055,79.354195,0,1
7988,olson_pnas2021,2022,73.522720,79.002924,79.189076,1,1
7989,olson_pnas2021,2022,80.866585,80.674537,81.305525,1,1
7990,olson_pnas2021,2022,83.996025,80.908383,80.934676,0,1
7991,olson_pnas2021,2022,80.801186,84.821816,84.351344,0,1
7992,olson_pnas2021,2022,79.228073,78.488685,78.627074,1,1
7993,olson_pnas2021,2022,75.270462,78.131672,77.863907,1,1
7994,olson_pnas2021,2022,77.248734,80.030398,80.221963,1,1
7995,olson_pnas2021,2022,76.601082,76.728329,77.949142,0,1
7996,olson_pnas2021,2022,87.278214,86.678182,86.453230,0,1
7997,olson_pnas2021,2022,57.772446,80.893879,82.545830,0,1
7998,olson_pnas2021,2022,77.150574,78.228024,79.703831,1,1
7999,olson_pnas2021,2022,85.951767,80.954888,82.190274,0,1
8000,olson_pnas2021,2022,75.965263,78.156924,78.283386,1,1
8001,olson_pnas2021,2022,77.455605,79.114824,79.476353,1,1
8002,olson_pnas2021,2022,83.933609,82.845173,83.128032,1,1
8003,olson_pnas2021,2022,69.637390,77.118312,76.286861,0,1
8004,olson_pnas2021,2022,74.558983,76.291345,77.312352,0,1
8005,olson_pnas2021,2022,91.241905,86.246696,87.872922,1,1
8006,olson_pnas2021,2022,72.750862,78.965864,79.327418,1,1
8007,olson_pnas2021,2022,70.195023,76.748473,76.512805,0,1
8008,olson_pnas2021,2022,81.729057,85.725601,86.384585,1,1
8009,olson_pnas2021,2022,73.064339,75.563397,75.759485,1,1
8010,olson_pnas2021,2022,85.677963,85.060123,84.548648,0,1
8011,olson_pnas2021,2022,67.464279,77.772769,78.224030,1,1
8012,olson_pnas2021,2022,74.707260,78.362771,79.255837,0,1
8013,olson_pnas2021,2022,88.976044,83.549924,83.894131,1,1
8014,olson_pnas2021,2022,73.776253,79.004173,77.834019,1,1
8015,olson_pnas2021,2022,74.471977,79.164562,78.725311,0,1
8016,olson_pnas2021,2022,76.899773,80.664735,80.842627,1,1
8017,olson_pnas2021,2022,78.274658,81.377616,81.226940,0,1
8018,olson_pnas2021,2022,81.639252,84.654376,86.101309,0,1
8019,olson_pnas2021,2022,89.098251,86.373268,85.654128,0,1
8020,olson_pnas2021,2022,80.395271,79.210473,80.018194,0,1
8021,olson_pnas2021,2022,73.749611,78.168410,78.309621,0,1
8022,olson_pnas2021,2022,73.867973,78.397286,79.076925,1,1
8023,olson_pnas2021,2022,83.503342,80.422594,80.707120,1,1
8024,olson_pnas2021,2022,78.035423,78.691850,78.942278,1,1
8025,olson_pnas2021,2022,67.918602,79.028426,79.238022,1,1
8026,olson_pnas2021,2022,72.235535,77.190021,76.784774,1,1
8027,olson_pnas2021,2022,84.446785,81.343215,82.029715,1,1
8028,olson_pnas2021,2022,74.589691,77.709101,78.581944,1,1
8029,olson_pnas2021,2022,78.552849,82.384149,82.764366,1,1
8030,olson_pnas2021,2022,77.810356,78.894998,78.701260,0,1
8031,olson_pnas2021,2022,81.117439,81.165526,80.775189,0,1
8032,olson_pnas2021,2022,75.269234,79.673251,79.528531,0,1
8033,olson_pnas2021,2022,78.108070,80.806973,80.988623,0,1
8034,olson_pnas2021,2022,84.683464,83.669093,83.234103,1,1
8035,olson_pnas2021,2022,80.241188,81.631276,81.305264,1,1
8036,olson_pnas2021,2022,77.412209,78.853499,79.177946,1,1
8037,olson_pnas2021,2022,74.123169,79.091433,78.894787,0,1
8038,olson_pnas2021,2022,74.338219,77.413239,78.169090,1,1
8039,olson_pnas2021,2022,84.450668,81.123062,81.507124,0,1
8040,olson_pnas2021,2022,63.031609,74.853082,76.364176,0,1
8041,olson_pnas2021,2022,81.946854,82.057855,81.854409,1,1
8042,olson_pnas2021,2022,79.106125,82.252625,82.888369,1,1
8043,olson_pnas2021,2022,87.993553,85.973591,87.890065,0,1
8044,olson_pnas2021,2022,83.749535,82.178369,84.945597,1,1
8045,olson_pnas2021,2022,73.434082,77.915425,78.194541,1,1
8046,olson_pnas2021,2022,75.279373,76.100528,76.657266,0,1
8047,olson_pnas2021,2022,59.760124,77.438814,78.284807,1,1
8048,olson_pnas2021,2022,79.489952,79.408809,80.139926,0,1
8049,olson_pnas2021,2022,63.160007,79.037929,79.211694,0,1
8050,olson_pnas2021,2022,77.564812,81.216067,81.074813,0,1
8051,olson_pnas2021,2022,74.747261,77.166983,77.436875,0,1
8052,olson_pnas2021,2022,81.125847,78.141408,79.088357,1,1
8053,olson_pnas2021,2022,71.840492,82.201412,83.301608,0,1
8054,olson_pnas2021,2022,86.405319,80.180208,81.868355,0,1
8055,olson_pnas2021,2022,81.667313,79.472510,79.784967,1,1
8056,olson_pnas2021,2022,88.750618,84.310344,85.618597,0,1
8057,olson_pnas2021,2022,76.531654,78.552433,78.402949,0,1
8058,olson_pnas2021,2022,80.974373,81.316751,81.558150,1,1
8059,olson_pnas2021,2022,79.557487,78.131807,79.041575,0,1
8060,olson_pnas2021,2022,88.035950,85.571979,84.825338,1,1
8061,olson_pnas2021,2022,83.831558,80.773431,80.756337,0,1
8062,olson_pnas2021,2022,85.127609,80.923666,81.962370,1,1
8063,olson_pnas2021,2022,54.796799,73.558172,74.453960,0,1
8064,olson_pnas2021,2022,77.389183,78.239611,78.259349,1,1
8065,olson_pnas2021,2022,77.944649,79.574697,79.860100,1,1
8066,olson_pnas2021,2022,82.841248,79.876314,81.787728,0,1
8067,olson_pnas2021,2022,67.677345,74.816931,75.708935,1,1
8068,olson_pnas2021,2022,81.541145,79.818564,81.230490,0,1
8069,olson_pnas2021,2022,78.208595,80.754432,80.946491,0,1
8070,olson_pnas2021,2022,78.266182,82.223363,83.832477,1,1
8071,olson_pnas2021,2022,83.532799,82.181081,82.413074,1,1
8072,olson_pnas2021,2022,85.883469,83.269380,83.788895,0,1
8073,olson_pnas2021,2022,80.625656,81.338311,81.131441,1,1
8074,olson_pnas2021,2022,78.463326,80.015942,80.382098,0,1
8075,olson_pnas2021,2022,73.408279,78.964210,78.783085,1,1
8076,olson_pnas2021,2022,80.723068,79.507170,81.209641,0,1
8077,olson_pnas2021,2022,85.051064,84.458608,84.146823,1,1
8078,olson_pnas2021,2022,87.703117,85.885707,84.711330,0,1
8079,olson_pnas2021,2022,69.610069,76.515768,76.269416,0,1
8080,olson_pnas2021,2022,77.338326,79.114529,79.508960,1,1
8081,olson_pnas2021,2022,76.232613,77.339794,77.393615,0,1
8082,olson_pnas2021,2022,75.419632,81.392481,80.507172,1,1
8083,olson_pnas2021,2022,86.860992,81.835060,82.386968,1,1
8084,olson_pnas2021,2022,72.982964,76.941164,76.916204,0,1
8085,olson_pnas2021,2022,80.852036,79.229809,79.713713,0,1
8086,olson_pnas2021,2022,76.929520,80.266074,79.264068,0,1
8087,olson_pnas2021,2022,78.219536,78.954010,78.644443,0,1
8088,olson_pnas2021,2022,71.251480,76.124007,76.804600,1,1
8089,olson_pnas2021,2022,85.731995,83.123996,84.116982,1,1
8090,olson_pnas2021,2022,81.662956,80.795528,81.595834,0,1
8091,olson_pnas2021,2022,86.859604,83.661776,84.164261,1,1
8092,olson_pnas2021,2022,84.373596,78.454212,81.330422,0,1
8093,olson_pnas2021,2022,78.724754,80.177929,79.868897,1,1
8094,olson_pnas2021,2022,78.175896,78.786055,79.144814,1,1
8095,olson_pnas2021,2022,85.338318,81.111949,82.229776,0,1
8096,olson_pnas2021,2022,82.254181,81.899503,82.641767,0,1
8097,olson_pnas2021,2022,71.880028,78.750114,78.086172,0,1
8098,olson_pnas2021,2022,75.052345,78.734987,78.849274,1,1
8099,olson_pnas2021,2022,76.883751,79.476856,79.468420,1,1
8100,olson_pnas2021,2022,81.948441,79.723884,79.718670,0,1
8101,olson_pnas2021,2022,74.357147,77.326709,77.688980,0,1
8102,olson_pnas2021,2022,83.172607,83.006757,83.057927,0,1
8103,olson_pnas2021,2022,78.589958,79.234477,80.532084,1,1
8104,olson_pnas2021,2022,85.589722,81.572424,82.021440,0,1
8105,olson_pnas2021,2022,72.501175,78.361859,78.970813,1,1
8106,olson_pnas2021,2022,70.345238,82.522561,81.754518,1,1
8107,olson_pnas2021,2022,84.574005,80.504072,80.941107,0,1
8108,olson_pnas2021,2022,88.406860,83.661525,84.839496,0,1
8109,olson_pnas2021,2022,75.956085,78.308935,78.521225,0,1
8110,olson_pnas2021,2022,80.124329,81.499852,81.596326,0,1
8111,olson_pnas2021,2022,92.119843,87.674528,87.867959,0,1
8112,olson_pnas2021,2022,76.220406,78.805705,78.532519,0,1
8113,olson_pnas2021,2022,72.689674,76.161082,77.230794,1,1
8114,olson_pnas2021,2022,93.477348,87.722584,87.780287,1,1
8115,olson_pnas2021,2022,78.593925,80.630652,80.914018,1,1
8116,olson_pnas2021,2022,82.754997,81.934804,82.261302,0,1
8117,olson_pnas2021,2022,74.315506,77.566205,77.175912,1,1
8118,olson_pnas2021,2022,85.151291,82.142788,82.568130,1,1
8119,olson_pnas2021,2022,75.845337,80.847985,80.740508,1,1
8120,olson_pnas2021,2022,74.001816,79.323921,79.461864,0,1
8121,olson_pnas2021,2022,60.009415,77.771599,77.636481,1,1
8122,olson_pnas2021,2022,84.880913,82.024580,82.450994,0,1
8123,olson_pnas2021,2022,77.102333,84.993287,83.731494,1,1
8124,olson_pnas2021,2022,85.766174,83.067182,82.989900,0,1
8125,olson_pnas2021,2022,78.238022,80.063079,80.174381,0,1
8126,olson_pnas2021,2022,86.181412,84.402847,84.019090,0,1
8127,olson_pnas2021,2022,73.068634,76.260163,76.945138,1,1
8128,olson_pnas2021,2022,80.880829,81.863543,81.915435,0,1
8129,olson_pnas2021,2022,79.325607,78.058922,79.605965,1,1
8130,olson_pnas2021,2022,78.331139,80.838409,79.857908,1,1
8131,olson_pnas2021,2022,82.893166,81.186018,81.268931,0,1
8132,olson_pnas2021,2022,74.734871,77.744565,80.048118,1,1
8133,olson_pnas2021,2022,74.529388,83.408796,82.143920,1,1
8134,olson_pnas2021,2022,65.600189,81.701559,83.917112,1,1
8135,olson_pnas2021,2022,81.087479,78.365754,80.178090,0,1
8136,olson_pnas2021,2022,83.947594,80.069709,81.150145,1,1
8137,olson_pnas2021,2022,72.547516,77.628804,78.059266,1,1
8138,olson_pnas2021,2022,81.519112,80.372309,80.175895,1,1
8139,olson_pnas2021,2022,80.141464,82.634479,81.891465,0,1
8140,olson_pnas2021,2022,82.668457,81.793891,81.703384,0,1
8141,olson_pnas2021,2022,79.055336,77.614966,79.076132,1,1
8142,olson_pnas2021,2022,81.062820,82.424841,82.633735,0,1
8143,olson_pnas2021,2022,80.278725,79.491348,80.418633,0,1
8144,olson_pnas2021,2022,79.649651,79.331513,80.740140,0,1
8145,olson_pnas2021,2022,86.688545,82.555841,82.919099,1,1
8146,olson_pnas2021,2022,86.186584,85.877643,85.105659,0,1
8147,olson_pnas2021,2022,76.393364,77.833557,78.497723,0,1
8148,olson_pnas2021,2022,65.249741,76.809798,77.560046,1,1
8149,olson_pnas2021,2022,75.113647,78.868995,79.516332,0,1
8150,olson_pnas2021,2022,82.037270,81.546844,82.003082,0,1
8151,olson_pnas2021,2022,79.699341,79.048762,79.929585,1,1
8152,olson_pnas2021,2022,78.755844,79.273054,79.038472,0,1
8153,olson_pnas2021,2022,73.199951,77.606702,77.566259,1,1
8154,olson_pnas2021,2022,85.995834,83.307983,84.578680,1,1
8155,olson_pnas2021,2022,72.938782,75.727519,76.501511,0,1
8156,olson_pnas2021,2022,73.834251,78.113211,78.414243,0,1
8157,olson_pnas2021,2022,82.021454,80.886365,81.339669,0,1
8158,olson_pnas2021,2022,79.927216,80.936008,81.309646,1,1
8159,olson_pnas2021,2022,92.342567,88.350820,89.463578,0,1
8160,olson_pnas2021,2022,76.254166,78.244083,78.228792,1,1
8161,olson_pnas2021,2022,63.237202,74.266581,74.739750,0,1
8162,olson_pnas2021,2022,79.844925,79.985962,80.418566,1,1
8163,olson_pnas2021,2022,79.090073,80.250095,80.298426,0,1
8164,olson_pnas2021,2022,92.471954,85.139522,86.559770,1,1
8165,olson_pnas2021,2022,78.495201,80.372993,80.607903,0,1
8166,olson_pnas2021,2022,85.533264,82.241977,82.392133,0,1
8167,olson_pnas2021,2022,72.197311,75.538633,76.390710,0,1
8168,olson_pnas2021,2022,89.457336,84.984869,85.155773,1,1
8169,olson_pnas2021,2022,84.042564,82.341850,82.533306,0,1
8170,olson_pnas2021,2022,80.951294,80.007715,80.585326,1,1
8171,olson_pnas2021,2022,74.034889,76.546332,77.505850,0,1
8172,olson_pnas2021,2022,69.683891,78.136040,78.845592,1,1
8173,olson_pnas2021,2022,84.366051,86.950045,86.298111,1,1
8174,olson_pnas2021,2022,80.302132,79.472087,79.314330,1,1
8175,olson_pnas2021,2022,89.194763,86.725411,86.321881,1,1
8176,olson_pnas2021,2022,84.251610,82.028753,82.444234,1,1
8177,olson_pnas2021,2022,89.877007,87.263733,87.442021,1,1
8178,olson_pnas2021,2022,80.918724,78.423816,80.334282,0,1
8179,olson_pnas2021,2022,90.942368,85.529682,86.520529,0,1
8180,olson_pnas2021,2022,72.254494,78.025030,78.579445,0,1
8181,olson_pnas2021,2022,85.291222,82.324894,82.628507,0,1
8182,olson_pnas2021,2022,73.200256,78.708255,78.472864,1,1
8183,olson_pnas2021,2022,74.810226,77.575351,78.890850,0,1
8184,olson_pnas2021,2022,77.757103,82.079281,83.431420,1,1
8185,olson_pnas2021,2022,59.773476,75.738906,76.523419,0,1
8186,olson_pnas2021,2022,78.498169,80.473773,79.958531,1,1
8187,olson_pnas2021,2022,89.972343,85.022573,85.232404,0,1
8188,olson_pnas2021,2022,77.594826,80.303701,80.162366,1,1
8189,olson_pnas2021,2022,87.698761,83.544103,84.199277,1,1
8190,olson_pnas2021,2022,78.701973,79.284536,79.090081,1,1
8191,olson_pnas2021,2022,78.633446,79.364446,79.063112,0,1
8192,olson_pnas2021,2022,75.705162,79.056766,80.061100,0,1
8193,olson_pnas2021,2022,69.889908,78.049827,77.500259,1,1
8194,olson_pnas2021,2022,85.036438,81.325979,82.571764,1,1
8195,olson_pnas2021,2022,67.285805,75.390479,76.032310,1,1
8196,olson_pnas2021,2022,85.611397,85.565944,85.788117,0,1
8197,olson_pnas2021,2022,85.431000,81.454728,81.381514,0,1
8198,olson_pnas2021,2022,80.058250,78.861732,79.734331,1,1
8199,olson_pnas2021,2022,78.283356,79.824971,80.603716,0,1
8200,olson_pnas2021,2022,88.027603,86.541061,86.676821,1,1
8201,olson_pnas2021,2022,80.618111,82.428639,82.065615,0,1
8202,olson_pnas2021,2022,76.867691,79.133029,79.278947,0,1
8203,olson_pnas2021,2022,88.127228,82.348366,82.319462,1,1
8204,olson_pnas2021,2022,74.788635,76.316291,76.982195,1,1
8205,olson_pnas2021,2022,84.931404,82.139184,82.671328,1,1
8206,olson_pnas2021,2022,93.132797,90.346818,91.274693,0,1
8207,olson_pnas2021,2022,78.501274,81.171541,80.700688,0,1
8208,olson_pnas2021,2022,80.100044,79.875786,81.087317,1,1
8209,olson_pnas2021,2022,74.142548,76.203566,77.684519,1,1
8210,olson_pnas2021,2022,91.710884,87.385824,87.831924,0,1
8211,olson_pnas2021,2022,79.307899,79.736292,80.265047,0,1
8212,olson_pnas2021,2022,62.529037,78.970201,79.101150,0,1
8213,olson_pnas2021,2022,73.555130,77.393999,77.401458,1,1
8214,olson_pnas2021,2022,74.679314,77.992763,80.486858,0,1
8215,olson_pnas2021,2022,75.651917,82.859648,83.053074,1,1
8216,olson_pnas2021,2022,82.743980,83.853506,83.629215,1,1
8217,olson_pnas2021,2022,85.983208,81.970150,82.028273,0,1
8218,olson_pnas2021,2022,76.774704,78.244977,79.533091,0,1
8219,olson_pnas2021,2022,78.707436,79.724497,79.837116,1,1
8220,olson_pnas2021,2022,77.382179,80.041028,80.338029,1,1
8221,olson_pnas2021,2022,80.304214,79.621935,80.130566,1,1
8222,olson_pnas2021,2022,89.094910,86.298081,86.526257,0,1
8223,olson_pnas2021,2022,91.339844,85.801208,85.438960,1,1
8224,olson_pnas2021,2022,77.745262,79.586480,79.130437,1,1
8225,olson_pnas2021,2022,78.307915,84.300381,85.016794,1,1
8226,olson_pnas2021,2022,90.197945,84.188474,85.022888,1,1
8227,olson_pnas2021,2022,72.398735,77.082524,77.003428,1,1
8228,olson_pnas2021,2022,78.527504,80.314517,79.843282,0,1
8229,olson_pnas2021,2022,83.955544,80.497716,81.042133,1,1
8230,olson_pnas2021,2022,79.899132,79.558285,79.504017,1,1
8231,olson_pnas2021,2022,74.255875,77.628670,77.737772,1,1
8232,olson_pnas2021,2022,73.531273,77.161160,77.722820,0,1
8233,olson_pnas2021,2022,79.201782,79.470841,80.242301,0,1
8234,olson_pnas2021,2022,87.492683,86.679360,86.434984,1,1
8235,olson_pnas2021,2022,78.565651,78.296231,78.779330,1,1
8236,olson_pnas2021,2022,78.647408,79.566849,79.360286,0,1
8237,olson_pnas2021,2022,81.092590,80.882210,80.829646,1,1
8238,olson_pnas2021,2022,76.397720,78.180979,78.791288,1,1
8239,olson_pnas2021,2022,77.152306,77.735716,78.158791,1,1
8240,olson_pnas2021,2022,74.032959,78.443874,78.075207,0,1
8241,olson_pnas2021,2022,71.179497,77.150722,77.744968,1,1
8242,olson_pnas2021,2022,69.629868,76.477510,76.560199,0,1
8243,olson_pnas2021,2022,86.562210,83.452579,84.233151,1,1
8244,olson_pnas2021,2022,83.587822,81.484906,81.665942,0,1
8245,olson_pnas2021,2022,61.602180,80.329763,81.336146,1,1
8246,olson_pnas2021,2022,73.496216,78.596071,78.188421,1,1
8247,olson_pnas2021,2022,76.205582,77.175416,78.201221,1,1
8248,olson_pnas2021,2022,79.227638,78.336380,79.392447,0,1
8249,olson_pnas2021,2022,77.294907,79.299859,78.836297,1,1
8250,olson_pnas2021,2022,76.179146,77.019714,77.332815,0,1
8251,olson_pnas2021,2022,87.523254,82.034492,83.387473,0,1
8252,olson_pnas2021,2022,81.736992,80.716209,81.182358,1,1
8253,olson_pnas2021,2022,75.598251,77.179383,77.493811,1,1
8254,olson_pnas2021,2022,81.082451,95.512837,96.285695,1,1
8255,olson_pnas2021,2022,78.945526,81.179700,81.995412,1,1
8256,olson_pnas2021,2022,66.031334,81.570469,81.195444,0,1
8257,olson_pnas2021,2022,74.712410,77.519971,77.389240,1,1
8258,olson_pnas2021,2022,82.306084,79.638437,80.846371,1,1
8259,olson_pnas2021,2022,85.556343,84.186002,83.686849,1,1
8260,olson_pnas2021,2022,75.867119,77.916581,78.752156,1,1
8261,olson_pnas2021,2022,81.858734,82.608440,81.722261,1,1
8262,olson_pnas2021,2022,87.597626,84.947872,85.373644,1,1
8263,olson_pnas2021,2022,69.419495,76.705550,77.129196,0,1
8264,olson_pnas2021,2022,83.482170,81.753543,83.349233,0,1
8265,olson_pnas2021,2022,74.463890,79.622003,80.034223,1,1
8266,olson_pnas2021,2022,77.393860,78.204507,79.600172,1,1
8267,olson_pnas2021,2022,81.628242,79.165294,80.234621,0,1
8268,olson_pnas2021,2022,73.826721,77.305369,77.664770,1,1
8269,olson_pnas2021,2022,49.723358,76.870591,77.458487,0,1
8270,olson_pnas2021,2022,77.105743,78.775301,78.919681,0,1
8271,olson_pnas2021,2022,89.798454,86.103054,86.504900,0,1
8272,olson_pnas2021,2022,87.902969,83.173633,83.089345,0,1
8273,olson_pnas2021,2022,76.850388,77.953572,78.788927,1,1
8274,olson_pnas2021,2022,74.907768,76.931213,78.539358,0,1
8275,olson_pnas2021,2022,79.648254,79.361996,79.839864,1,1
8276,olson_pnas2021,2022,75.785210,76.668811,77.334179,1,1
8277,olson_pnas2021,2022,78.262421,78.067506,78.038224,0,1
8278,olson_pnas2021,2022,82.423195,78.594950,79.604334,1,1
8279,olson_pnas2021,2022,81.499031,80.418573,80.800884,1,1
8280,olson_pnas2021,2022,74.831451,78.238066,77.897683,0,1
8281,olson_pnas2021,2022,80.695427,80.516620,80.473582,0,1
8282,olson_pnas2021,2022,79.827354,75.839487,75.375623,1,1
8283,olson_pnas2021,2022,71.461037,76.275313,76.915110,0,1
8284,olson_pnas2021,2022,77.960632,78.176638,79.375800,1,1
8285,olson_pnas2021,2022,72.863213,79.370504,80.349202,1,1
8286,olson_pnas2021,2022,63.288319,76.189209,76.108490,1,1
8287,olson_pnas2021,2022,75.909386,77.787118,77.136492,0,1
8288,olson_pnas2021,2022,69.564560,74.897232,76.192643,1,1
8289,olson_pnas2021,2022,74.229225,77.162919,78.007729,0,1
8290,olson_pnas2021,2022,74.970535,74.986178,76.396459,1,1
8291,olson_pnas2021,2022,81.802765,80.838855,81.202416,0,1
8292,olson_pnas2021,2022,73.213074,77.672988,77.978735,1,1
8293,olson_pnas2021,2022,79.218964,79.637851,79.876819,0,1
8294,olson_pnas2021,2022,83.411217,81.456133,81.680225,0,1
8295,olson_pnas2021,2022,74.329681,76.893610,76.438298,0,1
8296,olson_pnas2021,2022,76.350143,78.906752,78.524734,0,1
8297,olson_pnas2021,2022,76.759254,80.352463,80.274176,0,1
8298,olson_pnas2021,2022,83.485344,81.386225,81.689630,1,1
8299,olson_pnas2021,2022,68.197701,75.704469,77.275243,1,1
8300,olson_pnas2021,2022,83.850655,80.012575,80.569868,0,1
8301,olson_pnas2021,2022,80.781639,80.724435,80.114973,0,1
8302,olson_pnas2021,2022,76.539352,78.153702,78.473988,0,1
8303,olson_pnas2021,2022,78.757698,78.007671,78.710484,1,1
8304,olson_pnas2021,2022,53.600018,74.454676,74.807520,1,1
8305,olson_pnas2021,2022,86.041519,85.260127,84.942406,1,1
8306,olson_pnas2021,2022,79.452553,79.946257,79.122062,0,1
8307,olson_pnas2021,2022,74.001724,77.590883,77.880386,1,1
8308,olson_pnas2021,2022,70.626137,75.678037,76.443966,1,1
8309,olson_pnas2021,2022,80.085838,79.379360,80.607303,1,1
8310,olson_pnas2021,2022,80.679962,79.490020,80.243446,1,1
8311,olson_pnas2021,2022,76.487434,78.152756,77.937311,0,1
8312,olson_pnas2021,2022,90.121689,88.228088,88.655760,1,1
8313,olson_pnas2021,2022,91.336098,85.956645,86.823718,1,1
8314,olson_pnas2021,2022,90.309021,84.190486,83.801530,1,1
8315,olson_pnas2021,2022,90.476173,85.385135,85.554320,0,1
8316,olson_pnas2021,2022,79.140839,80.839211,81.663521,1,1
8317,olson_pnas2021,2022,79.433388,82.934815,84.106612,1,1
8318,olson_pnas2021,2022,83.639923,81.141878,81.463207,1,1
8319,olson_pnas2021,2022,91.902252,87.007388,87.029055,0,1
8320,olson_pnas2021,2022,80.570312,79.910457,80.955142,0,1
8321,olson_pnas2021,2022,79.708618,81.962710,84.286024,0,1
8322,olson_pnas2021,2022,77.238289,78.510960,78.651062,0,1
8323,olson_pnas2021,2022,80.144707,80.068366,81.219107,1,1
8324,olson_pnas2021,2022,80.964134,78.267792,79.901335,1,1
8325,olson_pnas2021,2022,77.545395,79.668775,80.135886,1,1
8326,olson_pnas2021,2022,68.176826,75.924713,76.455857,1,1
8327,olson_pnas2021,2022,78.892662,79.620615,79.723477,0,1
8328,olson_pnas2021,2022,73.775780,78.123469,78.301854,0,1
8329,olson_pnas2021,2022,79.508522,81.276512,81.343526,1,1
8330,olson_pnas2021,2022,73.803253,79.078476,79.882232,1,1
8331,olson_pnas2021,2022,74.532845,77.510356,77.902571,1,1
8332,olson_pnas2021,2022,64.115784,78.860067,79.073643,1,1
8333,olson_pnas2021,2022,78.751999,77.707005,78.896882,0,1
8334,olson_pnas2021,2022,69.349869,75.589775,75.313962,1,1
8335,olson_pnas2021,2022,74.960396,78.368837,77.940973,1,1
8336,olson_pnas2021,2022,74.924072,81.125960,80.960644,1,1
8337,olson_pnas2021,2022,59.421532,78.824582,78.775840,0,1
8338,olson_pnas2021,2022,70.920937,75.463127,77.362304,0,1
8339,olson_pnas2021,2022,82.790199,81.539782,82.265808,1,1
8340,olson_pnas2021,2022,77.175987,79.646377,79.733170,0,1
8341,olson_pnas2021,2022,84.504074,80.459888,81.240707,1,1
8342,olson_pnas2021,2022,86.182228,83.454777,83.280173,1,1
8343,olson_pnas2021,2022,79.654152,79.443537,80.345340,1,1
8344,olson_pnas2021,2022,84.610970,80.476266,81.743601,0,1
8345,olson_pnas2021,2022,76.620949,80.342141,80.314386,0,1
8346,olson_pnas2021,2022,67.749756,79.144451,80.225159,1,1
8347,olson_pnas2021,2022,75.101326,77.587318,78.569642,0,1
8348,olson_pnas2021,2022,80.901077,79.565047,79.804241,1,1
8349,olson_pnas2021,2022,84.352043,81.361706,81.283830,0,1
8350,olson_pnas2021,2022,81.086853,79.258015,80.035174,1,1
8351,olson_pnas2021,2022,75.160667,78.757995,78.473475,0,1
8352,olson_pnas2021,2022,67.601761,77.059747,77.361060,1,1
8353,olson_pnas2021,2022,80.552193,80.676127,81.142341,1,1
8354,olson_pnas2021,2022,80.615074,81.058496,80.582210,0,1
8355,olson_pnas2021,2022,76.445679,77.455785,77.822009,1,1
8356,olson_pnas2021,2022,83.225533,80.800713,80.551941,0,1
8357,olson_pnas2021,2022,71.705498,76.455665,76.719083,0,1
8358,olson_pnas2021,2022,77.760818,77.307453,78.389551,1,1
8359,olson_pnas2021,2022,78.128845,87.219022,88.715319,1,1
8360,olson_pnas2021,2022,78.037628,80.420925,80.390173,1,1
8361,olson_pnas2021,2022,80.993927,79.625113,80.673982,0,1
8362,olson_pnas2021,2022,82.078011,79.189110,79.759890,1,1
8363,olson_pnas2021,2022,73.465523,77.968451,78.161490,0,1
8364,olson_pnas2021,2022,75.537354,77.968171,79.080853,1,1
8365,olson_pnas2021,2022,82.886177,81.004241,81.517119,0,1
8366,olson_pnas2021,2022,83.859047,81.757302,81.701350,0,1
8367,olson_pnas2021,2022,66.442017,75.324680,76.633565,0,1
8368,olson_pnas2021,2022,65.550079,75.328497,77.267549,1,1
8369,olson_pnas2021,2022,83.586151,80.677859,80.443400,0,1
8370,olson_pnas2021,2022,72.936989,78.833571,78.992331,0,1
8371,olson_pnas2021,2022,90.243980,83.789153,84.284738,0,1
8372,olson_pnas2021,2022,70.777306,77.551977,77.648269,1,1
8373,olson_pnas2021,2022,72.917488,76.752297,76.503992,0,1
8374,olson_pnas2021,2022,81.768074,81.779659,82.421477,1,1
8375,olson_pnas2021,2022,75.916939,79.732191,80.341492,0,1
8376,olson_pnas2021,2022,80.395409,81.166875,81.069316,0,1
8377,olson_pnas2021,2022,79.998260,79.069264,79.554464,1,1
8378,olson_pnas2021,2022,76.036758,77.260084,77.934905,1,1
8379,olson_pnas2021,2022,85.149620,81.012415,82.393206,1,1
8380,olson_pnas2021,2022,79.662773,78.658069,79.032462,0,1
8381,olson_pnas2021,2022,78.020081,78.301870,80.462424,1,1
8382,olson_pnas2021,2022,73.318497,78.884104,78.738538,1,1
8383,olson_pnas2021,2022,49.116810,73.666159,74.475753,1,1
8384,olson_pnas2021,2022,75.556015,77.344443,77.753567,1,1
8385,olson_pnas2021,2022,83.192947,83.268909,82.705868,1,1
8386,olson_pnas2021,2022,69.487694,76.333930,76.382587,1,1
8387,olson_pnas2021,2022,71.325615,78.007733,78.772817,1,1
8388,olson_pnas2021,2022,77.397644,78.056407,78.570791,0,1
8389,olson_pnas2021,2022,77.820351,76.520200,77.967991,1,1
8390,olson_pnas2021,2022,71.062622,76.231650,76.468718,0,1
8391,olson_pnas2021,2022,80.526382,80.997936,80.069463,0,1
8392,olson_pnas2021,2022,76.419937,77.850180,78.950790,1,1
8393,olson_pnas2021,2022,91.385635,87.218296,87.539203,1,1
8394,olson_pnas2021,2022,80.093613,79.760023,79.800547,0,1
8395,olson_pnas2021,2022,83.952744,81.771957,81.670852,1,1
8396,olson_pnas2021,2022,85.233932,81.527077,82.288013,0,1
8397,olson_pnas2021,2022,78.750298,78.663555,79.425751,1,1
8398,olson_pnas2021,2022,85.582008,,,0,0
8399,olson_pnas2021,2022,70.100548,79.552436,80.734619,0,1
8400,olson_pnas2021,2022,84.402245,81.180107,82.927945,1,1
8401,olson_pnas2021,2022,69.413673,76.651200,78.389613,0,1
8402,olson_pnas2021,2022,71.534470,76.234232,77.259281,0,1
8403,olson_pnas2021,2022,89.738068,85.992183,86.772397,0,1
8404,olson_pnas2021,2022,78.126648,81.796669,81.144495,0,1
8405,olson_pnas2021,2022,68.799370,79.407840,79.738174,0,1
8406,olson_pnas2021,2022,88.705170,82.011340,83.541828,0,1
8407,olson_pnas2021,2022,71.079605,78.044594,78.737318,0,1
8408,olson_pnas2021,2022,80.276093,78.940328,78.783942,0,1
8409,olson_pnas2021,2022,60.166313,74.771956,75.557789,1,1
8410,olson_pnas2021,2022,69.749413,75.197227,76.053580,0,1
8411,olson_pnas2021,2022,81.263504,79.468933,79.868677,0,1
8412,olson_pnas2021,2022,72.990196,76.921802,77.508210,1,1
8413,olson_pnas2021,2022,86.633095,83.737212,84.195775,1,1
8414,olson_pnas2021,2022,66.216019,78.570718,78.527023,0,1
8415,olson_pnas2021,2022,85.589012,80.924146,81.668813,1,1
8416,olson_pnas2021,2022,89.105431,84.262285,84.952487,0,1
8417,olson_pnas2021,2022,94.006416,91.641885,91.882064,0,1
8418,olson_pnas2021,2022,71.814278,78.340778,78.262178,1,1
8419,olson_pnas2021,2022,75.920425,81.994432,81.406366,1,1
8420,olson_pnas2021,2022,72.645432,78.836359,80.258721,0,1
8421,olson_pnas2021,2022,79.525597,80.100336,80.093494,1,1
8422,olson_pnas2021,2022,78.730911,78.257503,78.406313,1,1
8423,olson_pnas2021,2022,90.989403,89.437790,91.144603,0,1
8424,olson_pnas2021,2022,79.888245,80.077897,81.220615,0,1
8425,olson_pnas2021,2022,86.673668,84.505199,84.280125,1,1
8426,olson_pnas2021,2022,71.706589,76.481909,76.439097,0,1
8427,olson_pnas2021,2022,83.302551,83.857646,83.846209,1,1
8428,olson_pnas2021,2022,82.233223,81.737621,82.033716,1,1
8429,olson_pnas2021,2022,79.272858,80.543337,79.999996,0,1
8430,olson_pnas2021,2022,72.522621,77.126118,77.376183,0,1
8431,olson_pnas2021,2022,78.683189,78.066515,78.319865,0,1
8432,olson_pnas2021,2022,92.371986,85.928339,85.789014,1,1
8433,olson_pnas2021,2022,74.037102,76.867701,77.220559,0,1
8434,olson_pnas2021,2022,76.227745,77.348349,77.509357,0,1
8435,olson_pnas2021,2022,90.770515,84.695874,84.754959,1,1
8436,olson_pnas2021,2022,82.054260,83.009030,82.750114,1,1
8437,olson_pnas2021,2022,84.811333,82.463957,83.417956,0,1
8438,olson_pnas2021,2022,76.944695,,,0,0
8439,olson_pnas2021,2022,92.076530,84.802862,86.186888,1,1
8440,olson_pnas2021,2022,72.533325,77.828200,77.627976,0,1
8441,olson_pnas2021,2022,86.265495,83.157109,84.190565,1,1
8442,olson_pnas2021,2022,81.219414,77.385456,79.019640,0,1
8443,olson_pnas2021,2022,75.115028,76.966736,77.729607,1,1
8444,olson_pnas2021,2022,79.573715,80.052939,80.023859,0,1
8445,olson_pnas2021,2022,76.913696,79.333802,78.585031,0,1
8446,olson_pnas2021,2022,79.714828,79.309557,79.170970,0,1
8447,olson_pnas2021,2022,87.797150,86.066890,86.707278,1,1
8448,olson_pnas2021,2022,91.928932,86.761931,87.077263,1,1
8449,olson_pnas2021,2022,62.123680,77.876649,77.727983,0,1
8450,olson_pnas2021,2022,74.229431,77.397892,77.844161,0,1
8451,olson_pnas2021,2022,77.007141,76.449245,77.308104,0,1
8452,olson_pnas2021,2022,78.283203,79.734444,79.649522,0,1
8453,olson_pnas2021,2022,85.302635,82.176852,82.131251,0,1
8454,olson_pnas2021,2022,84.141907,80.832135,81.585968,1,1
8455,olson_pnas2021,2022,84.567467,82.798684,82.402151,1,1
8456,olson_pnas2021,2022,79.427216,79.694948,79.375686,1,1
8457,olson_pnas2021,2022,83.966133,81.827866,82.303104,1,1
8458,olson_pnas2021,2022,85.643303,84.239293,85.126696,1,1
8459,olson_pnas2021,2022,73.183601,77.162085,76.995253,0,1
8460,olson_pnas2021,2022,68.395271,85.102441,83.976671,1,1
8461,olson_pnas2021,2022,75.396851,78.807206,78.718564,1,1
8462,olson_pnas2021,2022,69.572151,78.113125,78.083694,0,1
8463,olson_pnas2021,2022,82.305717,80.750138,80.565931,1,1
8464,olson_pnas2021,2022,74.034912,77.354088,77.153934,1,1
8465,olson_pnas2021,2022,77.109009,79.729229,79.515766,1,1
8466,olson_pnas2021,2022,78.185562,78.784148,78.715861,1,1
8467,olson_pnas2021,2022,77.602684,79.509667,80.295192,0,1
8468,olson_pnas2021,2022,82.022820,81.452936,82.831600,1,1
8469,olson_pnas2021,2022,79.343941,,,0,0
8470,olson_pnas2021,2022,88.934067,83.770190,83.783044,1,1
8471,olson_pnas2021,2022,75.506905,76.454050,77.247964,1,1
8472,olson_pnas2021,2022,84.370720,82.621636,82.683215,0,1
8473,olson_pnas2021,2022,79.320946,78.346883,78.939672,0,1
8474,olson_pnas2021,2022,77.932137,78.697413,78.824342,1,1
8475,olson_pnas2021,2022,82.121658,79.389381,79.915415,0,1
8476,olson_pnas2021,2022,83.723312,81.007848,81.764027,1,1
8477,olson_pnas2021,2022,82.949654,81.100629,81.534306,0,1
8478,olson_pnas2021,2022,75.759964,78.669902,79.726782,0,1
8479,olson_pnas2021,2022,71.955177,75.961928,76.353165,0,1
8480,olson_pnas2021,2022,84.223282,81.038389,82.843205,0,1
8481,olson_pnas2021,2022,85.178497,82.212887,83.239556,0,1
8482,olson_pnas2021,2022,77.329666,79.265499,79.359466,0,1
8483,olson_pnas2021,2022,77.231911,77.624014,78.537420,1,1
8484,olson_pnas2021,2022,78.912201,78.893714,79.658778,0,1
8485,olson_pnas2021,2022,84.951675,83.192580,82.983977,1,1
8486,olson_pnas2021,2022,73.646042,76.870329,76.949028,0,1
8487,olson_pnas2021,2022,78.515961,76.807024,78.648030,1,1
8488,olson_pnas2021,2022,82.453430,,,0,0
8489,olson_pnas2021,2022,87.645370,83.215968,83.884678,1,1
8490,olson_pnas2021,2022,74.740242,78.001409,78.083021,0,1
8491,olson_pnas2021,2022,69.768867,76.401448,76.580335,0,1
8492,olson_pnas2021,2022,80.353699,80.704469,81.229037,1,1
8493,olson_pnas2021,2022,74.952744,77.631882,77.618001,0,1
8494,olson_pnas2021,2022,78.772835,79.270371,79.005445,0,1
8495,olson_pnas2021,2022,78.237068,79.717720,80.053220,0,1
8496,olson_pnas2021,2022,63.787376,80.121332,80.284733,1,1
8497,olson_pnas2021,2022,82.089439,80.663025,80.502713,0,1
8498,olson_pnas2021,2022,84.231140,80.502506,80.901097,0,1
8499,olson_pnas2021,2022,73.834732,78.225262,79.521742,0,1
8500,olson_pnas2021,2022,81.389465,78.457880,80.014168,0,1
8501,olson_pnas2021,2022,78.220886,79.756057,79.440282,1,1
8502,olson_pnas2021,2022,85.378197,79.694478,79.938290,0,1
8503,olson_pnas2021,2022,79.307762,78.577941,78.982895,1,1
8504,olson_pnas2021,2022,74.112061,77.264389,77.172973,0,1
8505,olson_pnas2021,2022,78.925758,79.866445,79.766596,0,1
8506,olson_pnas2021,2022,77.963928,78.210109,78.196473,1,1
8507,olson_pnas2021,2022,82.418907,79.408799,80.049586,1,1
8508,olson_pnas2021,2022,77.222130,77.632938,77.369755,0,1
8509,olson_pnas2021,2022,85.717491,82.684501,82.119977,1,1
8510,olson_pnas2021,2022,75.152519,77.842887,77.626238,0,1
8511,olson_pnas2021,2022,71.679504,77.742924,77.723060,1,1
8512,olson_pnas2021,2022,83.227867,83.371667,82.400358,1,1
8513,olson_pnas2021,2022,73.384514,77.229822,77.744161,0,1
8514,olson_pnas2021,2022,79.597977,77.788557,78.906925,1,1
8515,olson_pnas2021,2022,76.063087,79.691124,80.619726,0,1
8516,olson_pnas2021,2022,91.164001,88.340350,88.307218,1,1
8517,olson_pnas2021,2022,66.306641,79.270799,78.526753,1,1
8518,olson_pnas2021,2022,74.168304,85.372293,84.364062,0,1
8519,olson_pnas2021,2022,81.859306,77.835567,79.252960,0,1
8520,olson_pnas2021,2022,75.790009,78.905806,78.776679,1,1
8521,olson_pnas2021,2022,75.947151,81.983821,81.485560,1,1
8522,olson_pnas2021,2022,83.192146,81.870513,82.041502,1,1
8523,olson_pnas2021,2022,79.827263,79.689812,79.574008,1,1
8524,olson_pnas2021,2022,76.777786,81.146838,80.958012,0,1
8525,olson_pnas2021,2022,85.588501,82.468125,83.052485,1,1
8526,olson_pnas2021,2022,76.068649,77.991190,77.955882,0,1
8527,olson_pnas2021,2022,75.399635,79.091923,79.007385,1,1
8528,olson_pnas2021,2022,88.800659,86.629471,86.895121,0,1
8529,olson_pnas2021,2022,80.599388,82.409916,83.004667,1,1
8530,olson_pnas2021,2022,80.285057,81.329918,80.654414,0,1
8531,olson_pnas2021,2022,82.521561,78.260409,78.227018,1,1
8532,olson_pnas2021,2022,85.537285,80.547935,80.976380,1,1
8533,olson_pnas2021,2022,75.803123,78.760085,79.544632,1,1
8534,olson_pnas2021,2022,85.086975,81.682524,82.334023,0,1
8535,olson_pnas2021,2022,81.817101,81.124256,80.742678,0,1
8536,olson_pnas2021,2022,75.853470,78.467161,79.712924,0,1
8537,olson_pnas2021,2022,76.287170,80.416698,80.016727,0,1
8538,olson_pnas2021,2022,78.285179,78.014401,78.675813,0,1
8539,olson_pnas2021,2022,79.560753,79.986849,80.887828,0,1
8540,olson_pnas2021,2022,83.680435,84.833933,84.338835,1,1
8541,olson_pnas2021,2022,72.953873,81.469629,81.310163,0,1
8542,olson_pnas2021,2022,87.689522,84.262714,86.025745,0,1
8543,olson_pnas2021,2022,84.247643,82.522287,83.177692,1,1
8544,olson_pnas2021,2022,42.178173,74.004248,75.421590,0,1
8545,olson_pnas2021,2022,85.233307,83.209258,84.625655,0,1
8546,olson_pnas2021,2022,70.601585,78.383445,79.203765,0,1
8547,olson_pnas2021,2022,85.211319,81.311702,81.681720,1,1
8548,olson_pnas2021,2022,84.776649,81.717660,81.514500,0,1
8549,olson_pnas2021,2022,72.182304,78.257139,78.153165,0,1
8550,olson_pnas2021,2022,79.343086,80.118424,81.315852,1,1
8551,olson_pnas2021,2022,72.680542,76.239752,76.448150,0,1
8552,olson_pnas2021,2022,89.507019,86.099998,86.305012,1,1
8553,olson_pnas2021,2022,89.950981,84.019873,84.736303,0,1
8554,olson_pnas2021,2022,75.885117,80.195650,81.135657,1,1
8555,olson_pnas2021,2022,70.196243,75.670040,76.234081,1,1
8556,olson_pnas2021,2022,82.949669,85.064981,86.774187,0,1
8557,olson_pnas2021,2022,62.834846,79.110072,81.302608,1,1
8558,olson_pnas2021,2022,82.657692,81.713885,81.764331,1,1
8559,olson_pnas2021,2022,74.276176,78.667519,78.363573,1,1
8560,olson_pnas2021,2022,75.634216,77.963765,79.266595,0,1
8561,olson_pnas2021,2022,73.456612,78.222209,78.409895,0,1
8562,olson_pnas2021,2022,87.789917,83.641507,83.501280,0,1
8563,olson_pnas2021,2022,60.168266,74.557417,75.641134,0,1
8564,olson_pnas2021,2022,89.798424,83.673105,83.828693,0,1
8565,olson_pnas2021,2022,84.006500,81.491177,82.183921,0,1
8566,olson_pnas2021,2022,82.112465,79.512217,80.610799,0,1
8567,olson_pnas2021,2022,81.045845,79.892061,82.982119,1,1
8568,olson_pnas2021,2022,84.801140,81.699242,81.945338,1,1
8569,olson_pnas2021,2022,82.258957,81.071009,82.339464,1,1
8570,olson_pnas2021,2022,82.205566,80.524139,81.368318,1,1
8571,olson_pnas2021,2022,75.772850,77.293730,78.067205,0,1
8572,btb,2025,,,,0,0
8573,btb,2025,84.233681,82.063765,81.985596,0,1
8574,btb,2025,81.582138,81.038561,81.859255,1,1
8575,btb,2025,87.724068,83.449185,84.769349,0,1
8576,btb,2025,,,,0,0
8577,btb,2025,80.629417,79.638663,81.390474,0,1
8578,btb,2025,,,,0,0
8579,btb,2025,,,,0,0
8580,btb,2025,,,,0,0
8581,btb,2025,,,,0,0
8582,btb,2025,76.892944,76.974248,77.662084,0,1
8583,btb,2025,,,,0,0
8584,btb,2025,75.057709,81.476978,80.942391,1,1
8585,btb,2025,77.737289,77.515240,78.296365,1,1
8586,btb,2025,,,,0,0
8587,btb,2025,80.123070,79.709839,80.128086,0,1
8588,btb,2025,,,,0,0
8589,btb,2025,,,,0,0
8590,btb,2025,,,,0,0
8591,btb,2025,64.291962,75.888893,76.930362,0,1
8592,btb,2025,,,,0,0
8593,btb,2025,,,,0,0
8594,btb,2025,,,,0,0
8595,btb,2025,78.937042,78.392206,80.059257,1,1
8596,btb,2025,77.490707,78.330475,80.343381,0,1
8597,btb,2025,82.487640,80.458984,80.942928,0,1
8598,btb,2025,,,,0,0
8599,btb,2025,,,,0,0
8600,btb,2025,75.396469,77.134869,77.501957,1,1
8601,btb,2025,86.257317,83.450807,83.764100,0,1
8602,btb,2025,,,,0,0
8603,btb,2025,77.258713,78.911752,78.578184,1,1
8604,btb,2025,73.574463,79.441499,81.648550,0,1
8605,btb,2025,,,,0,0
8606,btb,2025,,,,0,0
8607,btb,2025,73.208221,77.620293,77.970205,1,1
8608,btb,2025,,,,0,0
8609,btb,2025,,,,0,0
8610,btb,2025,,,,0,0
8611,btb,2025,,,,0,0
8612,btb,2025,,,,0,0
8613,btb,2025,,,,0,0
8614,btb,2025,,,,0,0
8615,btb,2025,,,,0,0
8616,btb,2025,,,,0,0
8617,btb,2025,76.452591,75.809922,78.015581,0,1
8618,btb,2025,81.741432,80.889127,80.935276,0,1
8619,btb,2025,,,,0,0
8620,btb,2025,76.979256,77.928974,78.009477,1,1
8621,btb,2025,,,,0,0
8622,btb,2025,,,,0,0
8623,btb,2025,,,,0,0
8624,btb,2025,,,,0,0
8625,btb,2025,,,,0,0
8626,btb,2025,82.385811,80.871633,80.754797,0,1
8627,btb,2025,,,,0,0
8628,btb,2025,,,,0,0
8629,btb,2025,82.670578,83.257905,84.818460,0,1
8630,btb,2025,79.385445,79.723351,79.911952,0,1
8631,btb,2025,,,,0,0
8632,btb,2025,,,,0,0
8633,btb,2025,,,,0,0
8634,btb,2025,81.213966,79.502184,79.698483,0,1
8635,btb,2025,,,,0,0
8636,btb,2025,,,,0,0
8637,btb,2025,,,,0,0
8638,btb,2025,,,,0,0
8639,btb,2025,,,,0,0
8640,btb,2025,79.859444,79.407827,79.220657,1,1
8641,btb,2025,,,,0,0
8642,btb,2025,,,,0,0
8643,btb,2025,,,,0,0
8644,btb,2025,,,,0,0
8645,btb,2025,,,,0,0
8646,btb,2025,,,,0,0
8647,btb,2025,79.876122,79.507988,80.486334,0,1
8648,btb,2025,80.831268,79.504234,80.196998,1,1
8649,btb,2025,,,,0,0
8650,btb,2025,,,,0,0
8651,btb,2025,80.830162,81.937262,83.152149,0,1
8652,btb,2025,,,,0,0
8653,btb,2025,,,,0,0
8654,btb,2025,77.359184,78.216447,79.150170,1,1
8655,btb,2025,,,,0,0
8656,btb,2025,,,,0,0
8657,btb,2025,,,,0,0
8658,btb,2025,74.757957,78.089952,78.569405,0,1
8659,btb,2025,85.182983,83.956537,84.395537,0,1
8660,btb,2025,84.376236,84.461511,85.724623,0,1
8661,btb,2025,,,,0,0
8662,btb,2025,78.413666,78.158354,78.491571,1,1
8663,btb,2025,85.970016,84.461042,84.964384,0,1
8664,btb,2025,80.812767,78.985737,79.677187,1,1
8665,btb,2025,84.265572,81.407867,82.004426,0,1
8666,btb,2025,84.426567,81.032244,80.731103,1,1
8667,btb,2025,83.732315,82.026855,82.964240,1,1
8668,btb,2025,81.156776,79.460832,80.110450,1,1
8669,btb,2025,73.636902,78.921155,79.101310,0,1
8670,btb,2025,82.118973,84.101005,83.982937,1,1
8671,btb,2025,88.548004,90.213497,91.143329,0,1
8672,btb,2025,82.280853,79.284046,80.031261,1,1
8673,btb,2025,78.425461,81.023511,81.018110,1,1
8674,btb,2025,77.165756,77.297477,78.890759,1,1
8675,btb,2025,91.541115,88.207556,88.097115,0,1
8676,btb,2025,75.451118,77.855066,77.728245,1,1
8677,btb,2025,83.355072,81.661379,83.249167,1,1
8678,btb,2025,,,,0,0
8679,btb,2025,,,,0,0
8680,btb,2025,,,,0,0
8681,btb,2025,,,,0,0
8682,btb,2025,,,,0,0
8683,btb,2025,,,,0,0
8684,btb,2025,,,,0,0
8685,btb,2025,,,,0,0
8686,btb,2025,,,,0,0
8687,btb,2025,,,,0,0
8688,btb,2025,,,,0,0
8689,btb,2025,,,,0,0
8690,btb,2025,,,,0,0
8691,btb,2025,,,,0,0
8692,btb,2025,,,,0,0
8693,btb,2025,,,,0,0
8694,btb,2025,,,,0,0
8695,btb,2025,,,,0,0
8696,btb,2025,,,,0,0
8697,btb,2025,,,,0,0
8698,btb,2025,,,,0,0
8699,btb,2025,,,,0,0
8700,btb,2025,,,,0,0
8701,btb,2025,,,,0,0
8702,btb,2025,,,,0,0
8703,btb,2025,,,,0,0
8704,btb,2025,,,,0,0
8705,btb,2025,,,,0,0
8706,btb,2025,,,,0,0
8707,btb,2025,,,,0,0
8708,btb,2025,,,,0,0
8709,btb,2025,,,,0,0
8710,btb,2025,,,,0,0
8711,btb,2025,,,,0,0
8712,btb,2025,,,,0,0
8713,btb,2025,,,,0,0
8714,btb,2025,,,,0,0
8715,btb,2025,,,,0,0
8716,btb,2025,,,,0,0
8717,btb,2025,,,,0,0
8718,btb,2025,,,,0,0
8719,btb,2025,,,,0,0
8720,btb,2025,,,,0,0
8721,btb,2025,,,,0,0
8722,btb,2025,,,,0,0
8723,btb,2025,,,,0,0
8724,btb,2025,,,,0,0
8725,btb,2025,,,,0,0
8726,btb,2025,,,,0,0
8727,btb,2025,,,,0,0
8728,btb,2025,91.105698,85.665422,86.795295,0,1
8729,btb,2025,,,,0,0
8730,btb,2025,,,,0,0
8731,btb,2025,,,,0,0
8732,btb,2025,,,,0,0
8733,btb,2025,,,,0,0
8734,btb,2025,89.772346,83.016453,85.014761,1,1
8735,btb,2025,77.465912,78.790275,80.298627,0,1
8736,btb,2025,84.812477,80.768638,82.092406,1,1
8737,btb,2025,70.319550,77.032695,77.349378,0,1
8738,btb,2025,85.325394,82.589349,83.109069,1,1
8739,btb,2025,66.417870,79.538447,80.516058,0,1
8740,btb,2025,85.891548,82.683400,82.742698,1,1
8741,btb,2025,76.930466,79.426990,79.673572,1,1
8742,btb,2025,92.387802,87.558543,87.628460,0,1
8743,btb,2025,73.244766,76.952912,77.063774,1,1
8744,btb,2025,73.764389,76.275901,78.689581,0,1
8745,btb,2025,79.698875,79.121482,79.999059,0,1
8746,btb,2025,89.853439,85.788909,87.030102,1,1
8747,btb,2025,91.947899,88.976172,88.880777,1,1
8748,btb,2025,79.972992,80.218991,81.640490,0,1
8749,btb,2025,86.819366,89.930457,90.409548,1,1
8750,btb,2025,87.124794,84.274923,84.771362,0,1
8751,btb,2025,85.119347,81.635728,82.198128,1,1
8752,btb,2025,73.268539,76.273255,77.575923,0,1
8753,btb,2025,76.916786,80.326257,80.432599,0,1
8754,btb,2025,69.516960,75.965807,77.765306,1,1
8755,btb,2025,93.060776,86.600778,87.242735,1,1
8756,btb,2025,46.811302,78.103270,81.591804,0,1
8757,btb,2025,70.619057,77.791542,79.121796,0,1
8758,btb,2025,71.305115,75.689929,77.161382,1,1
8759,btb,2025,86.203766,83.682279,83.781319,0,1
8760,btb,2025,89.436104,83.828424,84.455894,0,1
8761,btb,2025,78.500465,80.253812,80.182370,1,1
8762,btb,2025,92.755440,89.529510,89.458683,0,1
8763,btb,2025,93.692902,91.867365,91.749731,1,1
8764,btb,2025,80.886795,80.496743,80.565203,0,1
8765,btb,2025,86.722656,84.165612,85.782322,1,1
8766,btb,2025,71.481201,79.167363,80.706624,1,1
8767,btb,2025,73.904099,80.485515,82.646020,1,1
8768,btb,2025,75.392929,77.327315,78.116878,1,1
8769,btb,2025,85.434082,90.110561,91.238357,0,1
8770,btb,2025,87.466118,84.260051,85.285462,1,1
8771,btb,2025,72.031013,78.374275,78.302263,1,1
8772,btb,2025,78.629753,75.586911,78.342549,0,1
8773,btb,2025,80.971596,85.009026,85.329995,1,1
8774,btb,2025,72.067642,76.134894,77.144726,0,1
8775,btb,2025,79.733780,80.511434,80.474919,0,1
8776,btb,2025,60.889549,76.159159,78.419650,1,1
8777,btb,2025,65.968536,78.652316,80.019232,0,1
8778,btb,2025,79.152008,80.349938,82.273136,0,1
8779,btb,2025,76.687813,77.855212,78.183785,0,1
8780,btb,2025,81.180626,83.841964,84.721797,0,1
8781,btb,2025,83.672127,81.748012,82.639976,0,1
8782,btb,2025,88.885788,86.631390,86.079170,0,1
8783,btb,2025,72.156303,76.353840,77.988437,1,1
8784,btb,2025,79.380882,79.359752,80.338321,0,1
8785,btb,2025,77.472893,78.560698,78.993908,1,1
8786,btb,2025,78.985527,78.878638,80.233027,0,1
8787,btb,2025,79.234558,81.241239,83.145310,0,1
8788,btb,2025,87.909142,88.341455,89.482412,0,1
8789,btb,2025,81.683250,81.737774,83.714737,0,1
8790,btb,2025,87.781319,81.972972,83.692417,1,1
8791,btb,2025,85.531662,88.704893,89.166623,1,1
8792,btb,2025,74.439316,78.876264,79.473670,1,1
8793,btb,2025,65.411743,74.734915,76.220905,0,1
8794,btb,2025,82.556999,81.707645,81.973477,1,1
8795,btb,2025,,,,0,0
8796,btb,2025,74.558609,79.637412,81.101608,0,1
8797,btb,2025,82.021835,79.291497,80.770499,0,1
8798,btb,2025,88.100151,83.683040,84.534169,1,1
8799,btb,2025,80.703499,82.619359,83.547803,1,1
8800,btb,2025,83.325623,81.505477,82.086771,1,1
8801,btb,2025,71.869026,77.407774,77.592669,0,1
8802,btb,2025,,,,0,0
8803,btb,2025,87.728119,86.497592,87.768583,1,1
8804,btb,2025,,,,0,0
8805,btb,2025,68.466156,73.887867,75.888176,1,1
8806,btb,2025,,,,0,0
8807,btb,2025,,,,0,0
8808,btb,2025,,,,0,0
8809,btb,2025,80.847977,79.477079,79.688603,1,1
8810,btb,2025,,,,0,0
8811,btb,2025,84.227821,82.140238,82.156052,0,1
8812,btb,2025,82.414108,79.158458,80.645350,0,1
8813,btb,2025,73.896568,81.991231,84.212691,1,1
8814,btb,2025,72.787437,76.274121,76.683573,0,1
8815,btb,2025,76.544106,79.258409,79.977306,0,1
8816,btb,2025,74.475967,77.049426,77.682266,0,1
8817,btb,2025,93.324127,89.799115,90.094898,1,1
8818,btb,2025,83.750450,84.008652,84.830437,0,1
8819,btb,2025,79.026207,78.581202,79.098734,1,1
8820,btb,2025,77.748230,78.954601,80.100848,1,1
8821,btb,2025,78.792694,80.059048,79.772139,0,1
8822,btb,2025,90.944305,87.029273,87.473369,0,1
8823,btb,2025,77.247131,77.636533,78.232453,1,1
8824,btb,2025,79.310242,78.398723,79.900616,0,1
8825,btb,2025,77.792549,78.171093,79.393798,0,1
8826,btb,2025,78.402832,80.796915,81.462515,1,1
8827,btb,2025,81.601624,80.014387,81.646338,0,1
8828,btb,2025,79.705551,80.433129,80.106294,1,1
8829,btb,2025,83.755127,79.648683,81.121890,1,1
8830,btb,2025,81.283173,80.233370,81.162177,0,1
8831,btb,2025,82.959831,81.129525,83.840319,1,1
8832,btb,2025,88.857460,82.932561,82.723361,0,1
8833,btb,2025,89.959732,87.493165,88.659895,0,1
8834,btb,2025,80.020126,79.209930,79.968262,1,1
8835,btb,2025,78.990799,80.750052,82.377865,1,1
8836,btb,2025,72.649620,76.555355,77.416633,1,1
8837,btb,2025,81.882446,79.302383,80.220136,0,1
8838,btb,2025,84.066185,83.708714,84.614207,1,1
8839,btb,2025,92.007393,96.361477,96.724234,1,1
8840,btb,2025,78.856049,80.437102,80.140310,1,1
8841,btb,2025,67.436592,76.185878,77.112345,1,1
8842,btb,2025,61.437828,79.843087,80.620901,1,1
8843,btb,2025,57.619404,77.578877,78.879548,1,1
8844,btb,2025,,,,0,0
8845,btb,2025,,,,0,0
8846,btb,2025,,,,0,0
8847,btb,2025,,,,0,0
8848,btb,2025,57.399742,81.104272,84.161863,0,1
8849,btb,2025,83.859879,80.429965,81.485181,1,1
8850,btb,2025,77.966217,76.753295,77.584099,0,1
8851,btb,2025,80.910919,78.157373,79.767371,0,1
8852,btb,2025,76.693207,77.998086,79.432250,1,1
8853,btb,2025,78.410759,78.270644,78.751348,0,1
8854,btb,2025,76.509109,76.321802,78.298237,1,1
8855,btb,2025,68.745232,74.668795,75.932626,1,1
8856,btb,2025,85.870583,84.233254,83.829664,1,1
8857,btb,2025,82.653877,84.256304,84.718493,0,1
8858,btb,2025,84.496811,81.972088,81.694854,0,1
8859,btb,2025,72.592499,79.371304,78.988210,1,1
8860,btb,2025,74.437073,76.755510,77.268601,1,1
8861,btb,2025,82.233688,81.034574,82.689311,0,1
8862,btb,2025,73.371201,78.317428,78.922061,0,1
8863,btb,2025,70.895943,78.112752,78.257817,0,1
8864,btb,2025,74.591492,76.790499,78.134640,1,1
8865,btb,2025,72.203232,79.109612,78.541198,1,1
8866,btb,2025,79.235855,81.082388,80.983243,1,1
8867,btb,2025,71.791336,74.936496,75.843943,0,1
8868,btb,2025,85.744980,85.627962,85.592419,0,1
8869,btb,2025,79.077896,83.204246,83.926324,0,1
8870,btb,2025,93.070099,86.134602,86.643889,1,1
8871,btb,2025,73.667404,76.517636,76.731263,1,1
8872,btb,2025,75.252518,76.650550,77.686440,0,1
8873,btb,2025,82.685379,80.532893,80.438847,1,1
8874,btb,2025,79.991486,79.688319,80.123608,0,1
8875,btb,2025,79.832458,81.767165,82.201423,0,1
8876,btb,2025,76.965782,78.712368,78.021847,1,1
8877,btb,2025,75.699287,77.918112,77.938205,0,1
8878,btb,2025,83.531342,83.144672,82.984279,1,1
8879,btb,2025,83.780304,80.362073,81.131170,1,1
8880,btb,2025,88.210159,86.399466,86.056966,1,1
8881,btb,2025,79.161224,79.952002,80.645945,0,1
8882,btb,2025,82.625214,80.817826,81.892237,0,1
8883,btb,2025,84.868988,84.972110,85.743084,0,1
8884,btb,2025,77.937180,78.333415,79.757837,0,1
8885,btb,2025,79.355591,78.650473,80.803737,1,1
8886,btb,2025,86.731163,82.957579,82.721030,1,1
8887,btb,2025,79.960472,80.345485,80.627536,0,1
8888,btb,2025,77.934196,79.167022,79.008015,1,1
8889,btb,2025,77.559769,78.445152,79.559816,0,1
8890,btb,2025,86.098709,83.215897,82.864497,1,1
8891,btb,2025,89.718071,87.778581,88.240323,1,1
8892,btb,2025,74.927696,77.910248,77.956074,0,1
8893,btb,2025,83.801689,80.847565,82.489876,0,1
8894,btb,2025,91.131386,87.617308,87.284391,0,1
8895,btb,2025,87.705139,85.499812,86.452854,0,1
8896,btb,2025,81.954849,82.674117,82.487799,1,1
8897,btb,2025,82.704315,81.084466,80.733772,0,1
8898,btb,2025,76.243660,82.298852,83.173182,1,1
8899,btb,2025,74.562889,78.342743,78.059655,1,1
8900,btb,2025,75.535477,77.918980,79.058959,1,1
8901,btb,2025,64.285706,75.124947,76.606789,0,1
8902,btb,2025,76.938423,78.856989,78.728373,0,1
8903,btb,2025,,,,0,0
8904,btb,2025,,,,0,0
8905,btb,2025,73.705360,76.319508,76.836893,1,1
8906,btb,2025,,,,0,0
8907,btb,2025,,,,0,0
8908,btb,2025,,,,0,0
8909,btb,2025,,,,0,0
8910,btb,2025,,,,0,0
8911,btb,2025,74.045792,80.593651,80.335216,0,1
8912,btb,2025,80.722534,81.210613,81.663474,1,1
8913,btb,2025,,,,0,0
8914,btb,2025,,,,0,0
8915,btb,2025,,,,0,0
8916,btb,2025,,,,0,0
8917,btb,2025,,,,0,0
8918,btb,2025,,,,0,0
8919,btb,2025,66.192123,82.464456,84.721265,0,1
8920,btb,2025,,,,0,0
8921,btb,2025,,,,0,0
8922,btb,2025,88.048431,87.304300,88.217014,1,1
8923,btb,2025,,,,0,0
8924,btb,2025,,,,0,0
8925,btb,2025,,,,0,0
8926,btb,2025,,,,0,0
8927,btb,2025,,,,0,0
8928,btb,2025,,,,0,0
8929,btb,2025,74.255211,77.260036,78.652147,1,1
8930,btb,2025,,,,0,0
8931,btb,2025,,,,0,0
8932,btb,2025,80.598694,82.178663,81.831818,0,1
8933,btb,2025,,,,0,0
8934,btb,2025,72.634399,78.809136,78.620783,1,1
8935,btb,2025,,,,0,0
8936,btb,2025,,,,0,0
8937,btb,2025,,,,0,0
8938,btb,2025,,,,0,0
8939,btb,2025,,,,0,0
8940,btb,2025,,,,0,0
8941,btb,2025,,,,0,0
8942,btb,2025,84.931480,81.529660,81.863304,1,1
8943,btb,2025,,,,0,0
8944,btb,2025,,,,0,0
8945,btb,2025,,,,0,0
8946,btb,2025,,,,0,0
8947,btb,2025,,,,0,0
8948,btb,2025,,,,0,0
8949,btb,2025,,,,0,0
8950,btb,2025,,,,0,0
8951,btb,2025,88.102104,84.602842,86.334322,0,1
8952,btb,2025,85.446045,84.236542,84.870262,0,1
8953,btb,2025,78.024239,77.563844,78.987751,0,1
8954,btb,2025,91.683479,85.630538,86.219186,1,1
8955,btb,2025,77.217171,84.257547,85.771928,0,1
8956,btb,2025,83.751770,79.926383,81.466221,1,1
8957,btb,2025,81.103813,82.942851,83.740700,1,1
8958,btb,2025,85.875496,83.642880,84.807841,1,1
8959,btb,2025,90.605972,86.693939,86.313181,0,1
8960,btb,2025,79.162285,80.665914,81.443390,0,1
8961,btb,2025,83.535004,81.338487,81.633069,1,1
8962,btb,2025,80.963135,79.544684,79.634177,1,1
8963,btb,2025,83.432037,81.564695,83.340931,1,1
8964,btb,2025,76.825096,78.726123,79.582871,0,1
8965,btb,2025,72.048637,76.924263,76.438265,1,1
8966,btb,2025,78.115051,79.463005,79.720714,0,1
8967,btb,2025,89.291801,88.710916,89.071706,0,1
8968,btb,2025,80.936554,80.121636,81.305119,1,1
8969,btb,2025,75.713516,78.016761,78.456173,1,1
8970,btb,2025,81.295532,81.255637,83.400194,0,1
8971,btb,2025,72.273186,77.062656,79.176259,0,1
8972,btb,2025,82.362648,83.380515,85.125343,0,1
8973,btb,2025,86.089706,83.610168,83.657712,1,1
8974,btb,2025,78.185448,84.240012,84.710407,0,1
8975,btb,2025,66.743462,75.866857,78.648921,0,1
8976,btb,2025,87.420502,84.674988,85.557190,1,1
8977,btb,2025,84.453056,80.400430,81.382486,1,1
8978,btb,2025,82.435509,80.220098,80.456823,1,1
8979,btb,2025,79.328644,78.897156,79.578733,1,1
8980,btb,2025,78.721359,77.969124,80.412563,0,1
8981,btb,2025,85.262299,83.001796,83.289202,0,1
8982,btb,2025,,,,0,0
8983,btb,2025,86.247894,82.852815,82.822612,1,1
8984,btb,2025,90.181038,87.884282,87.727651,1,1
8985,btb,2025,87.940231,88.341746,88.530435,0,1
8986,btb,2025,76.178154,78.909493,79.275583,0,1
8987,btb,2025,80.260704,79.742267,80.989424,0,1
8988,btb,2025,79.255089,83.682348,83.247397,0,1
8989,btb,2025,76.303879,81.779791,82.241460,0,1
8990,btb,2025,85.568375,81.141334,81.077596,0,1
8991,btb,2025,84.171394,81.622783,81.457969,1,1
8992,btb,2025,85.717537,80.789200,82.083710,0,1
8993,btb,2025,68.833908,82.867649,84.165045,0,1
8994,btb,2025,76.249474,78.081579,79.500557,0,1
8995,btb,2025,79.296005,83.498296,82.972947,0,1
8996,btb,2025,70.704025,76.574421,77.744603,1,1
8997,btb,2025,90.460686,88.399595,88.726685,0,1
8998,btb,2025,88.031837,84.217299,85.011311,0,1
8999,btb,2025,92.263237,90.152848,91.046614,0,1
9000,btb,2025,87.701035,83.818763,84.399435,0,1
9001,btb,2025,82.785866,83.075974,82.834849,1,1
9002,btb,2025,77.350517,78.080863,79.286256,0,1
9003,btb,2025,78.633263,77.296962,80.148813,0,1
9004,btb,2025,77.496376,77.505527,78.394046,0,1
9005,btb,2025,86.752731,88.546097,89.745183,1,1
9006,btb,2025,80.890587,79.383633,80.185719,0,1
9007,btb,2025,74.184242,78.633049,79.148378,1,1
9008,btb,2025,91.228142,88.589116,88.375699,0,1
9009,btb,2025,87.799278,81.996796,84.200300,0,1
9010,btb,2025,83.555428,85.014056,85.818321,1,1
9011,btb,2025,88.009224,86.880930,87.304967,0,1
9012,btb,2025,83.589706,80.982784,82.397670,0,1
9013,btb,2025,74.379608,77.317310,78.465556,1,1
9014,btb,2025,85.718109,83.673296,84.536288,0,1
9015,btb,2025,,,,0,0
9016,btb,2025,82.453987,82.891703,82.559803,1,1
9017,btb,2025,88.238037,82.383948,84.899638,0,1
9018,btb,2025,74.355400,78.384403,79.499787,1,1
9019,btb,2025,79.987953,78.577802,79.187124,1,1
9020,btb,2025,,,,0,0
9021,btb,2025,84.483192,81.163939,81.330864,1,1
9022,btb,2025,82.183281,80.974056,80.597988,1,1
9023,btb,2025,75.705254,77.676636,78.756188,1,1
9024,btb,2025,83.965874,81.340296,81.812917,0,1
9025,btb,2025,81.816605,78.798662,79.754233,1,1
9026,btb,2025,81.194321,79.029603,79.892321,1,1
9027,btb,2025,65.170525,80.134151,81.528158,0,1
9028,btb,2025,83.462868,81.608193,82.491687,1,1
9029,btb,2025,,,,0,0
9030,btb,2025,80.473465,79.511948,80.474412,0,1
9031,btb,2025,73.146248,77.325272,77.855682,0,1
9032,btb,2025,82.107368,78.399329,81.089620,0,1
9033,btb,2025,82.838280,80.923439,80.671803,0,1
9034,btb,2025,76.997215,80.206061,80.682664,1,1
9035,btb,2025,76.409706,76.475075,77.606321,0,1
9036,btb,2025,75.861931,78.677740,79.111332,0,1
9037,btb,2025,79.308685,79.335897,79.790987,0,1
9038,btb,2025,86.371216,82.344148,83.528038,0,1
9039,btb,2025,77.469582,78.921611,79.577737,1,1
9040,btb,2025,72.396706,76.391598,77.500581,1,1
9041,btb,2025,76.785522,77.461668,78.718711,1,1
9042,btb,2025,64.536270,75.597857,78.043849,1,1
9043,btb,2025,84.641472,82.276672,82.851400,1,1
9044,btb,2025,82.756470,80.868284,83.175953,1,1
9045,btb,2025,,,,0,0
9046,btb,2025,66.878159,79.779804,81.618881,0,1
9047,btb,2025,76.054535,76.823633,78.483077,0,1
9048,btb,2025,,,,0,0
9049,btb,2025,72.718880,74.622324,75.801669,1,1
9050,btb,2025,,,,0,0
9051,btb,2025,72.789238,79.661443,80.497290,0,1
9052,btb,2025,71.263344,78.995168,80.620291,1,1
9053,btb,2025,,,,0,0
9054,btb,2025,85.491402,83.443001,84.532850,0,1
9055,btb,2025,69.653908,74.490661,75.734540,0,1
9056,btb,2025,71.002365,77.375611,77.566286,1,1
9057,btb,2025,,,,0,0
9058,btb,2025,,,,0,0
9059,btb,2025,,,,0,0
9060,btb,2025,,,,0,0
9061,btb,2025,71.182426,77.874839,78.115992,0,1
9062,btb,2025,80.465523,81.890366,82.429433,1,1
9063,btb,2025,,,,0,0
9064,btb,2025,,,,0,0
9065,btb,2025,,,,0,0
9066,btb,2025,70.983749,77.043547,77.450092,1,1
9067,btb,2025,,,,0,0
9068,btb,2025,81.051224,83.262931,85.050955,0,1
9069,btb,2025,81.434753,86.072223,88.024632,1,1
9070,btb,2025,84.117180,83.913452,85.444108,1,1
9071,btb,2025,74.821281,76.917400,77.185621,1,1
9072,btb,2025,,,,0,0
9073,btb,2025,,,,0,0
9074,btb,2025,,,,0,0
9075,btb,2025,,,,0,0
9076,btb,2025,,,,0,0
9077,btb,2025,91.873199,91.125728,91.961659,0,1
9078,btb,2025,86.311897,82.683822,83.975071,1,1
9079,btb,2025,,,,0,0
9080,btb,2025,80.604866,84.976147,86.008496,0,1
9081,btb,2025,82.202873,80.652965,81.048168,1,1
9082,btb,2025,84.841187,82.698295,83.680612,0,1
9083,btb,2025,83.803452,82.108379,82.152456,0,1
9084,btb,2025,84.491226,83.837773,84.432942,1,1
9085,btb,2025,86.352905,84.067778,84.638311,0,1
9086,btb,2025,75.628296,79.084782,78.948187,0,1
9087,btb,2025,,,,0,0
9088,btb,2025,86.851242,82.635981,83.742674,0,1
9089,btb,2025,73.135345,77.812945,79.254504,1,1
9090,btb,2025,79.039764,79.624013,80.072172,0,1
9091,btb,2025,90.060471,86.289224,86.578069,1,1
9092,btb,2025,82.885727,81.585937,81.744918,0,1
9093,btb,2025,92.496666,87.905092,88.064941,0,1
9094,btb,2025,91.887909,91.456165,91.662740,1,1
9095,btb,2025,88.618416,93.176387,93.163370,0,1
9096,btb,2025,85.606865,84.811879,85.701459,1,1
9097,btb,2025,,,,0,0
9098,btb,2025,72.212685,79.213712,79.554157,0,1
9099,btb,2025,81.234726,79.552257,80.378727,0,1
9100,btb,2025,78.684822,79.305595,79.523201,1,1
9101,btb,2025,75.048859,76.848644,76.756470,1,1
9102,btb,2025,79.726776,82.399122,82.278081,0,1
9103,btb,2025,91.828644,88.805704,89.575247,0,1
9104,btb,2025,83.561417,82.666434,83.226591,1,1
9105,btb,2025,,,,0,0
9106,btb,2025,85.469368,83.469155,83.398381,0,1
9107,btb,2025,83.780685,80.601434,80.992385,0,1
9108,btb,2025,77.903053,80.566246,81.074029,0,1
9109,btb,2025,79.607460,78.402935,80.179020,1,1
9110,btb,2025,86.227127,81.271273,83.094952,0,1
9111,btb,2025,88.357460,85.705202,85.758708,0,1
9112,btb,2025,96.791229,89.755650,89.491659,0,1
9113,btb,2025,78.650185,79.263614,80.128350,0,1
9114,btb,2025,85.720428,82.616707,83.394746,0,1
9115,btb,2025,88.410744,85.316108,85.148307,1,1
9116,btb,2025,75.728409,93.572781,94.566193,1,1
9117,btb,2025,89.771118,84.961566,85.332000,0,1
9118,btb,2025,80.112770,79.172739,79.184826,1,1
9119,btb,2025,85.376167,83.760220,83.920127,1,1
9120,btb,2025,81.093979,80.527651,80.853172,1,1
9121,btb,2025,85.441170,83.042897,83.692192,1,1
9122,btb,2025,79.909554,78.613488,79.978147,0,1
9123,btb,2025,86.917236,83.027632,83.977632,0,1
9124,btb,2025,88.450241,83.249149,84.336426,1,1
9125,btb,2025,81.375839,81.482448,81.124550,0,1
9126,btb,2025,86.361435,83.404431,83.414856,1,1
9127,btb,2025,74.085945,78.254597,79.101581,1,1
9128,btb,2025,83.038956,79.849713,81.039330,1,1
9129,btb,2025,83.974304,82.216476,84.076700,0,1
9130,btb,2025,83.520523,83.293538,84.428829,1,1
9131,btb,2025,76.547287,79.687949,79.150598,1,1
9132,btb,2025,84.041664,83.003395,83.967252,1,1
9133,btb,2025,78.587379,81.603635,82.425491,1,1
9134,btb,2025,90.694511,85.412139,85.944287,0,1
9135,btb,2025,92.132500,85.300079,86.272826,1,1
9136,btb,2025,73.950340,81.432080,84.300067,1,1
9137,btb,2025,91.730865,88.779128,88.413308,0,1
9138,btb,2025,81.054672,81.313564,82.235870,1,1
9139,btb,2025,90.942749,90.934361,90.711488,0,1
9140,btb,2025,81.909286,89.753492,90.479173,1,1
9141,btb,2025,87.104210,85.444831,85.430208,1,1
9142,btb,2025,84.597000,81.474706,81.971343,0,1
9143,btb,2025,87.864494,86.048156,86.420520,0,1
9144,btb,2025,88.412369,89.257716,88.692607,1,1
9145,btb,2025,83.426979,80.957149,82.054742,0,1
9146,btb,2025,90.008598,83.845369,84.335253,1,1
9147,btb,2025,83.957947,83.013558,84.122805,1,1
9148,btb,2025,77.206749,78.579551,79.452293,1,1
9149,btb,2025,87.364670,84.353219,85.694640,0,1
9150,btb,2025,77.630928,80.566449,80.942102,0,1
9151,btb,2025,88.030258,83.074569,83.520812,1,1
9152,btb,2025,92.364899,87.178292,87.268853,0,1
9153,btb,2025,87.849632,87.947045,87.719267,0,1
9154,btb,2025,82.347282,82.069269,82.467669,1,1
9155,btb,2025,85.923546,82.015531,82.296236,1,1
9156,btb,2025,80.086220,79.666018,79.488152,1,1
9157,btb,2025,85.562637,82.601174,82.884228,0,1
9158,btb,2025,86.190903,83.035359,83.844442,1,1
9159,btb,2025,74.804718,80.838258,80.153027,1,1
9160,btb,2025,85.473671,86.419412,85.819534,1,1
9161,btb,2025,82.116371,81.289123,81.343860,0,1
9162,btb,2025,85.771896,82.224818,83.399816,0,1
9163,btb,2025,82.872894,79.832912,80.742548,0,1
9164,btb,2025,82.127487,79.881388,80.354271,1,1
9165,btb,2025,91.831398,89.064309,89.380115,0,1
9166,btb,2025,89.462181,84.037178,84.780215,1,1
9167,btb,2025,91.370789,94.799903,94.727064,0,1
9168,btb,2025,75.107559,79.130169,80.383834,0,1
9169,btb,2025,83.872589,80.981008,82.850411,1,1
9170,btb,2025,90.978745,87.696609,88.903430,0,1
9171,btb,2025,87.652206,84.578224,85.281161,1,1
9172,btb,2025,89.602432,85.616089,85.835642,0,1
9173,btb,2025,86.010445,85.984584,87.113665,0,1
9174,btb,2025,86.865631,81.884354,82.536638,1,1
9175,btb,2025,87.839630,85.309987,84.931957,0,1
9176,btb,2025,77.337059,78.664309,79.441082,0,1
9177,btb,2025,78.972000,79.215497,79.457226,0,1
9178,btb,2025,83.388275,81.346524,82.348419,0,1
9179,btb,2025,85.990868,85.460936,85.297071,0,1
9180,btb,2025,91.611931,86.213243,87.618545,0,1
9181,btb,2025,93.378761,86.848569,87.717591,1,1
9182,btb,2025,87.693497,82.841558,83.207846,1,1
9183,btb,2025,87.753883,83.592668,83.914631,0,1
9184,btb,2025,80.924400,79.192365,79.906252,0,1
9185,btb,2025,84.838768,82.346869,83.623558,0,1
9186,btb,2025,90.365807,86.903718,86.428244,1,1
9187,btb,2025,90.210373,88.074774,89.011001,0,1
9188,btb,2025,87.446251,89.621549,89.237530,1,1
9189,btb,2025,83.591934,80.585639,81.455986,1,1
9190,btb,2025,79.502960,81.384121,81.350695,1,1
9191,btb,2025,91.867737,86.057702,86.198110,0,1
9192,btb,2025,78.320595,78.888629,79.703633,0,1
9193,btb,2025,80.277283,79.674734,80.392056,0,1
9194,btb,2025,80.237930,80.818470,80.555232,1,1
9195,btb,2025,84.909729,82.737938,84.239992,1,1
9196,btb,2025,83.358795,82.748227,83.304369,1,1
9197,btb,2025,83.833168,82.733899,83.006241,1,1
9198,btb,2025,91.610382,92.504086,92.361282,0,1
9199,btb,2025,82.462677,85.286400,84.876755,0,1
9200,btb,2025,76.437462,81.132329,82.070584,1,1
9201,btb,2025,90.664536,84.822037,85.538966,1,1
9202,btb,2025,77.665039,78.990882,78.979371,1,1
9203,btb,2025,86.939445,84.762324,85.076174,1,1
9204,btb,2025,75.509140,76.076280,77.596963,0,1
9205,btb,2025,88.668350,89.016616,89.682774,1,1
9206,btb,2025,89.134995,91.534106,91.778901,1,1
9207,btb,2025,82.739502,84.239227,84.134850,0,1
9208,btb,2025,91.082657,85.978925,86.542386,1,1
9209,btb,2025,85.309753,85.897389,85.860385,0,1
9210,btb,2025,72.266945,76.990296,78.027761,0,1
9211,btb,2025,,,,0,0
9212,btb,2025,,,,0,0
9213,btb,2025,,,,0,0
9214,btb,2025,,,,0,0
9215,btb,2025,,,,0,0
9216,btb,2025,,,,0,0
9217,btb,2025,,,,0,0
9218,btb,2025,,,,0,0
9219,btb,2025,,,,0,0
9220,btb,2025,,,,0,0
9221,btb,2025,,,,0,0
9222,btb,2025,,,,0,0
9223,btb,2025,,,,0,0
9224,btb,2025,,,,0,0
9225,btb,2025,,,,0,0
9226,btb,2025,,,,0,0
9227,btb,2025,,,,0,0
9228,btb,2025,,,,0,0
9229,btb,2025,,,,0,0
9230,btb,2025,,,,0,0
9231,btb,2025,,,,0,0
9232,btb,2025,,,,0,0
9233,btb,2025,,,,0,0
9234,btb,2025,,,,0,0
9235,btb,2025,,,,0,0
9236,btb,2025,,,,0,0
9237,btb,2025,,,,0,0
9238,btb,2025,,,,0,0
9239,btb,2025,,,,0,0
9240,btb,2025,,,,0,0
9241,btb,2025,,,,0,0
9242,btb,2025,,,,0,0
9243,btb,2025,,,,0,0
9244,btb,2025,,,,0,0
9245,btb,2025,,,,0,0
9246,btb,2025,,,,0,0
9247,btb,2025,,,,0,0
9248,btb,2025,,,,0,0
9249,btb,2025,,,,0,0
9250,btb,2025,,,,0,0
9251,btb,2025,,,,0,0
9252,btb,2025,,,,0,0
9253,btb,2025,,,,0,0
9254,btb,2025,,,,0,0
9255,btb,2025,,,,0,0
9256,btb,2025,,,,0,0
9257,btb,2025,,,,0,0
9258,btb,2025,,,,0,0
9259,btb,2025,,,,0,0
9260,btb,2025,,,,0,0
9261,btb,2025,,,,0,0
9262,btb,2025,,,,0,0
9263,btb,2025,,,,0,0
9264,btb,2025,,,,0,0
9265,btb,2025,,,,0,0
9266,btb,2025,,,,0,0
9267,btb,2025,,,,0,0
9268,btb,2025,,,,0,0
9269,btb,2025,,,,0,0
9270,btb,2025,,,,0,0
9271,btb,2025,,,,0,0
9272,btb,2025,,,,0,0
9273,btb,2025,,,,0,0
9274,btb,2025,84.401443,81.161025,82.368200,0,1
9275,btb,2025,73.113312,80.371315,79.915560,1,1
9276,btb,2025,,,,0,0
9277,btb,2025,68.433586,75.718223,76.188595,0,1
9278,btb,2025,70.543663,75.571118,76.583278,0,1
9279,btb,2025,80.601540,79.595550,80.225671,0,1
9280,btb,2025,90.249771,84.819714,84.753039,0,1
9281,btb,2025,74.885986,77.868235,78.196267,1,1
9282,btb,2025,82.051765,82.168342,82.832959,1,1
9283,btb,2025,82.832771,80.837586,81.539390,0,1
9284,btb,2025,69.929459,76.540872,77.879217,1,1
9285,btb,2025,73.525841,77.746243,78.421637,1,1
9286,btb,2025,82.263916,81.400155,81.264120,0,1
9287,btb,2025,,,,0,0
9288,btb,2025,85.703941,83.228326,83.153844,1,1
9289,btb,2025,70.866783,76.283024,77.652234,0,1
9290,btb,2025,86.372665,82.326267,83.518962,1,1
9291,btb,2025,85.377586,83.041380,83.003212,0,1
9292,btb,2025,79.905266,78.173718,78.893321,0,1
9293,btb,2025,79.274109,79.399657,80.099304,1,1
9294,btb,2025,87.857582,84.142340,84.988375,0,1
9295,btb,2025,74.837265,77.600790,77.929251,0,1
9296,btb,2025,73.438980,77.513374,78.359993,1,1
9297,btb,2025,83.935356,81.926279,82.446898,0,1
9298,btb,2025,82.287285,80.982235,81.159195,0,1
9299,btb,2025,69.199776,78.610517,80.799736,1,1
9300,btb,2025,83.118149,80.278465,81.380382,0,1
9301,btb,2025,78.083733,79.498026,80.046632,0,1
9302,btb,2025,79.666534,80.066583,81.977753,1,1
9303,btb,2025,82.648048,80.281310,81.024391,1,1
9304,btb,2025,75.532516,76.401153,77.707110,0,1
9305,btb,2025,78.952339,81.796703,82.283008,1,1
9306,btb,2025,77.944740,77.427886,78.388487,0,1
9307,btb,2025,72.414291,76.025960,77.336805,0,1
9308,btb,2025,77.248436,77.941746,78.397181,0,1
9309,btb,2025,77.907341,81.916590,82.750212,0,1
9310,btb,2025,84.691254,81.191507,82.735632,1,1
9311,btb,2025,79.446098,77.329002,79.031509,0,1
9312,btb,2025,76.796562,76.928291,77.520795,1,1
9313,btb,2025,79.518059,80.799127,80.830083,0,1
9314,btb,2025,80.185112,78.411794,79.410276,1,1
9315,btb,2025,80.792656,79.518523,80.040602,1,1
9316,btb,2025,69.516151,78.893509,78.779937,1,1
9317,btb,2025,80.661621,83.043771,82.950669,0,1
9318,btb,2025,77.417770,77.184043,78.287219,0,1
9319,btb,2025,75.052498,76.413354,77.808942,1,1
9320,btb,2025,79.812935,80.272343,80.890845,1,1
9321,btb,2025,77.838791,78.588387,78.653985,0,1
9322,btb,2025,75.212906,77.628039,78.868909,1,1
9323,btb,2025,63.513439,76.970949,78.232503,0,1
9324,btb,2025,59.609127,74.964265,76.154590,0,1
9325,btb,2025,76.508240,81.498719,81.422909,1,1
9326,btb,2025,85.124466,80.639852,81.020983,0,1
9327,btb,2025,84.862091,81.446058,81.750294,1,1
9328,btb,2025,83.430573,80.731399,81.907464,0,1
9329,btb,2025,71.103813,76.207597,77.446267,0,1
9330,btb,2025,74.854858,81.064334,82.377366,1,1
9331,btb,2025,80.184502,78.700604,78.711219,0,1
9332,btb,2025,76.265144,76.558233,78.568115,1,1
9333,btb,2025,76.891571,77.753254,77.780976,1,1
9334,btb,2025,72.101433,81.493784,82.737460,0,1
9335,btb,2025,67.927505,75.489572,77.097788,0,1
9336,btb,2025,77.441612,77.335793,78.238940,0,1
9337,btb,2025,69.399200,75.804335,77.521112,1,1
9338,btb,2025,74.927734,77.408017,79.167762,1,1
9339,btb,2025,77.702797,78.755132,78.732068,0,1
9340,btb,2025,60.828960,77.073736,77.264073,0,1
9341,btb,2025,69.394608,82.027818,82.549417,0,1
9342,btb,2025,71.992493,77.897564,77.896274,0,1
9343,btb,2025,71.086609,77.250643,78.572577,0,1
9344,btb,2025,80.893166,81.657434,82.794886,0,1
9345,btb,2025,75.581345,77.230367,78.782368,0,1
9346,btb,2025,76.544487,77.826659,77.819702,0,1
9347,btb,2025,66.459480,77.998349,78.932854,1,1
9348,btb,2025,91.266441,85.486553,86.526418,1,1
9349,btb,2025,,,,0,0
9350,btb,2025,80.888611,82.385268,83.890872,1,1
9351,btb,2025,73.951195,76.648053,76.847645,0,1
9352,btb,2025,78.027138,78.578208,78.856228,1,1
9353,btb,2025,83.815071,84.391617,85.550566,1,1
9354,btb,2025,80.660179,77.606119,80.562904,0,1
9355,btb,2025,86.357758,81.590878,82.673311,1,1
9356,btb,2025,80.158806,80.666200,82.464496,0,1
9357,btb,2025,79.885971,80.618093,81.721864,1,1
9358,btb,2025,76.638237,80.345905,81.176502,1,1
9359,btb,2025,81.428513,79.674590,80.099922,0,1
9360,btb,2025,73.580719,77.853647,78.475893,0,1
9361,btb,2025,80.808830,79.257465,79.549684,1,1
9362,btb,2025,88.821503,83.410794,84.280120,0,1
9363,btb,2025,83.456978,82.677805,82.959999,1,1
9364,btb,2025,77.319954,78.606061,79.302946,0,1
9365,btb,2025,77.770790,77.375216,77.570324,0,1
9366,btb,2025,88.045723,83.975864,84.988840,0,1
9367,btb,2025,,,,0,0
9368,btb,2025,83.946625,82.026961,82.387990,1,1
9369,btb,2025,78.282669,77.180689,77.870723,1,1
9370,btb,2025,84.677788,81.626398,81.143328,1,1
9371,btb,2025,85.318771,83.572092,84.097475,1,1
9372,btb,2025,82.421455,78.872988,80.628313,0,1
9373,btb,2025,76.575317,77.570343,80.514271,1,1
9374,btb,2025,85.859474,83.402419,84.368726,1,1
9375,btb,2025,87.047531,83.586651,83.309892,1,1
9376,btb,2025,83.318481,80.055454,81.370663,1,1
9377,btb,2025,86.822418,84.670577,85.603778,0,1
9378,btb,2025,80.162659,83.661511,83.360565,0,1
9379,btb,2025,83.173195,82.803800,82.545407,0,1
9380,btb,2025,84.764084,84.194910,84.678267,1,1
9381,btb,2025,80.506256,78.019512,79.458582,1,1
9382,btb,2025,82.828903,81.398290,82.463922,1,1
9383,btb,2025,79.671570,80.632568,81.852692,0,1
9384,btb,2025,78.806808,80.225629,79.893366,0,1
9385,btb,2025,82.382301,85.440669,84.885535,1,1
9386,btb,2025,79.717796,80.311757,81.753317,0,1
9387,btb,2025,76.878998,78.077778,79.495480,1,1
9388,btb,2025,85.854927,83.263068,82.566258,1,1
9389,btb,2025,81.300423,81.270529,81.489300,0,1
9390,btb,2025,85.964867,81.248052,82.916566,1,1
9391,btb,2025,82.499611,80.472473,81.195694,1,1
9392,btb,2025,87.554878,87.405906,87.363391,0,1
9393,btb,2025,79.260460,78.317528,78.444924,1,1
9394,btb,2025,81.008690,79.961082,80.017030,0,1
9395,btb,2025,75.322891,79.542695,80.492624,0,1
9396,btb,2025,75.285461,78.450756,80.863646,1,1
9397,btb,2025,86.168480,81.431501,82.409568,0,1
9398,btb,2025,74.931618,78.490754,78.400100,0,1
9399,btb,2025,81.262695,80.764227,80.840375,0,1
9400,btb,2025,80.112892,80.619632,81.450477,1,1
9401,btb,2025,,,,0,0
9402,btb,2025,,,,0,0
9403,btb,2025,,,,0,0
9404,btb,2025,,,,0,0
9405,btb,2025,,,,0,0
9406,btb,2025,,,,0,0
9407,btb,2025,,,,0,0
9408,btb,2025,,,,0,0
9409,btb,2025,,,,0,0
9410,btb,2025,,,,0,0
9411,btb,2025,,,,0,0
9412,btb,2025,,,,0,0
9413,btb,2025,82.057014,80.079301,80.908191,0,1
9414,btb,2025,75.952309,77.789619,78.135093,1,1
9415,btb,2025,90.073624,83.443382,84.585156,0,1
9416,btb,2025,,,,0,0
9417,btb,2025,69.063896,77.227080,77.644678,0,1
9418,btb,2025,86.055038,84.141511,84.536521,1,1
9419,btb,2025,85.328171,83.258831,82.953644,1,1
9420,btb,2025,83.099503,86.345559,86.934639,0,1
9421,btb,2025,72.032288,80.298090,81.811000,0,1
9422,btb,2025,85.982010,86.977178,87.759607,1,1
9423,btb,2025,72.962715,79.558468,80.347095,1,1
9424,btb,2025,73.995384,79.136730,80.045480,1,1
9425,btb,2025,72.583641,76.496754,76.856710,0,1
9426,btb,2025,76.894814,79.118925,79.292442,1,1
9427,btb,2025,73.994133,78.585520,78.472024,1,1
9428,btb,2025,69.969002,75.081941,77.683934,0,1
9429,btb,2025,78.486076,79.528061,80.005846,1,1
9430,btb,2025,77.648369,77.345985,78.050413,0,1
9431,btb,2025,77.588257,78.727232,79.875971,0,1
9432,btb,2025,82.206116,80.633847,81.294523,0,1
9433,btb,2025,62.212944,75.454468,79.026877,0,1
9434,btb,2025,67.983086,78.442107,80.176337,0,1
9435,btb,2025,76.922676,83.412382,84.389107,0,1
9436,btb,2025,78.965675,78.920826,79.067064,1,1
9437,btb,2025,77.829315,79.455491,79.784648,1,1
9438,btb,2025,74.567970,80.815378,82.383641,1,1
9439,btb,2025,86.723854,81.386894,83.319277,0,1
9440,btb,2025,77.310020,80.432966,80.213639,1,1
9441,btb,2025,69.118706,75.557946,76.501214,0,1
9442,btb,2025,80.511681,78.806677,80.561641,0,1
9443,btb,2025,82.752922,79.301211,81.111086,0,1
9444,btb,2025,80.590942,81.298529,82.560750,0,1
9445,btb,2025,66.040466,77.968465,79.706475,0,1
9446,btb,2025,61.243355,75.545065,78.091894,1,1
9447,btb,2025,78.193108,77.601112,78.146326,0,1
9448,btb,2025,78.024971,79.121545,79.296802,0,1
9449,btb,2025,85.153267,84.049995,84.969317,1,1
9450,btb,2025,77.228859,76.869854,79.786180,1,1
9451,btb,2025,84.569672,81.900341,83.019146,1,1
9452,btb,2025,71.296272,75.932440,76.139296,1,1
9453,btb,2025,70.726059,83.861411,84.234052,1,1
9454,btb,2025,74.549934,80.317790,81.807898,1,1
9455,btb,2025,81.493790,80.557681,83.217249,0,1
9456,btb,2025,79.089149,80.051308,80.800844,0,1
9457,btb,2025,81.353035,80.016668,80.175457,0,1
9458,btb,2025,85.391685,84.344658,84.662601,1,1
9459,btb,2025,74.240097,79.037366,78.314087,1,1
9460,btb,2025,78.407516,79.426303,80.610080,0,1
9461,btb,2025,72.317833,75.074760,77.242024,0,1
9462,btb,2025,74.850258,77.524120,78.177477,0,1
9463,btb,2025,76.602951,79.847416,80.983751,0,1
9464,btb,2025,72.125618,76.756386,79.970916,0,1
9465,btb,2025,90.895706,85.848399,85.733459,0,1
9466,btb,2025,74.906487,79.946387,81.231013,1,1
9467,btb,2025,79.675194,79.192215,80.627291,0,1
9468,btb,2025,69.575089,84.968904,86.116070,0,1
9469,btb,2025,68.599655,77.991205,77.981253,0,1
9470,btb,2025,68.857674,76.083658,77.537573,0,1
9471,btb,2025,75.781090,77.934894,79.042841,1,1
9472,btb,2025,73.651634,78.800959,78.799318,1,1
9473,btb,2025,62.917244,75.488141,76.591547,1,1
9474,btb,2025,80.646225,80.215398,81.100175,1,1
9475,btb,2025,77.551979,79.130189,79.981337,0,1
9476,btb,2025,76.961815,81.616017,81.788292,1,1
9477,btb,2025,82.983498,81.425663,82.729269,1,1
9478,btb,2025,84.308228,82.423900,83.004927,1,1
9479,btb,2025,76.755173,81.955212,82.169384,0,1
9480,btb,2025,79.294952,83.960628,85.330017,0,1
9481,btb,2025,82.410500,81.213647,81.614443,1,1
9482,btb,2025,75.122566,78.635231,80.213199,1,1
9483,btb,2025,82.302231,80.466975,80.731775,0,1
9484,btb,2025,71.371811,79.651981,80.381050,1,1
9485,btb,2025,76.824409,80.710448,80.663016,0,1
9486,btb,2025,72.817642,78.018523,78.714386,1,1
9487,btb,2025,79.924362,80.058068,80.321330,1,1
9488,btb,2025,75.876434,82.311354,84.053650,1,1
9489,btb,2025,79.608101,79.892881,81.188349,0,1
9490,btb,2025,75.660477,77.820300,78.011120,0,1
9491,btb,2025,78.883774,81.491534,81.773938,0,1
9492,btb,2025,80.056999,80.248936,80.897808,0,1
9493,btb,2025,80.398460,80.349336,80.961753,1,1
9494,btb,2025,66.844162,76.482281,76.168520,0,1
9495,btb,2025,,,,0,0
9496,btb,2025,,,,0,0
9497,btb,2025,,,,0,0
9498,btb,2025,,,,0,0
9499,btb,2025,,,,0,0
9500,btb,2025,,,,0,0
9501,btb,2025,,,,0,0
9502,btb,2025,,,,0,0
9503,btb,2025,,,,0,0
9504,btb,2025,,,,0,0
9505,btb,2025,,,,0,0
9506,btb,2025,,,,0,0
9507,btb,2025,,,,0,0
9508,btb,2025,,,,0,0
9509,btb,2025,,,,0,0
9510,btb,2025,,,,0,0
9511,btb,2025,,,,0,0
9512,btb,2025,,,,0,0
9513,btb,2025,,,,0,0
9514,btb,2025,,,,0,0
9515,btb,2025,,,,0,0
9516,btb,2025,,,,0,0
9517,btb,2025,,,,0,0
9518,btb,2025,,,,0,0
9519,btb,2025,,,,0,0
9520,btb,2025,,,,0,0
9521,btb,2025,,,,0,0
9522,btb,2025,,,,0,0
9523,btb,2025,,,,0,0
9524,btb,2025,,,,0,0
9525,btb,2025,,,,0,0
9526,btb,2025,,,,0,0
9527,btb,2025,,,,0,0
9528,btb,2025,,,,0,0
9529,btb,2025,,,,0,0
9530,btb,2025,,,,0,0
9531,btb,2025,,,,0,0
9532,btb,2025,,,,0,0
9533,btb,2025,,,,0,0
9534,btb,2025,,,,0,0
9535,btb,2025,,,,0,0
9536,btb,2025,,,,0,0
9537,btb,2025,,,,0,0
9538,btb,2025,,,,0,0
9539,btb,2025,,,,0,0
9540,btb,2025,,,,0,0
9541,btb,2025,,,,0,0
9542,btb,2025,,,,0,0
9543,btb,2025,,,,0,0
9544,btb,2025,,,,0,0
9545,btb,2025,,,,0,0
9546,btb,2025,,,,0,0
9547,btb,2025,,,,0,0
9548,btb,2025,,,,0,0
9549,btb,2025,,,,0,0
9550,btb,2025,,,,0,0
9551,btb,2025,,,,0,0
9552,btb,2025,,,,0,0
9553,btb,2025,,,,0,0
9554,btb,2025,,,,0,0
9555,btb,2025,,,,0,0
9556,btb,2025,,,,0,0
9557,btb,2025,,,,0,0
9558,btb,2025,,,,0,0
9559,btb,2025,,,,0,0
9560,btb,2025,,,,0,0
9561,btb,2025,,,,0,0
9562,btb,2025,,,,0,0
9563,btb,2025,,,,0,0
9564,btb,2025,,,,0,0
9565,btb,2025,,,,0,0
9566,btb,2025,,,,0,0
9567,btb,2025,,,,0,0
9568,btb,2025,,,,0,0
9569,btb,2025,,,,0,0
9570,btb,2025,,,,0,0
9571,btb,2025,,,,0,0
9572,btb,2025,,,,0,0
9573,btb,2025,,,,0,0
9574,btb,2025,,,,0,0
9575,btb,2025,,,,0,0
9576,btb,2025,,,,0,0
9577,btb,2025,,,,0,0
9578,btb,2025,73.279526,78.106841,79.193039,1,1
9579,btb,2025,75.634834,77.967996,79.899012,1,1
9580,btb,2025,81.610229,80.976628,81.275380,0,1
9581,btb,2025,74.007538,77.146224,78.099857,0,1
9582,btb,2025,85.539330,81.271234,81.433955,0,1
9583,btb,2025,85.579460,83.098413,83.902611,1,1
9584,btb,2025,87.247711,83.643796,83.404406,0,1
9585,btb,2025,56.827209,77.632961,78.522208,0,1
9586,btb,2025,81.871208,78.251183,80.315684,1,1
9587,btb,2025,66.860466,75.092487,76.676444,0,1
9588,btb,2025,72.746834,76.725197,78.598672,0,1
9589,btb,2025,80.675835,78.994725,80.429133,0,1
9590,btb,2025,81.643173,80.560532,80.646213,0,1
9591,btb,2025,68.469711,82.255855,81.951046,0,1
9592,btb,2025,88.897530,84.507959,85.008173,0,1
9593,btb,2025,84.155479,81.056126,82.342368,1,1
9594,btb,2025,76.777786,78.332535,79.186451,1,1
9595,btb,2025,71.880196,79.938513,81.502444,0,1
9596,btb,2025,38.975143,76.257581,76.839887,0,1
9597,btb,2025,,,,0,0
9598,btb,2025,,,,0,0
9599,btb,2025,79.071793,77.862598,78.428373,1,1
9600,btb,2025,78.322304,78.587787,79.522099,0,1
9601,btb,2025,88.997528,85.464788,86.411245,0,1
9602,btb,2025,85.709015,83.293019,83.299379,0,1
9603,btb,2025,75.620872,79.803456,80.799757,0,1
9604,btb,2025,77.181488,78.518411,79.693707,0,1
9605,btb,2025,82.361343,81.975792,83.320958,0,1
9606,btb,2025,78.894081,77.353919,78.906598,0,1
9607,btb,2025,79.472061,80.084820,82.564278,1,1
9608,btb,2025,84.146103,82.428978,82.745932,1,1
9609,btb,2025,82.969391,79.488895,80.339359,1,1
9610,btb,2025,82.952187,81.898642,81.952661,0,1
9611,btb,2025,91.669762,88.561001,89.676103,0,1
9612,btb,2025,88.829086,82.353527,83.316286,0,1
9613,btb,2025,77.869156,76.788017,78.078221,0,1
9614,btb,2025,,,,0,0
9615,btb,2025,79.487488,77.657793,79.154565,1,1
9616,btb,2025,84.645760,83.730313,84.476828,1,1
9617,btb,2025,66.825462,76.835034,77.631010,0,1
9618,btb,2025,84.863457,80.887551,82.590171,1,1
9619,btb,2025,81.438789,79.813443,80.222501,0,1
9620,btb,2025,69.960968,75.960921,78.982752,1,1
9621,btb,2025,83.245941,81.220802,81.891232,1,1
9622,btb,2025,89.316414,87.075219,87.597067,0,1
9623,btb,2025,89.400551,86.638805,86.927267,0,1
9624,btb,2025,77.544296,82.977306,83.646800,1,1
9625,btb,2025,71.668121,76.920746,76.448847,0,1
9626,btb,2025,84.707085,82.482142,82.726773,1,1
9627,btb,2025,87.178871,83.861765,84.066335,1,1
9628,btb,2025,84.573555,81.475592,83.538163,0,1
9629,btb,2025,80.811852,78.206194,80.336335,1,1
9630,btb,2025,92.814827,88.856391,89.145598,1,1
9631,btb,2025,77.036285,80.802461,80.198612,0,1
9632,btb,2025,75.259544,79.355493,80.371859,1,1
9633,btb,2025,83.730598,80.921792,81.987440,0,1
9634,btb,2025,86.022293,82.254396,82.938844,0,1
9635,btb,2025,84.582611,81.699962,81.844010,0,1
9636,btb,2025,77.070496,80.757126,81.943416,0,1
9637,btb,2025,81.929291,81.232557,81.054801,0,1
9638,btb,2025,82.148880,80.688751,81.915769,0,1
9639,btb,2025,77.397934,79.222057,79.225735,0,1
9640,btb,2025,89.223671,84.219052,84.321744,1,1
9641,btb,2025,71.437332,76.164546,77.983442,0,1
9642,btb,2025,80.757889,82.029547,82.684523,0,1
9643,btb,2025,84.207191,84.282858,84.395875,0,1
9644,btb,2025,78.531647,78.537394,79.433642,1,1
9645,btb,2025,78.685570,79.269999,79.848836,0,1
9646,btb,2025,84.178856,81.979947,81.671291,0,1
9647,btb,2025,85.191315,86.826672,86.667198,1,1
9648,btb,2025,70.595886,80.609487,80.636467,0,1
9649,btb,2025,86.627838,82.503647,82.944124,0,1
9650,btb,2025,89.676888,83.094744,83.690733,0,1
9651,btb,2025,81.216347,80.482519,80.763516,0,1
9652,btb,2025,84.921852,80.223095,81.557134,0,1
9653,btb,2025,74.121071,79.409928,81.674276,1,1
9654,btb,2025,72.790718,78.349388,78.166122,1,1
9655,btb,2025,66.178688,79.564260,79.393136,0,1
9656,btb,2025,87.072853,84.451708,85.211980,0,1
9657,btb,2025,89.407066,86.547521,87.112000,1,1
9658,btb,2025,83.580933,90.410948,91.976761,0,1
9659,btb,2025,81.641487,79.300605,79.758100,1,1
9660,btb,2025,78.413254,78.677131,80.243888,0,1
9661,btb,2025,80.226555,79.797698,80.509615,0,1
9662,btb,2025,80.992249,83.328871,84.649998,1,1
9663,btb,2025,77.168625,77.544321,77.759362,0,1
9664,btb,2025,84.523010,85.120198,85.985104,0,1
9665,btb,2025,76.321518,78.393092,78.672081,1,1
9666,btb,2025,78.640854,78.700666,79.416114,1,1
9667,btb,2025,83.513710,82.568950,82.725476,1,1
9668,btb,2025,77.392593,78.706754,79.654349,1,1
9669,btb,2025,76.302307,78.931396,78.461448,1,1
9670,btb,2025,76.237633,76.935784,77.874434,0,1
9671,btb,2025,92.253616,90.404974,90.738594,0,1
9672,btb,2025,79.352760,80.343242,80.612711,0,1
9673,btb,2025,89.465752,90.144553,90.871895,0,1
9674,btb,2025,85.811081,83.390933,83.013906,0,1
9675,btb,2025,74.138420,76.887113,76.795722,0,1
9676,btb,2025,83.000931,79.930147,81.449649,1,1
9677,btb,2025,77.341064,80.282972,80.872540,1,1
9678,btb,2025,82.181931,81.891719,82.559663,0,1
9679,btb,2025,78.305664,81.587415,80.805087,0,1
9680,btb,2025,42.428795,73.611001,75.049033,0,1
9681,btb,2025,66.916908,83.229288,84.647470,1,1
9682,btb,2025,82.332214,83.857339,83.724815,0,1
9683,btb,2025,77.964928,79.146656,79.503922,1,1
9684,btb,2025,80.697548,81.639608,83.089093,1,1
9685,btb,2025,81.249756,79.335213,80.125151,1,1
9686,btb,2025,83.568138,82.564336,82.707960,1,1
9687,btb,2025,80.554375,79.769961,80.582732,0,1
9688,btb,2025,86.241722,81.622176,82.862536,0,1
9689,btb,2025,59.171654,86.279406,87.146173,1,1
9690,btb,2025,72.359589,76.926635,76.903228,1,1
9691,btb,2025,72.306648,76.772933,78.493697,0,1
9692,btb,2025,54.302269,74.438110,75.002356,1,1
9693,btb,2025,86.035225,84.393831,84.675212,1,1
9694,btb,2025,88.063637,85.398041,85.559553,0,1
9695,btb,2025,76.872017,78.485362,78.953750,1,1
9696,btb,2025,83.023865,82.044483,81.609741,0,1
9697,btb,2025,83.150452,80.330309,81.229234,1,1
9698,btb,2025,71.377373,78.923295,80.104839,1,1
9699,btb,2025,91.664940,89.503093,89.964860,0,1
9700,btb,2025,89.962479,95.370998,95.089130,1,1
9701,btb,2025,82.299667,83.925281,85.225464,0,1
9702,btb,2025,66.012970,83.664009,86.629118,1,1
9703,btb,2025,76.116440,76.318987,77.470677,0,1
9704,btb,2025,80.004517,80.063076,81.649901,1,1
9705,btb,2025,73.686234,77.676099,77.790619,1,1
9706,btb,2025,66.402473,81.468110,82.341630,1,1
9707,btb,2025,76.977760,78.124186,78.315167,0,1
9708,btb,2025,76.105263,82.858842,83.876628,0,1
9709,btb,2025,82.412254,82.610251,83.004774,1,1
9710,btb,2025,70.665169,77.074035,78.458739,0,1
9711,btb,2025,78.172394,77.642384,78.380615,1,1
9712,btb,2025,76.863525,82.930197,83.951727,0,1
9713,btb,2025,89.923897,85.288881,85.872244,0,1
9714,btb,2025,74.231689,76.825136,78.424956,1,1
9715,btb,2025,84.407425,81.129980,82.873425,0,1
9716,btb,2025,91.662964,87.381212,87.867127,0,1
9717,btb,2025,82.498901,81.076620,81.046044,1,1
9718,btb,2025,77.790031,79.674766,80.331095,0,1
9719,btb,2025,74.878273,78.064609,77.542280,1,1
9720,btb,2025,91.876015,86.744754,86.645444,0,1
9721,btb,2025,60.210503,77.556362,78.299041,0,1
9722,btb,2025,82.997856,82.476757,82.280493,1,1
9723,btb,2025,73.171524,79.601210,80.938188,1,1
9724,btb,2025,74.478027,78.363993,78.038780,1,1
9725,btb,2025,91.392517,85.784194,86.180323,0,1
9726,btb,2025,80.788216,79.723541,80.158861,1,1
9727,btb,2025,78.022110,81.142129,80.805419,0,1
9728,btb,2025,,,,0,0
9729,btb,2025,,,,0,0
9730,btb,2025,,,,0,0
9731,btb,2025,,,,0,0
9732,btb,2025,,,,0,0
9733,btb,2025,,,,0,0
9734,btb,2025,,,,0,0
9735,btb,2025,,,,0,0
9736,btb,2025,,,,0,0
9737,btb,2025,,,,0,0
9738,btb,2025,,,,0,0
9739,btb,2025,,,,0,0
9740,btb,2025,,,,0,0
9741,btb,2025,,,,0,0
9742,btb,2025,,,,0,0
9743,btb,2025,,,,0,0
9744,btb,2025,,,,0,0
9745,btb,2025,,,,0,0
9746,btb,2025,,,,0,0
9747,btb,2025,,,,0,0
9748,btb,2025,,,,0,0
9749,btb,2025,,,,0,0
9750,btb,2025,,,,0,0
9751,btb,2025,,,,0,0
9752,btb,2025,,,,0,0
9753,btb,2025,,,,0,0
9754,btb,2025,,,,0,0
9755,btb,2025,,,,0,0
9756,btb,2025,,,,0,0
9757,btb,2025,,,,0,0
9758,btb,2025,,,,0,0
9759,btb,2025,,,,0,0
9760,btb,2025,,,,0,0
9761,btb,2025,,,,0,0
9762,btb,2025,,,,0,0
9763,btb,2025,,,,0,0
9764,btb,2025,,,,0,0
9765,btb,2025,,,,0,0
9766,btb,2025,,,,0,0
9767,btb,2025,,,,0,0
9768,btb,2025,,,,0,0
9769,btb,2025,,,,0,0
9770,btb,2025,,,,0,0
9771,btb,2025,,,,0,0
9772,btb,2025,,,,0,0
9773,btb,2025,,,,0,0
9774,btb,2025,,,,0,0
9775,btb,2025,,,,0,0
9776,btb,2025,,,,0,0
9777,btb,2025,,,,0,0
9778,btb,2025,,,,0,0
9779,btb,2025,,,,0,0
9780,btb,2025,,,,0,0
9781,btb,2025,70.790619,76.057556,76.462927,1,1
9782,btb,2025,,,,0,0
9783,btb,2025,,,,0,0
9784,btb,2025,,,,0,0
9785,btb,2025,,,,0,0
9786,btb,2025,,,,0,0
9787,btb,2025,,,,0,0
9788,btb,2025,,,,0,0
9789,btb,2025,89.151520,86.640901,86.937327,0,1
9790,btb,2025,77.274559,76.706038,77.815251,1,1
9791,btb,2025,86.270973,81.687689,82.500864,1,1
9792,btb,2025,86.025719,82.011243,83.053643,1,1
9793,btb,2025,86.161339,86.395656,87.287463,0,1
9794,btb,2025,78.790108,78.608550,79.427219,0,1
9795,btb,2025,80.229172,80.185441,82.818422,0,1
9796,btb,2025,67.972359,76.463517,77.374536,1,1
9797,btb,2025,84.745438,81.742151,83.352171,0,1
9798,btb,2025,86.050331,81.339654,81.791940,1,1
9799,btb,2025,85.583183,83.138877,84.830382,0,1
9800,btb,2025,81.120888,78.911356,78.948667,1,1
9801,btb,2025,82.700119,81.055911,81.122708,1,1
9802,btb,2025,71.276566,77.086375,78.465553,0,1
9803,btb,2025,78.809700,78.848178,79.273850,1,1
9804,btb,2025,78.358910,77.193869,78.502296,0,1
9805,btb,2025,90.313622,86.207166,87.499066,0,1
9806,btb,2025,73.949989,77.998399,79.239802,1,1
9807,btb,2025,85.779381,83.978752,84.268069,1,1
9808,btb,2025,80.945221,81.103936,81.052790,1,1
9809,btb,2025,85.429916,84.282927,84.979304,0,1
9810,btb,2025,82.672348,82.511272,82.515262,0,1
9811,btb,2025,74.769493,80.347204,82.395134,1,1
9812,btb,2025,76.235237,82.575364,84.879929,0,1
9813,btb,2025,95.665024,88.965987,89.908633,0,1
9814,btb,2025,74.009689,76.471906,77.512027,1,1
9815,btb,2025,87.646919,90.708478,90.983704,0,1
9816,btb,2025,84.583565,80.652745,82.553595,0,1
9817,btb,2025,82.157257,80.693635,81.523253,0,1
9818,btb,2025,75.306740,78.968433,79.423733,0,1
9819,btb,2025,77.853806,78.058885,79.416760,1,1
9820,btb,2025,80.599167,82.507253,83.180458,1,1
9821,btb,2025,86.299599,81.827849,82.629549,1,1
9822,btb,2025,71.821724,75.566572,76.356658,0,1
9823,btb,2025,77.720657,79.539816,80.026021,0,1
9824,btb,2025,83.504326,84.230084,85.746003,1,1
9825,btb,2025,82.723152,79.903357,81.863360,1,1
9826,btb,2025,78.358925,80.955134,82.310789,0,1
9827,btb,2025,90.717270,85.871083,86.352122,1,1
9828,btb,2025,88.420311,84.450179,85.376532,0,1
9829,btb,2025,75.146019,76.145043,77.167780,1,1
9830,btb,2025,78.321823,77.373976,78.124258,0,1
9831,btb,2025,57.631145,77.297576,76.603137,1,1
9832,btb,2025,75.773491,81.689817,82.171654,1,1
9833,btb,2025,,,,0,0
9834,btb,2025,93.011200,84.974473,85.889430,0,1
9835,btb,2025,87.614632,89.137393,90.037585,1,1
9836,btb,2025,77.987862,78.720193,79.848360,1,1
9837,btb,2025,87.566269,85.578471,86.400788,1,1
9838,btb,2025,76.946342,79.033722,79.233119,1,1
9839,btb,2025,88.684273,87.954454,87.498096,1,1
9840,btb,2025,80.523972,81.870915,81.100811,1,1
9841,btb,2025,85.013893,81.231286,82.558798,1,1
9842,btb,2025,74.206474,79.001544,80.463649,1,1
9843,btb,2025,80.036476,79.821272,79.980548,0,1
9844,btb,2025,81.232765,82.500499,83.610149,1,1
9845,btb,2025,76.587975,77.323972,78.794670,1,1
9846,btb,2025,78.691277,80.720371,82.058812,0,1
9847,btb,2025,78.128487,79.146592,79.772761,1,1
9848,btb,2025,85.926109,81.785256,82.153943,1,1
9849,btb,2025,80.331161,78.750007,80.471223,1,1
9850,btb,2025,91.935089,86.843828,86.612814,1,1
9851,btb,2025,76.369568,82.818837,82.792572,0,1
9852,btb,2025,83.764458,81.830479,82.312229,1,1
9853,btb,2025,77.966026,79.197972,79.905568,0,1
9854,btb,2025,82.980850,80.711606,81.579123,0,1
9855,btb,2025,76.416504,78.864511,79.728337,0,1
9856,btb,2025,83.303986,84.852497,84.856150,1,1
9857,btb,2025,89.736053,84.987318,85.594146,1,1
9858,btb,2025,81.537148,80.668575,81.733303,0,1
9859,btb,2025,74.419350,78.886658,78.633594,0,1
9860,btb,2025,73.663261,78.849252,79.343683,0,1
9861,btb,2025,81.056259,85.632797,86.123369,1,1
9862,btb,2025,86.966927,83.873833,85.065721,0,1
9863,btb,2025,59.891182,78.116156,79.291909,1,1
9864,btb,2025,80.771049,79.743230,80.491898,1,1
9865,btb,2025,82.881355,80.540844,81.795145,0,1
9866,btb,2025,78.794304,79.526121,79.585058,1,1
9867,btb,2025,82.973495,85.611075,86.092203,1,1
9868,btb,2025,81.574547,81.021377,81.024882,1,1
9869,btb,2025,74.215775,78.476744,80.430066,1,1
9870,btb,2025,80.310509,80.439450,81.362165,1,1
9871,btb,2025,84.337914,82.520037,83.480597,1,1
9872,btb,2025,81.541130,79.471377,79.910895,1,1
9873,btb,2025,75.065948,76.545504,77.233301,0,1
9874,btb,2025,82.282974,79.987921,80.891904,1,1
9875,btb,2025,87.623741,85.294736,85.766540,1,1
9876,btb,2025,74.705490,78.274493,80.270419,0,1
9877,btb,2025,75.241005,79.701214,80.077749,0,1
9878,btb,2025,79.584900,86.360718,88.079983,0,1
9879,btb,2025,,,,0,0
9880,btb,2025,81.198204,81.506363,81.736365,1,1
9881,btb,2025,83.139839,79.593256,80.007426,0,1
9882,btb,2025,79.296783,79.120144,79.964543,0,1
9883,btb,2025,69.393585,80.529008,80.061686,1,1
9884,btb,2025,68.875244,79.995404,80.621005,0,1
9885,btb,2025,80.870026,82.769092,83.025886,0,1
9886,btb,2025,86.512634,81.687696,83.662788,0,1
9887,btb,2025,83.375725,82.634075,83.380366,1,1
9888,btb,2025,72.957954,78.512454,79.475842,1,1
9889,btb,2025,82.927025,81.861870,82.340723,1,1
9890,btb,2025,83.675957,83.791955,83.603145,0,1
9891,btb,2025,,,,0,0
9892,btb,2025,82.896629,81.592498,82.840138,1,1
9893,btb,2025,82.295364,79.484281,80.057015,1,1
9894,btb,2025,82.763962,81.563955,81.659485,1,1
9895,btb,2025,87.646774,87.003083,87.638667,0,1
9896,btb,2025,85.719971,81.853614,82.269163,0,1
9897,btb,2025,76.114304,79.210389,79.679588,1,1
9898,btb,2025,75.402100,76.393515,77.928731,0,1
9899,btb,2025,87.658325,82.963185,84.680544,0,1
9900,btb,2025,88.233742,83.887891,83.804289,1,1
9901,btb,2025,79.220406,80.156196,80.002252,0,1
9902,btb,2025,88.769424,91.488503,92.805858,0,1
9903,btb,2025,90.977257,86.520560,86.406124,0,1
9904,btb,2025,86.776352,83.276857,83.612424,1,1
9905,btb,2025,80.906883,79.190352,80.470032,0,1
9906,btb,2025,82.568520,82.756554,83.056159,1,1
9907,btb,2025,87.553802,85.512384,85.690749,1,1
9908,btb,2025,92.827919,89.374232,89.621353,0,1
9909,btb,2025,80.962166,82.372343,83.333237,0,1
9910,btb,2025,79.195717,82.063318,83.039083,1,1
9911,btb,2025,83.928246,83.410436,83.474307,0,1
9912,btb,2025,82.508522,82.829419,83.523486,0,1
9913,btb,2025,84.480461,81.754079,81.968767,1,1
9914,btb,2025,85.841263,80.694918,81.905188,0,1
9915,btb,2025,86.584709,82.795551,84.744303,0,1
9916,btb,2025,90.206497,83.353719,85.145270,0,1
9917,btb,2025,83.908363,83.554862,83.403880,1,1
9918,btb,2025,78.949287,79.288135,80.277921,0,1
9919,btb,2025,80.930969,82.499266,83.350412,0,1
9920,btb,2025,79.144951,80.089557,81.560975,0,1
9921,btb,2025,,,,0,0
9922,btb,2025,85.621628,82.013879,82.934074,0,1
9923,btb,2025,87.420792,85.470369,86.061041,1,1
9924,btb,2025,90.450386,87.275019,88.689748,1,1
9925,btb,2025,86.542221,85.203684,86.960335,0,1
9926,btb,2025,87.049400,84.928139,84.635864,0,1
9927,btb,2025,79.891487,82.002574,82.530118,0,1
9928,btb,2025,84.614792,82.173756,81.685235,0,1
9929,btb,2025,80.328682,78.525132,79.326102,1,1
9930,btb,2025,,,,0,0
9931,btb,2025,79.784096,79.253770,79.598815,0,1
9932,btb,2025,78.142166,79.404449,80.417091,1,1
9933,btb,2025,79.161163,80.970751,81.468070,0,1
9934,btb,2025,89.881187,85.246059,85.986327,1,1
9935,btb,2025,84.599602,81.120945,82.563943,0,1
9936,btb,2025,83.093483,80.053523,82.577868,1,1
9937,btb,2025,87.247139,85.618869,85.368066,1,1
9938,btb,2025,76.141052,79.565040,80.770861,1,1
9939,btb,2025,79.293770,79.449214,80.326522,0,1
9940,btb,2025,95.438667,88.900281,89.347302,1,1
9941,btb,2025,90.020073,85.998886,86.264102,0,1
9942,btb,2025,81.018394,79.916719,80.774621,1,1
9943,btb,2025,79.989693,82.077839,83.516911,1,1
9944,btb,2025,87.521782,83.888785,84.379967,0,1
9945,btb,2025,83.834824,80.301650,80.386525,1,1
9946,btb,2025,78.273170,78.928906,80.282638,1,1
9947,btb,2025,79.749107,80.105639,80.602654,1,1
9948,btb,2025,69.484993,85.432632,87.357505,0,1
9949,btb,2025,73.407707,78.173739,78.992845,0,1
9950,btb,2025,55.933147,77.304087,78.626838,1,1
9951,btb,2025,88.975990,86.044874,87.136802,1,1
9952,btb,2025,76.484474,81.171397,82.689587,1,1
9953,btb,2025,82.120529,81.169293,81.161032,0,1
9954,btb,2025,79.664330,83.179828,84.094814,0,1
9955,btb,2025,82.870583,81.255321,82.008389,1,1
9956,btb,2025,85.793808,83.769146,84.012244,0,1
9957,btb,2025,77.825134,79.531808,80.239131,0,1
9958,btb,2025,87.087715,82.732450,83.435779,1,1
9959,btb,2025,79.455963,88.973221,90.392094,0,1
9960,btb,2025,77.944405,78.405139,79.927722,0,1
9961,btb,2025,81.912453,80.811654,81.741976,0,1
9962,btb,2025,79.223061,78.588387,80.237688,1,1
9963,btb,2025,76.299217,81.883189,82.747565,0,1
9964,btb,2025,83.362007,81.389416,81.758195,1,1
9965,btb,2025,74.049774,79.975036,81.665965,1,1
9966,btb,2025,74.714783,80.024509,80.821442,1,1
9967,btb,2025,,,,0,0
9968,btb,2025,,,,0,0
9969,btb,2025,,,,0,0
9970,btb,2025,,,,0,0
9971,btb,2025,,,,0,0
9972,btb,2025,,,,0,0
9973,btb,2025,,,,0,0
9974,btb,2025,,,,0,0
9975,btb,2025,,,,0,0
9976,btb,2025,,,,0,0
9977,btb,2025,,,,0,0
9978,btb,2025,,,,0,0
9979,btb,2025,,,,0,0
9980,btb,2025,,,,0,0
9981,btb,2025,,,,0,0
9982,btb,2025,,,,0,0
9983,btb,2025,,,,0,0
9984,btb,2025,,,,0,0
9985,btb,2025,,,,0,0
9986,btb,2025,,,,0,0
9987,btb,2025,,,,0,0
9988,btb,2025,,,,0,0
9989,btb,2025,,,,0,0
9990,btb,2025,,,,0,0
9991,btb,2025,,,,0,0
9992,btb,2025,64.854660,81.881268,83.733160,0,1
9993,btb,2025,,,,0,0
9994,btb,2025,,,,0,0
9995,btb,2025,,,,0,0
9996,btb,2025,,,,0,0
9997,btb,2025,,,,0,0
9998,btb,2025,,,,0,0
9999,btb,2025,,,,0,0
10000,btb,2025,,,,0,0
10001,btb,2025,,,,0,0
10002,btb,2025,,,,0,0
10003,btb,2025,,,,0,0
10004,btb,2025,,,,0,0
10005,btb,2025,,,,0,0
10006,btb,2025,,,,0,0
10007,btb,2025,,,,0,0
10008,btb,2025,,,,0,0
10009,btb,2025,,,,0,0
10010,btb,2025,,,,0,0
10011,btb,2025,,,,0,0
10012,btb,2025,,,,0,0
10013,btb,2025,,,,0,0
10014,btb,2025,,,,0,0
10015,btb,2025,,,,0,0
10016,btb,2025,,,,0,0
10017,btb,2025,,,,0,0
10018,btb,2025,75.093796,77.265503,78.247710,1,1
10019,btb,2025,72.697166,75.934155,76.008442,1,1
10020,btb,2025,80.133980,78.646716,78.993915,1,1
10021,btb,2025,88.896721,86.004246,85.783676,1,1
10022,btb,2025,82.062271,83.039825,83.123058,1,1
10023,btb,2025,79.090721,78.419578,79.022327,1,1
10024,btb,2025,84.528038,82.117519,82.886901,0,1
10025,btb,2025,78.164429,80.188763,80.174630,1,1
10026,btb,2025,80.186447,79.792814,80.464928,0,1
10027,btb,2025,78.827599,79.655817,79.759822,0,1
10028,btb,2025,78.313103,83.339408,84.645281,1,1
10029,btb,2025,70.198135,77.453016,79.003637,0,1
10030,btb,2025,77.813995,79.266419,79.538755,0,1
10031,btb,2025,75.948486,78.070172,77.890395,1,1
10032,btb,2025,73.788002,78.040961,79.327600,0,1
10033,btb,2025,65.136406,76.885380,78.420476,1,1
10034,btb,2025,79.092697,78.975953,79.946688,1,1
10035,btb,2025,73.820198,78.049195,78.281684,1,1
10036,btb,2025,81.656021,80.167384,80.381811,0,1
10037,btb,2025,74.340584,77.028162,77.743175,0,1
10038,btb,2025,83.614143,80.945620,81.642444,1,1
10039,btb,2025,81.646881,79.653235,81.190900,1,1
10040,btb,2025,82.557152,80.402573,81.838001,1,1
10041,btb,2025,,,,0,0
10042,btb,2025,72.627518,76.594337,77.218014,0,1
10043,btb,2025,81.379509,80.942568,80.646076,1,1
10044,btb,2025,82.171776,80.989113,81.772071,1,1
10045,btb,2025,70.789116,77.714144,77.899885,1,1
10046,btb,2025,78.548241,79.110411,79.451458,0,1
10047,btb,2025,76.765457,78.280920,79.275761,1,1
10048,btb,2025,80.173714,80.703178,81.215503,0,1
10049,btb,2025,79.189888,78.863001,79.313048,1,1
10050,btb,2025,,,,0,0
10051,btb,2025,,,,0,0
10052,btb,2025,,,,0,0
10053,btb,2025,,,,0,0
10054,btb,2025,,,,0,0
10055,btb,2025,,,,0,0
10056,btb,2025,,,,0,0
10057,btb,2025,,,,0,0
10058,btb,2025,,,,0,0
10059,btb,2025,,,,0,0
10060,btb,2025,,,,0,0
10061,btb,2025,,,,0,0
10062,btb,2025,,,,0,0
10063,btb,2025,,,,0,0
10064,btb,2025,,,,0,0
10065,btb,2025,,,,0,0
10066,btb,2025,,,,0,0
10067,btb,2025,,,,0,0
10068,btb,2025,,,,0,0
10069,btb,2025,,,,0,0
10070,btb,2025,,,,0,0
10071,btb,2025,,,,0,0
10072,btb,2025,,,,0,0
10073,btb,2025,,,,0,0
10074,btb,2025,,,,0,0
10075,btb,2025,,,,0,0
10076,btb,2025,84.219566,83.199651,83.854360,0,1
10077,btb,2025,86.932411,83.339254,83.820283,1,1
10078,btb,2025,80.163330,79.882523,79.829491,0,1
10079,btb,2025,79.174835,77.450856,79.045481,0,1
10080,btb,2025,82.040825,81.193785,81.967201,1,1
10081,btb,2025,76.719215,77.749472,78.742594,1,1
10082,btb,2025,79.060173,78.766701,79.431872,0,1
10083,btb,2025,75.974861,79.110608,79.373795,0,1
10084,btb,2025,87.836548,83.738719,83.707292,1,1
10085,btb,2025,76.576805,77.234315,77.897303,0,1
10086,btb,2025,78.550026,79.758292,80.644093,0,1
10087,btb,2025,84.491364,82.151374,83.276251,0,1
10088,btb,2025,80.117157,77.971220,78.821024,0,1
10089,btb,2025,80.041351,82.226721,83.581200,0,1
10090,btb,2025,87.883064,84.815274,85.692394,0,1
10091,btb,2025,77.506966,78.869981,79.523077,0,1
10092,btb,2025,84.423355,84.807224,85.121558,0,1
10093,btb,2025,79.671165,83.430814,85.854085,1,1
10094,btb,2025,76.482376,80.049699,81.210347,0,1
10095,btb,2025,80.653282,80.888561,81.420102,0,1
10096,btb,2025,74.258324,77.638318,80.175503,1,1
10097,btb,2025,74.653397,76.387264,77.249301,1,1
10098,btb,2025,72.911339,78.598726,77.828202,1,1
10099,btb,2025,83.280602,82.431457,82.278771,0,1
10100,btb,2025,77.228828,77.218178,79.696294,1,1
10101,btb,2025,80.266380,79.928103,79.541137,1,1
10102,btb,2025,72.861877,78.007845,78.378763,0,1
10103,btb,2025,88.755562,84.167175,85.151495,1,1
10104,btb,2025,82.804665,80.291592,80.977487,1,1
10105,btb,2025,79.545036,78.489994,79.670718,0,1
10106,btb,2025,91.417793,87.520793,87.872457,1,1
10107,btb,2025,91.014626,86.648395,87.056685,0,1
10108,btb,2025,85.773117,83.223452,83.938986,0,1
10109,btb,2025,75.525764,77.541086,77.170949,0,1
10110,btb,2025,74.749771,76.967619,76.936380,0,1
10111,btb,2025,76.722816,76.782698,78.943952,1,1
10112,btb,2025,69.439682,76.672739,76.341549,1,1
10113,btb,2025,74.615440,76.554683,77.013591,1,1
10114,btb,2025,74.519012,78.630690,78.410715,1,1
10115,btb,2025,79.696289,78.386672,79.233591,1,1
10116,btb,2025,80.341354,80.845577,80.729806,1,1
10117,btb,2025,75.513496,78.816925,79.856067,1,1
10118,btb,2025,64.680573,75.560152,75.818576,0,1
10119,btb,2025,82.228783,80.135083,80.693353,1,1
10120,btb,2025,69.205887,78.148493,77.658857,1,1
10121,btb,2025,82.867935,83.201282,83.747606,0,1
10122,btb,2025,91.259972,87.746304,88.316193,1,1
10123,btb,2025,77.501266,77.281917,78.761543,1,1
10124,btb,2025,75.307571,76.511863,77.572240,0,1
10125,btb,2025,72.203133,80.687821,81.111281,0,1
10126,btb,2025,76.015450,77.666498,78.321658,0,1
10127,btb,2025,75.966324,77.171547,77.678052,1,1
10128,btb,2025,79.238289,78.668041,78.672932,1,1
10129,btb,2025,69.790489,83.784250,85.677901,0,1
10130,btb,2025,80.154503,81.195887,82.805561,0,1
10131,btb,2025,61.940033,74.865968,75.454668,1,1
10132,btb,2025,78.837624,79.303156,79.711796,0,1
10133,btb,2025,86.686104,83.817015,84.629150,0,1
10134,btb,2025,79.528168,79.197388,79.699239,1,1
10135,btb,2025,89.534363,85.661325,86.294080,1,1
10136,btb,2025,79.634872,79.111575,80.000852,1,1
10137,btb,2025,91.606094,85.611256,86.693274,1,1
10138,btb,2025,79.711655,78.895895,79.113242,0,1
10139,btb,2025,87.057152,84.029883,84.714504,0,1
10140,btb,2025,86.077637,83.093605,83.315905,0,1
10141,btb,2025,87.385216,80.959367,82.285195,0,1
10142,btb,2025,87.678177,84.091262,84.929503,0,1
10143,btb,2025,82.717308,80.090024,80.250043,1,1
10144,btb,2025,80.845329,80.108854,81.066274,1,1
10145,btb,2025,73.706032,80.278957,79.684198,0,1
10146,btb,2025,82.263962,83.799951,83.031461,1,1
10147,btb,2025,73.662552,76.813217,76.941105,1,1
10148,btb,2025,78.055626,81.677182,82.452653,1,1
10149,btb,2025,88.813278,86.580025,86.171145,0,1
10150,btb,2025,72.030182,75.853242,76.328502,0,1
10151,btb,2025,77.779442,79.011889,79.136962,0,1
10152,btb,2025,83.659317,81.232505,81.904474,0,1
10153,btb,2025,71.970650,75.333864,76.621358,1,1
10154,btb,2025,84.714302,83.375951,83.207753,0,1
10155,btb,2025,78.325806,79.713179,80.463405,0,1
10156,btb,2025,80.289299,78.665445,79.127419,1,1
10157,btb,2025,76.918457,79.285883,79.439420,1,1
10158,btb,2025,67.074631,80.129598,79.554202,0,1
10159,btb,2025,79.871902,79.788934,80.746682,1,1
10160,btb,2025,74.348381,78.730506,78.898582,0,1
10161,btb,2025,,,,0,0
10162,btb,2025,,,,0,0
10163,btb,2025,,,,0,0
10164,btb,2025,,,,0,0
10165,btb,2025,,,,0,0
10166,btb,2025,,,,0,0
10167,btb,2025,,,,0,0
10168,btb,2025,,,,0,0
10169,btb,2025,,,,0,0
10170,btb,2025,,,,0,0
10171,btb,2025,78.536812,79.889536,81.678928,0,1
10172,btb,2025,,,,0,0
10173,btb,2025,,,,0,0
10174,btb,2025,,,,0,0
10175,btb,2025,,,,0,0
10176,btb,2025,,,,0,0
10177,btb,2025,,,,0,0
10178,btb,2025,,,,0,0
10179,btb,2025,,,,0,0
10180,btb,2025,,,,0,0
10181,btb,2025,,,,0,0
10182,btb,2025,,,,0,0
10183,btb,2025,,,,0,0
10184,btb,2025,79.958344,81.231796,82.082579,0,1
10185,btb,2025,86.631485,88.202178,89.160746,1,1
10186,btb,2025,,,,0,0
10187,btb,2025,,,,0,0
10188,btb,2025,,,,0,0
10189,btb,2025,,,,0,0
10190,btb,2025,,,,0,0
10191,btb,2025,,,,0,0
10192,btb,2025,75.561920,77.040445,78.311443,0,1
10193,btb,2025,,,,0,0
10194,btb,2025,,,,0,0
10195,btb,2025,,,,0,0
10196,btb,2025,,,,0,0
10197,btb,2025,,,,0,0
10198,btb,2025,,,,0,0
10199,btb,2025,,,,0,0
10200,btb,2025,,,,0,0
10201,btb,2025,,,,0,0
10202,btb,2025,,,,0,0
10203,btb,2025,,,,0,0
10204,btb,2025,,,,0,0
10205,btb,2025,72.666351,76.070917,76.986451,1,1
10206,btb,2025,,,,0,0
10207,btb,2025,,,,0,0
10208,btb,2025,,,,0,0
10209,btb,2025,,,,0,0
10210,btb,2025,,,,0,0
10211,btb,2025,,,,0,0
10212,btb,2025,,,,0,0
10213,zunyi,2024,78.473022,82.638657,82.294517,0,1
10214,zunyi,2024,73.538864,78.632031,78.338530,0,1
10215,zunyi,2024,79.214256,81.293127,81.136574,0,1
10216,zunyi,2024,80.891273,78.966577,79.864129,0,1
10217,zunyi,2024,88.665672,86.618356,86.336552,1,1
10218,zunyi,2024,82.276741,81.706731,81.476070,1,1
10219,zunyi,2024,82.486206,80.919841,81.164204,0,1
10220,zunyi,2024,83.563721,82.216359,82.404527,1,1
10221,zunyi,2024,87.417427,86.250851,85.898288,1,1
10222,zunyi,2024,78.498886,81.789983,81.660522,1,1
10223,zunyi,2024,78.549561,81.974451,82.611334,0,1
10224,zunyi,2024,82.882408,82.721564,83.048526,0,1
10225,zunyi,2024,67.965546,77.996490,79.178189,0,1
10226,zunyi,2024,88.366371,82.826639,84.238181,0,1
10227,zunyi,2024,80.572464,82.255623,82.374471,1,1
10228,zunyi,2024,67.785088,75.926295,78.434397,0,1
10229,zunyi,2024,75.302208,78.324074,78.496453,0,1
10230,zunyi,2024,89.262993,82.684148,84.156139,0,1
10231,zunyi,2024,85.556046,81.660435,82.087209,0,1
10232,zunyi,2024,91.983902,86.706516,86.769394,1,1
10233,zunyi,2024,87.454704,83.771190,84.505168,1,1
10234,zunyi,2024,78.644043,77.927344,79.096019,1,1
10235,zunyi,2024,82.259735,83.315276,83.786315,1,1
10236,zunyi,2024,78.687447,80.787441,81.352794,0,1
10237,zunyi,2024,80.862900,78.662136,80.307918,0,1
10238,zunyi,2024,67.864731,78.430918,81.247719,0,1
10239,zunyi,2024,84.513573,83.040383,83.211795,0,1
10240,zunyi,2024,84.556320,84.922853,85.000552,1,1
10241,zunyi,2024,79.346741,78.923548,79.485891,1,1
10242,zunyi,2024,81.050941,79.864418,79.869213,1,1
10243,zunyi,2024,85.023224,82.382352,82.855636,1,1
10244,zunyi,2024,81.626663,81.847374,81.590436,1,1
10245,zunyi,2024,83.253563,82.157898,82.258370,1,1
10246,zunyi,2024,81.469833,81.781364,82.830304,1,1
10247,zunyi,2024,71.932693,77.743106,78.010291,0,1
10248,zunyi,2024,82.832634,83.774380,85.478928,0,1
10249,zunyi,2024,81.735268,79.713781,80.055020,0,1
10250,zunyi,2024,85.291916,83.538086,83.455511,0,1
10251,zunyi,2024,86.984428,84.903057,86.767139,1,1
10252,zunyi,2024,81.692345,83.228354,84.018815,1,1
10253,zunyi,2024,80.586273,77.901892,81.224296,0,1
10254,zunyi,2024,68.614441,79.167145,78.207462,0,1
10255,zunyi,2024,71.369461,77.687213,78.756746,1,1
10256,zunyi,2024,78.889130,81.172727,81.771708,1,1
10257,zunyi,2024,82.007614,82.178449,82.090630,1,1
10258,zunyi,2024,78.361961,80.654871,81.377096,1,1
10259,zunyi,2024,81.814674,82.492217,83.952730,1,1
10260,zunyi,2024,74.613068,77.681939,79.145891,1,1
10261,zunyi,2024,80.637947,80.902979,81.480761,1,1
10262,zunyi,2024,80.493095,81.070973,81.736534,0,1
10263,zunyi,2024,84.306816,84.665382,84.281531,1,1
10264,zunyi,2024,89.015129,84.167447,84.481474,0,1
10265,zunyi,2024,79.550034,78.291997,79.859146,1,1
10266,zunyi,2024,80.404541,81.600785,82.221396,0,1
10267,zunyi,2024,77.477226,78.906137,80.070963,0,1
10268,zunyi,2024,81.393089,80.052362,80.995358,1,1
10269,zunyi,2024,80.758751,80.364577,81.005273,1,1
10270,zunyi,2024,83.215919,82.625638,83.506292,0,1
10271,zunyi,2024,80.320068,80.432728,80.473123,0,1
10272,zunyi,2024,79.688576,82.764451,82.477684,1,1
10273,zunyi,2024,79.325226,81.431913,81.165875,1,1
10274,zunyi,2024,85.037788,82.041601,81.963737,0,1
10275,zunyi,2024,78.004128,84.720325,84.851769,0,1
10276,zunyi,2024,83.685127,81.521036,82.438068,0,1
10277,zunyi,2024,75.564888,80.508302,80.620862,0,1
10278,zunyi,2024,59.480370,81.890922,82.683399,1,1
10279,zunyi,2024,79.599243,80.654198,80.758582,1,1
10280,zunyi,2024,69.712166,74.938757,77.493776,1,1
10281,zunyi,2024,74.797325,76.815285,77.352667,1,1
10282,zunyi,2024,82.163170,81.269062,81.954543,1,1
10283,zunyi,2024,82.666153,82.767128,82.506417,0,1
10284,zunyi,2024,84.695694,82.574183,82.373456,1,1
10285,zunyi,2024,74.658600,81.913301,82.624630,1,1
10286,zunyi,2024,75.308731,79.601736,80.344376,1,1
10287,zunyi,2024,84.877029,81.546710,82.133942,1,1
10288,zunyi,2024,79.789803,82.413054,82.678322,1,1
10289,zunyi,2024,82.688156,81.948283,81.680721,0,1
10290,zunyi,2024,84.019142,82.345056,82.371542,1,1
10291,zunyi,2024,77.980804,80.503446,81.141148,0,1
10292,zunyi,2024,79.753441,79.835218,80.356793,0,1
10293,zunyi,2024,77.089378,81.938917,81.463122,0,1
10294,zunyi,2024,80.339867,80.905095,81.281679,0,1
10295,zunyi,2024,69.511711,81.557852,83.339258,0,1
10296,zunyi,2024,76.533562,81.613803,81.843881,1,1
10297,zunyi,2024,75.976959,79.503389,80.660817,0,1
10298,zunyi,2024,83.775566,83.828183,83.912176,0,1
10299,zunyi,2024,77.693275,78.396554,79.945744,0,1
10300,zunyi,2024,79.921440,79.232613,79.845813,0,1
10301,zunyi,2024,81.849129,80.755536,80.886944,1,1
10302,zunyi,2024,83.946518,83.154989,83.228506,1,1
10303,zunyi,2024,77.652374,78.777995,80.343419,1,1
10304,zunyi,2024,84.580299,85.996347,88.047712,1,1
10305,zunyi,2024,80.253632,79.305191,80.139576,0,1
10306,zunyi,2024,77.423737,78.794856,78.564279,1,1
10307,zunyi,2024,82.111534,80.970587,81.555388,0,1
10308,zunyi,2024,88.251511,84.131145,83.512634,0,1
10309,zunyi,2024,76.476242,80.045829,79.903059,1,1
10310,zunyi,2024,77.702751,81.461452,81.688931,0,1
10311,zunyi,2024,86.124817,82.056881,82.432656,0,1
10312,zunyi,2024,92.776573,87.393717,87.970096,0,1
10313,zunyi,2024,74.301453,77.558915,78.145627,1,1
10314,zunyi,2024,78.639046,82.889978,82.055540,0,1
10315,zunyi,2024,77.889412,81.040692,81.174877,1,1
10316,zunyi,2024,82.016144,81.331101,81.845752,1,1
10317,zunyi,2024,77.330811,79.394535,79.027884,0,1
10318,zunyi,2024,82.452568,79.976909,80.999413,1,1
10319,zunyi,2024,76.456642,77.624899,79.168024,0,1
10320,zunyi,2024,81.775871,79.323928,79.971876,1,1
10321,zunyi,2024,77.309242,79.709262,79.384774,1,1
10322,zunyi,2024,78.037003,77.459626,78.115566,1,1
10323,zunyi,2024,68.481384,77.337871,77.560135,1,1
10324,zunyi,2024,70.122421,76.686338,79.063409,0,1
10325,zunyi,2024,70.303680,78.999308,80.880111,1,1
10326,zunyi,2024,81.267883,81.263454,81.993264,0,1
10327,zunyi,2024,81.386276,79.268898,80.058958,0,1
10328,zunyi,2024,65.178360,78.504885,79.723730,1,1
10329,zunyi,2024,79.944519,83.887525,83.516492,1,1
10330,zunyi,2024,78.248642,80.141344,82.675972,0,1
10331,zunyi,2024,79.995644,82.289273,82.927743,1,1
10332,zunyi,2024,73.529121,77.709279,77.801212,1,1
10333,zunyi,2024,86.753998,84.119544,84.445531,0,1
10334,zunyi,2024,64.247917,77.325928,79.391264,0,1
10335,zunyi,2024,75.342514,79.068452,80.232315,0,1
10336,zunyi,2024,85.000710,83.979919,85.083989,0,1
10337,zunyi,2024,82.947319,83.683814,84.152378,0,1
10338,zunyi,2024,73.129913,81.211442,82.235243,1,1
10339,zunyi,2024,80.026970,80.201411,81.630471,0,1
10340,zunyi,2024,87.861664,82.854777,84.237959,0,1
10341,zunyi,2024,80.083694,83.039378,83.686654,0,1
10342,zunyi,2024,83.975014,80.857714,81.121452,1,1
10343,zunyi,2024,78.865257,80.981392,80.676490,1,1
10344,zunyi,2024,79.241669,79.627792,81.184844,0,1
10345,zunyi,2024,88.569763,84.988724,84.612817,1,1
10346,zunyi,2024,59.349239,74.472258,76.796655,1,1
10347,zunyi,2024,83.570984,84.745494,84.548547,0,1
10348,zunyi,2024,84.703293,81.937722,83.102755,1,1
10349,zunyi,2024,88.989326,84.131312,85.410620,0,1
10350,zunyi,2024,83.244225,81.504010,83.588415,0,1
10351,zunyi,2024,87.370972,84.662266,84.885561,0,1
10352,zunyi,2024,83.538139,80.553775,81.207916,1,1
10353,zunyi,2024,82.358253,83.641925,83.478390,1,1
10354,zunyi,2024,79.047676,84.139052,84.466809,1,1
10355,zunyi,2024,77.521858,78.889701,80.428971,1,1
10356,zunyi,2024,80.890564,78.339791,79.533776,1,1
10357,zunyi,2024,70.185822,81.633950,81.705313,0,1
10358,zunyi,2024,75.433144,77.743440,78.276139,0,1
10359,zunyi,2024,77.626991,80.467395,80.342672,1,1
10360,zunyi,2024,79.101822,81.291325,83.441230,1,1
10361,zunyi,2024,66.125694,77.565424,77.882489,0,1
10362,zunyi,2024,75.807365,76.762187,77.705495,1,1
10363,zunyi,2024,71.055122,81.738552,83.063405,1,1
10364,zunyi,2024,79.143364,80.984896,81.747839,0,1
10365,zunyi,2024,78.949081,85.274197,84.187998,1,1
10366,zunyi,2024,80.641556,80.304375,81.740614,1,1
10367,zunyi,2024,79.037964,80.591963,80.091979,1,1
10368,zunyi,2024,76.438034,84.483588,84.161945,1,1
10369,zunyi,2024,81.170723,79.942593,80.325699,1,1
10370,zunyi,2024,85.775482,82.865196,83.207433,1,1
10371,zunyi,2024,78.039948,77.712492,79.783418,0,1
10372,zunyi,2024,83.812469,79.929455,80.860559,1,1
10373,zunyi,2024,81.626907,82.565054,83.005931,0,1
10374,zunyi,2024,69.135681,82.235085,83.397313,1,1
10375,zunyi,2024,87.100533,84.523934,84.706007,0,1
10376,zunyi,2024,65.703201,77.471564,77.606037,0,1
10377,zunyi,2024,75.648865,78.464107,78.822449,1,1
10378,zunyi,2024,80.488861,81.865302,81.991111,0,1
10379,zunyi,2024,81.452614,80.344005,81.272200,0,1
10380,zunyi,2024,69.304970,81.634047,82.849423,0,1
10381,zunyi,2024,76.325211,78.689725,79.383477,1,1
10382,zunyi,2024,79.882225,80.078191,80.519732,1,1
10383,zunyi,2024,69.480247,77.986743,78.146949,0,1
10384,zunyi,2024,87.864319,84.284966,84.624338,1,1
10385,zunyi,2024,68.621429,79.378485,79.333120,0,1
10386,zunyi,2024,87.275093,83.477428,83.225755,0,1
10387,zunyi,2024,77.449173,78.871548,78.887079,1,1
10388,zunyi,2024,78.973320,82.540930,81.713066,1,1
10389,zunyi,2024,79.140007,81.628677,82.211188,1,1
10390,zunyi,2024,72.415276,76.120046,77.153129,1,1
10391,zunyi,2024,80.622879,83.605484,83.515006,1,1
10392,zunyi,2024,86.484489,84.809932,84.872351,1,1
10393,zunyi,2024,80.633751,81.780822,82.015871,1,1
10394,zunyi,2024,86.855019,83.353185,83.320069,1,1
10395,zunyi,2024,82.252281,79.602764,80.284210,1,1
10396,zunyi,2024,68.678169,87.955474,89.412960,1,1
10397,zunyi,2024,76.059509,78.334406,78.230034,1,1
10398,zunyi,2024,72.797722,78.341074,81.254299,1,1
10399,zunyi,2024,78.365448,78.737746,80.046746,0,1
10400,zunyi,2024,86.019676,84.330428,83.979403,1,1
10401,zunyi,2024,79.577553,80.699760,82.307806,1,1
10402,zunyi,2024,86.117813,83.307121,84.030442,1,1
10403,zunyi,2024,82.832497,79.079652,81.107061,0,1
10404,zunyi,2024,75.829178,79.354193,79.733022,0,1
10405,zunyi,2024,78.894028,81.472622,81.783502,0,1
10406,zunyi,2024,80.427971,79.550429,80.243971,0,1
10407,zunyi,2024,80.153343,81.776708,82.193746,0,1
10408,zunyi,2024,75.421043,80.251014,81.727620,0,1
10409,zunyi,2024,80.042404,78.693037,78.912310,1,1
10410,zunyi,2024,71.576164,77.921302,78.741493,0,1
10411,zunyi,2024,76.539803,80.537731,80.690248,0,1
10412,zunyi,2024,86.905289,83.437372,83.582722,1,1
10413,zunyi,2024,74.437111,77.078567,78.526323,1,1
10414,zunyi,2024,74.898270,78.281622,79.838458,1,1
10415,zunyi,2024,80.125526,79.583752,81.440588,1,1
10416,zunyi,2024,80.498604,82.139013,82.265946,0,1
10417,zunyi,2024,81.687836,81.651020,81.059019,1,1
10418,zunyi,2024,81.963730,81.589311,82.337749,1,1
10419,zunyi,2024,89.219597,83.294086,83.267985,0,1
10420,zunyi,2024,81.956306,80.911114,81.533849,1,1
10421,zunyi,2024,82.533371,82.763685,82.705708,1,1
10422,zunyi,2024,84.498299,81.015447,81.560794,1,1
10423,zunyi,2024,73.965744,77.601007,78.505236,1,1
10424,zunyi,2024,80.429985,80.153414,80.682628,1,1
10425,zunyi,2024,88.481613,86.160686,86.932977,0,1
10426,zunyi,2024,82.669571,81.260527,81.553567,0,1
10427,zunyi,2024,82.092438,82.062050,81.838408,1,1
10428,zunyi,2024,82.576927,80.034437,81.498821,0,1
10429,zunyi,2024,76.834435,79.081936,78.899860,0,1
10430,zunyi,2024,87.598663,83.248327,83.063803,1,1
10431,zunyi,2024,84.831825,84.011677,83.743134,0,1
10432,zunyi,2024,86.614273,80.923175,81.989204,0,1
10433,zunyi,2024,81.426201,79.620407,80.940759,0,1
10434,zunyi,2024,77.922615,78.183705,79.014913,1,1
10435,zunyi,2024,81.708733,82.408212,82.132790,1,1
10436,zunyi,2024,81.915161,82.797348,81.862628,0,1
10437,zunyi,2024,82.937393,81.686168,82.339176,0,1
10438,zunyi,2024,80.765900,80.576055,80.722067,0,1
10439,zunyi,2024,80.614525,79.934839,80.653672,0,1
10440,zunyi,2024,81.289703,81.682475,81.507273,0,1
10441,zunyi,2024,82.241394,82.591741,82.062411,1,1
10442,zunyi,2024,82.691559,79.903116,81.694753,1,1
10443,zunyi,2024,78.152725,81.356451,83.879755,0,1
10444,zunyi,2024,78.564163,80.439816,81.514012,1,1
10445,zunyi,2024,83.047501,83.010409,83.858446,1,1
10446,zunyi,2024,72.505905,76.438816,77.772874,1,1
10447,zunyi,2024,79.569366,78.720810,79.853555,0,1
10448,zunyi,2024,71.898384,80.630260,79.697587,0,1
10449,zunyi,2024,76.785400,78.268445,80.584605,0,1
10450,zunyi,2024,75.100754,79.777092,81.605628,0,1
10451,zunyi,2024,83.987915,81.263432,81.734619,0,1
10452,zunyi,2024,80.682739,83.770209,85.100215,0,1
10453,zunyi,2024,88.513947,83.438257,83.410802,0,1
10454,zunyi,2024,76.725113,79.594867,79.661861,1,1
10455,zunyi,2024,66.962364,81.027464,82.495807,0,1
10456,zunyi,2024,86.165794,86.148328,86.857183,1,1
10457,zunyi,2024,87.472054,82.536861,82.188202,0,1
10458,zunyi,2024,82.767960,82.198738,82.544833,0,1
10459,zunyi,2024,79.456505,80.490385,80.384672,1,1
10460,zunyi,2024,81.418388,80.517931,80.975137,1,1
10461,zunyi,2024,83.596855,83.868877,83.830492,0,1
10462,zunyi,2024,80.333046,79.677391,80.156449,0,1
10463,zunyi,2024,88.334885,83.174786,84.201257,1,1
10464,zunyi,2024,72.760315,77.616456,79.274579,1,1
10465,zunyi,2024,83.676292,80.850707,81.872464,1,1
10466,zunyi,2024,82.335648,85.156296,85.195942,0,1
10467,zunyi,2024,,,,0,0
10468,zunyi,2024,83.217972,80.907314,81.687709,0,1
10469,zunyi,2024,76.715866,80.417637,80.690696,1,1
10470,zunyi,2024,82.846329,83.604608,84.460959,1,1
10471,zunyi,2024,77.327362,79.344363,80.922081,0,1
10472,zunyi,2024,84.151566,81.612195,82.015689,0,1
10473,zunyi,2024,71.885773,78.442383,81.068335,1,1
10474,zunyi,2024,80.136368,79.197407,79.556067,0,1
10475,zunyi,2024,79.911766,80.862790,80.822340,1,1
10476,zunyi,2024,80.372742,82.440440,82.320699,0,1
10477,zunyi,2024,87.459427,84.984041,84.573718,0,1
10478,zunyi,2024,80.233505,81.338543,81.873515,1,1
10479,zunyi,2024,78.320679,85.421682,87.088302,0,1
10480,zunyi,2024,84.841743,82.158622,82.489436,0,1
10481,zunyi,2024,79.788193,83.296907,84.460180,1,1
10482,zunyi,2024,79.662552,81.159414,81.163498,1,1
10483,zunyi,2024,77.398926,79.743548,81.281903,0,1
10484,zunyi,2024,66.859993,79.838785,82.121511,0,1
10485,zunyi,2024,87.009987,84.872087,85.613404,1,1
10486,zunyi,2024,,,,0,0
10487,zunyi,2024,77.539810,78.635787,79.059486,0,1
10488,zunyi,2024,87.146500,84.976042,84.903161,1,1
10489,zunyi,2024,80.970070,83.708643,83.405406,0,1
10490,zunyi,2024,75.074707,81.220512,81.864897,1,1
10491,zunyi,2024,81.784966,80.395203,81.152763,0,1
10492,zunyi,2024,77.510071,78.337170,78.589334,0,1
10493,zunyi,2024,73.430344,77.697699,79.107751,0,1
10494,zunyi,2024,84.518723,81.557503,83.178981,0,1
10495,zunyi,2024,75.041504,84.509283,84.360748,1,1
10496,zunyi,2024,72.359207,82.266800,82.160055,1,1
10497,zunyi,2024,74.632782,79.236000,79.359626,0,1
10498,zunyi,2024,88.365570,83.727269,84.078472,0,1
10499,zunyi,2024,77.441437,78.759876,79.389157,0,1
10500,zunyi,2024,75.225479,79.959408,82.138994,1,1
10501,zunyi,2024,85.183289,83.414313,84.327642,1,1
10502,zunyi,2024,84.830696,81.612320,82.136715,1,1
10503,zunyi,2024,82.083649,84.221551,84.148751,0,1
10504,zunyi,2024,77.138039,78.563868,78.944796,1,1
10505,zunyi,2024,75.781784,79.359322,79.501149,1,1
10506,zunyi,2024,84.906181,82.041672,82.595102,0,1
10507,zunyi,2024,79.792313,80.544541,80.554115,1,1
10508,zunyi,2024,72.248085,82.242730,84.036271,0,1
10509,zunyi,2024,82.647736,81.695312,82.035015,0,1
10510,zunyi,2024,86.362892,81.673079,82.427396,0,1
10511,zunyi,2024,79.891327,81.970362,82.925860,1,1
10512,zunyi,2024,81.137886,83.862906,84.529549,1,1
10513,zunyi,2024,67.064629,82.939071,84.227620,1,1
10514,zunyi,2024,80.492523,81.423960,81.118476,0,1
10515,zunyi,2024,78.621674,81.761661,81.266659,0,1
10516,zunyi,2024,82.881371,80.987014,81.735332,0,1
10517,zunyi,2024,79.694397,78.792133,79.075434,0,1
10518,zunyi,2024,78.893661,86.889128,86.828309,0,1
10519,zunyi,2024,65.603462,82.854981,82.849334,0,1
10520,zunyi,2024,81.474335,79.670657,79.952686,1,1
10521,zunyi,2024,69.845184,80.203947,81.928671,1,1
10522,zunyi,2024,86.211250,82.747251,82.937574,1,1
10523,zunyi,2024,84.865227,82.539291,82.540767,0,1
10524,zunyi,2024,82.424263,83.109391,84.149093,1,1
10525,zunyi,2024,86.366478,83.179069,83.101510,0,1
10526,zunyi,2024,85.300545,83.037618,82.748989,1,1
10527,zunyi,2024,70.205139,82.534087,82.139070,0,1
10528,zunyi,2024,79.904434,80.800221,81.785542,1,1
10529,zunyi,2024,82.209305,82.533147,83.447643,0,1
10530,zunyi,2024,82.206314,85.016776,85.445225,0,1
10531,zunyi,2024,86.326935,87.384232,86.943859,0,1
10532,zunyi,2024,82.363220,82.875857,82.743049,1,1
10533,zunyi,2024,65.150917,81.458966,82.864257,1,1
10534,zunyi,2024,75.988235,80.339969,82.623090,1,1
10535,zunyi,2024,88.037598,87.533600,87.826485,0,1
10536,zunyi,2024,87.314827,82.853380,83.379949,0,1
10537,zunyi,2024,78.512695,78.939751,79.631486,0,1
10538,zunyi,2024,82.972420,80.647699,81.047604,0,1
10539,zunyi,2024,79.285309,80.424287,82.279781,1,1
10540,zunyi,2024,82.831642,82.529658,83.250803,0,1
10541,zunyi,2024,83.109756,81.712328,81.941790,0,1
10542,zunyi,2024,83.307335,82.427161,82.435279,0,1
10543,zunyi,2024,80.675697,83.919544,83.854611,1,1
10544,zunyi,2024,66.536331,81.356728,81.847715,1,1
10545,zunyi,2024,69.413155,80.200688,81.251195,0,1
10546,zunyi,2024,79.042969,78.963922,80.728276,0,1
10547,zunyi,2024,82.185654,79.892976,80.604152,0,1
10548,zunyi,2024,70.230469,76.793378,79.902663,1,1
10549,zunyi,2024,78.988441,79.516184,82.071331,0,1
10550,zunyi,2024,67.104546,76.434224,78.389794,1,1
10551,zunyi,2024,,,,0,0
10552,zunyi,2024,76.455460,77.691803,78.031535,1,1
10553,zunyi,2024,75.757423,78.640467,79.806160,1,1
10554,zunyi,2024,81.740746,81.265617,81.321435,1,1
10555,zunyi,2024,82.780029,81.826728,81.565273,1,1
10556,zunyi,2024,79.227486,80.278344,80.017935,1,1
10557,zunyi,2024,65.454063,80.765456,82.577872,0,1
10558,zunyi,2024,91.658737,89.661206,89.292438,0,1
10559,zunyi,2024,79.241699,81.653807,83.415517,1,1
10560,zunyi,2024,77.445000,82.265831,82.379295,0,1
10561,zunyi,2024,66.404518,75.467092,77.839936,0,1
10562,zunyi,2024,74.877563,80.408236,81.180869,0,1
10563,zunyi,2024,86.387215,83.938027,85.098377,0,1
10564,zunyi,2024,69.302162,77.431753,79.372342,0,1
10565,zunyi,2024,81.660950,80.257111,81.144902,0,1
10566,zunyi,2024,89.316193,82.379954,83.802831,1,1
10567,zunyi,2024,72.636711,82.968544,82.592558,0,1
10568,zunyi,2024,74.221909,80.410687,80.075780,1,1
10569,zunyi,2024,79.199440,81.804243,81.852267,1,1
10570,zunyi,2024,82.416817,82.613345,82.792953,1,1
10571,zunyi,2024,65.903137,82.037708,81.067105,0,1
10572,zunyi,2024,81.958618,81.428364,81.179224,1,1
10573,zunyi,2024,74.552460,84.560881,84.622731,0,1
10574,zunyi,2024,73.251656,75.662094,77.315841,0,1
10575,zunyi,2024,81.379578,80.497427,81.010340,0,1
10576,zunyi,2024,73.163544,80.916621,80.052918,0,1
10577,zunyi,2024,83.506104,81.026805,81.250292,1,1
10578,zunyi,2024,78.821373,82.436740,83.371589,0,1
10579,zunyi,2024,59.289711,77.182346,77.916167,0,1
10580,zunyi,2024,83.238724,81.294378,81.888135,0,1
10581,zunyi,2024,80.735970,79.923192,81.283247,1,1
10582,zunyi,2024,86.793655,83.040781,83.022969,1,1
10583,zunyi,2024,86.976288,85.817592,85.351670,0,1
10584,zunyi,2024,70.958244,78.970911,79.144723,1,1
10585,zunyi,2024,78.210098,78.858481,79.105584,1,1
10586,zunyi,2024,90.946266,83.279829,83.795094,1,1
10587,zunyi,2024,79.223221,80.923137,79.994806,0,1
10588,zunyi,2024,75.032356,83.436198,85.505280,0,1
10589,zunyi,2024,,83.453171,84.905562,0,0
10590,zunyi,2024,75.083588,78.005902,78.623163,1,1
10591,zunyi,2024,77.066521,78.475074,79.500980,1,1
10592,zunyi,2024,86.383926,82.633647,83.733254,0,1
10593,zunyi,2024,76.388100,82.601494,82.002508,0,1
10594,zunyi,2024,89.148003,87.613801,87.582848,1,1
10595,zunyi,2024,83.110878,82.309601,81.793391,0,1
10596,zunyi,2024,77.255409,80.982527,81.200968,1,1
10597,zunyi,2024,84.918259,83.598867,83.594175,0,1
10598,zunyi,2024,84.336319,82.666092,84.376009,1,1
10599,zunyi,2024,76.616043,76.019627,77.761601,1,1
10600,zunyi,2024,69.346252,77.113739,79.266780,0,1
10601,zunyi,2024,72.530106,77.760054,78.159864,0,1
10602,zunyi,2024,77.670288,80.304078,79.823652,0,1
10603,zunyi,2024,84.525909,82.515311,82.839758,1,1
10604,zunyi,2024,81.761620,80.317042,80.931576,0,1
10605,zunyi,2024,81.735786,81.716298,81.920096,1,1
10606,zunyi,2024,66.934822,75.859913,77.497233,0,1
10607,zunyi,2024,73.501297,77.782809,78.323997,0,1
10608,zunyi,2024,85.912842,84.971594,85.559189,0,1
10609,zunyi,2024,73.663712,81.169710,80.655374,1,1
10610,zunyi,2024,87.115517,84.741498,84.882988,1,1
10611,zunyi,2024,79.981438,79.382643,80.574140,1,1
10612,zunyi,2024,81.438667,79.316003,80.330555,1,1
10613,zunyi,2024,79.541916,83.804264,84.593600,1,1
10614,zunyi,2024,74.321701,78.197023,78.539123,1,1
10615,zunyi,2024,82.577484,80.704780,82.018232,1,1
10616,zunyi,2024,76.121223,77.729818,79.477966,1,1
10617,zunyi,2024,91.742149,87.183773,87.835733,1,1
10618,zunyi,2024,76.554092,78.081154,79.605386,0,1
10619,zunyi,2024,78.350403,79.440986,80.831690,1,1
10620,zunyi,2024,83.664635,86.396375,86.119229,0,1
10621,zunyi,2024,77.561516,81.353359,82.920185,1,1
10622,zunyi,2024,89.949486,84.738172,84.735402,0,1
10623,zunyi,2024,77.740250,79.915389,80.731334,0,1
10624,zunyi,2024,84.576019,82.146851,82.120450,0,1
10625,zunyi,2024,85.049675,83.801123,84.405384,0,1
10626,zunyi,2024,82.140495,80.768572,81.678587,0,1
10627,zunyi,2024,79.472649,82.475054,83.033682,1,1
10628,zunyi,2024,79.270988,81.005369,80.747009,1,1
10629,zunyi,2024,75.874504,81.526705,81.917901,0,1
10630,zunyi,2024,80.914734,81.479411,81.403888,0,1
10631,zunyi,2024,79.576385,78.901772,79.967508,0,1
10632,zunyi,2024,80.136269,83.837461,84.396348,1,1
10633,zunyi,2024,85.308975,83.361914,83.528293,0,1
10634,zunyi,2024,73.519569,81.015261,80.793570,0,1
10635,zunyi,2024,62.924240,80.101758,79.576289,1,1
10636,zunyi,2024,88.645363,85.407611,85.027854,1,1
10637,zunyi,2024,79.787666,81.042959,83.007524,0,1
10638,zunyi,2024,86.546310,82.617910,83.947465,0,1
10639,zunyi,2024,86.896881,81.568677,81.932063,1,1
10640,zunyi,2024,81.705490,84.703050,84.901643,0,1
10641,zunyi,2024,74.981758,77.909049,78.872393,1,1
10642,zunyi,2024,78.858253,82.563212,82.335129,1,1
10643,zunyi,2024,94.095924,90.502194,90.514483,0,1
10644,zunyi,2024,75.348282,83.163598,84.470443,0,1
10645,zunyi,2024,82.115593,84.462820,84.269786,0,1
10646,zunyi,2024,77.838203,79.678718,80.452982,1,1
10647,zunyi,2024,73.175797,79.083123,79.775108,1,1
10648,zunyi,2024,85.198059,82.220386,82.948561,0,1
10649,zunyi,2024,79.816765,80.851336,80.666776,0,1
10650,zunyi,2024,77.682274,78.411809,78.490316,1,1
10651,zunyi,2024,73.922363,84.081475,86.338331,0,1
10652,zunyi,2024,73.294197,80.668517,79.969537,0,1
10653,zunyi,2024,86.123520,85.388296,86.506032,0,1
10654,zunyi,2024,77.667717,80.624859,80.444140,0,1
10655,zunyi,2024,79.070526,78.503395,79.365642,1,1
10656,zunyi,2024,74.713356,78.275459,77.501143,1,1
10657,zunyi,2024,81.985458,81.847911,82.523098,0,1
10658,zunyi,2024,69.916267,78.572673,79.369930,0,1
10659,zunyi,2024,62.280060,80.558624,80.055581,1,1
10660,zunyi,2024,81.991508,83.017180,83.003187,1,1
10661,zunyi,2024,80.031570,79.896245,79.452565,1,1
10662,zunyi,2024,87.676064,83.854430,84.645440,1,1
10663,zunyi,2024,80.341370,81.610143,81.556712,0,1
10664,zunyi,2024,76.683823,78.375107,79.144072,0,1
10665,zunyi,2024,83.415184,82.079815,82.539088,0,1
10666,zunyi,2024,63.342083,76.572747,78.768993,0,1
10667,zunyi,2024,82.758316,81.414417,82.577040,1,1
10668,zunyi,2024,77.794281,77.984486,80.164429,1,1
10669,zunyi,2024,75.869675,77.204195,78.758788,0,1
10670,zunyi,2024,82.734299,84.484948,83.940232,1,1
10671,zunyi,2024,77.742401,80.328168,81.574802,0,1
10672,zunyi,2024,72.303787,82.138469,84.340333,0,1
10673,zunyi,2024,80.534813,80.051806,80.129056,0,1
10674,zunyi,2024,78.847786,78.809409,80.030958,1,1
10675,zunyi,2024,77.672752,78.589351,79.536502,1,1
10676,zunyi,2024,79.496666,77.891757,79.122593,1,1
10677,zunyi,2024,73.689445,79.472069,81.394470,0,1
10678,zunyi,2024,80.168327,78.889963,80.233606,0,1
10679,zunyi,2024,84.015228,81.020206,80.977006,1,1
10680,zunyi,2024,74.344009,83.111608,82.767804,1,1
10681,zunyi,2024,80.824348,80.874901,81.880031,1,1
10682,zunyi,2024,78.590096,85.528107,84.749726,0,1
10683,zunyi,2024,77.469208,80.498653,82.037851,1,1
10684,zunyi,2024,80.494743,79.350755,80.074284,0,1
10685,zunyi,2024,78.030151,78.766864,81.060612,1,1
10686,zunyi,2024,81.228081,80.560421,80.588881,0,1
10687,zunyi,2024,74.856529,79.643574,80.384251,0,1
10688,zunyi,2024,85.082016,82.939841,84.243338,0,1
10689,zunyi,2024,76.826927,76.571302,79.394191,1,1
10690,zunyi,2024,82.815514,80.708749,81.471075,0,1
10691,zunyi,2024,85.722580,82.891556,83.883104,0,1
10692,zunyi,2024,73.920105,80.843029,80.415563,1,1
10693,zunyi,2024,78.648499,78.338513,79.254790,1,1
10694,zunyi,2024,90.079376,84.368449,85.141492,0,1
10695,zunyi,2024,83.148560,80.273783,81.740570,0,1
10696,zunyi,2024,86.059830,82.500630,82.408409,1,1
10697,zunyi,2024,84.903702,86.257725,86.719472,1,1
10698,zunyi,2024,83.778709,81.993919,82.255891,0,1
10699,zunyi,2024,75.373779,76.123481,78.622007,1,1
10700,zunyi,2024,78.835060,79.852883,80.510742,1,1
10701,zunyi,2024,69.982643,75.107751,76.938894,1,1
10702,zunyi,2024,69.565376,79.731883,80.076333,0,1
10703,zunyi,2024,78.636154,81.662651,81.400165,1,1
10704,zunyi,2024,81.260826,81.658422,82.628935,0,1
10705,zunyi,2024,87.164932,82.547199,83.496894,0,1
10706,zunyi,2024,83.183205,81.973758,84.226914,0,1
10707,zunyi,2024,76.953804,78.286472,79.301918,0,1
10708,zunyi,2024,80.335129,78.829305,80.594946,0,1
10709,zunyi,2024,83.300522,82.170971,83.654353,1,1
10710,zunyi,2024,75.638359,79.687032,80.887460,0,1
10711,zunyi,2024,85.341385,84.584796,84.038028,1,1
10712,zunyi,2024,80.976746,79.392864,80.298901,1,1
10713,zunyi,2024,72.352097,80.570678,81.325434,1,1
10714,zunyi,2024,79.116615,79.342779,79.448803,0,1
10715,zunyi,2024,78.921402,80.941821,80.780574,0,1
10716,zunyi,2024,80.492035,81.564131,82.272918,1,1
10717,zunyi,2024,76.477379,77.714206,78.841084,1,1
10718,zunyi,2024,65.458374,81.837333,82.795766,0,1
10719,zunyi,2024,80.259552,80.365632,82.470189,0,1
10720,zunyi,2024,78.609261,80.801896,80.829745,0,1
10721,zunyi,2024,76.765213,78.570460,79.635487,0,1
10722,zunyi,2024,65.406326,76.853609,78.167285,0,1
10723,zunyi,2024,88.197914,82.739299,83.526668,0,1
10724,zunyi,2024,88.032860,83.512838,84.391684,1,1
10725,zunyi,2024,77.057236,77.525929,77.971188,1,1
10726,zunyi,2024,78.780144,79.504310,79.634968,0,1
10727,zunyi,2024,80.065742,80.351024,82.299589,0,1
10728,zunyi,2024,88.024452,83.573149,84.848359,0,1
10729,zunyi,2024,87.046310,84.589109,85.860438,1,1
10730,zunyi,2024,73.198128,78.519601,79.285888,1,1
10731,zunyi,2024,78.203682,80.692779,80.766326,0,1
10732,zunyi,2024,76.973221,81.620888,82.533165,0,1
10733,zunyi,2024,80.999687,80.951725,80.765344,1,1
10734,zunyi,2024,84.203392,81.272391,81.715173,1,1
10735,zunyi,2024,73.141731,76.162311,76.734910,0,1
10736,zunyi,2024,66.188545,75.692983,75.971615,0,1
10737,zunyi,2024,77.196655,80.219228,80.764420,0,1
10738,zunyi,2024,81.491211,82.456273,82.225538,1,1
10739,zunyi,2024,81.755096,82.443264,83.442298,1,1
10740,zunyi,2024,73.827660,81.150161,80.922280,1,1
10741,zunyi,2024,78.050980,80.863145,80.709398,0,1
10742,zunyi,2024,81.085861,80.457899,81.004591,1,1
10743,zunyi,2024,72.950691,79.222146,81.602541,0,1
10744,zunyi,2024,76.424126,82.421858,84.317869,1,1
10745,zunyi,2024,81.191582,79.007712,81.786544,1,1
10746,zunyi,2024,77.214920,77.911931,79.120067,1,1
10747,zunyi,2024,70.448219,81.011571,81.832912,1,1
10748,zunyi,2024,72.509468,78.787642,78.154452,1,1
10749,zunyi,2024,65.746689,79.303944,79.072704,0,1
10750,zunyi,2024,69.123337,76.734881,77.732779,0,1
10751,zunyi,2024,73.781288,83.430070,84.646784,1,1
10752,zunyi,2024,68.148598,83.807717,83.949705,0,1
10753,zunyi,2024,78.723923,82.085147,83.342285,1,1
10754,zunyi,2024,66.145760,78.666544,81.079767,1,1
10755,zunyi,2024,77.611824,80.985716,80.984950,0,1
10756,zunyi,2024,86.593658,82.263466,83.162694,1,1
10757,zunyi,2024,73.799095,78.826892,80.230946,0,1
10758,zunyi,2024,67.378777,83.721446,85.921543,0,1
10759,zunyi,2024,76.116760,79.690100,80.982935,1,1
10760,zunyi,2024,68.625458,78.585241,79.209646,1,1
10761,zunyi,2024,85.928169,83.665030,84.862658,1,1
10762,zunyi,2024,79.628853,84.542288,84.523920,1,1
10763,zunyi,2024,91.466537,85.232252,86.304468,1,1
10764,zunyi,2024,81.001694,82.442282,83.110788,1,1
10765,zunyi,2024,87.758774,86.009255,85.840013,1,1
10766,zunyi,2024,82.045334,81.835479,82.351376,1,1
10767,zunyi,2024,77.373917,78.035988,79.484428,1,1
10768,zunyi,2024,73.642799,76.737877,77.883143,0,1
10769,zunyi,2024,69.635025,81.216187,81.543895,0,1
10770,zunyi,2024,88.126793,86.171565,85.511448,0,1
10771,zunyi,2024,79.141388,80.380316,80.248124,0,1
10772,zunyi,2024,64.375954,76.570557,78.222381,0,1
10773,zunyi,2024,68.898087,80.379348,80.680599,0,1
10774,zunyi,2024,79.554146,79.085408,79.738398,0,1
10775,zunyi,2024,74.486366,79.020386,79.457902,0,1
10776,zunyi,2024,78.645218,82.655941,83.379263,1,1
10777,zunyi,2024,60.375488,77.583201,77.402477,0,1
10778,zunyi,2024,75.584579,83.706492,84.782028,0,1
10779,zunyi,2024,50.605076,81.369379,81.832857,0,1
10780,zunyi,2024,77.344650,80.812205,80.711927,1,1
10781,zunyi,2024,68.780556,77.670325,78.629072,1,1
10782,zunyi,2024,80.387428,81.012054,83.830744,0,1
10783,zunyi,2024,77.743095,83.364695,84.330717,1,1
10784,zunyi,2024,73.346230,78.129660,78.641895,0,1
10785,zunyi,2024,75.362442,80.845536,82.803542,0,1
10786,zunyi,2024,85.090675,81.824034,83.770660,0,1
10787,zunyi,2024,78.929016,78.853333,79.083819,1,1
10788,zunyi,2024,67.784576,80.103759,81.465335,1,1
10789,zunyi,2024,81.732040,80.216181,81.222986,1,1
10790,zunyi,2024,49.387280,82.118816,82.110530,1,1
10791,zunyi,2024,65.454742,84.554031,83.993949,1,1
10792,zunyi,2024,80.440506,78.432771,78.950005,1,1
10793,zunyi,2024,83.307281,85.465742,86.402681,0,1
10794,zunyi,2024,60.750229,74.311388,75.239369,1,1
10795,zunyi,2024,85.084099,83.248461,84.488019,1,1
10796,zunyi,2024,82.991112,80.542634,80.563301,0,1
10797,zunyi,2024,76.485756,83.022235,83.234032,0,1
10798,zunyi,2024,77.889877,81.975518,82.373775,0,1
10799,zunyi,2024,65.979866,75.844569,76.047877,0,1
10800,zunyi,2024,76.890427,81.986927,83.665525,0,1
10801,zunyi,2024,71.922638,85.726944,86.214368,0,1
10802,zunyi,2024,83.011070,81.334789,82.025928,0,1
10803,zunyi,2024,81.111557,80.877281,82.816743,1,1
10804,zunyi,2024,77.244850,79.882070,81.164897,1,1
10805,zunyi,2024,75.951271,82.911086,83.942807,1,1
10806,zunyi,2024,75.431046,79.347131,81.156054,1,1
10807,zunyi,2024,77.773109,80.467376,81.305109,1,1
10808,zunyi,2024,81.742409,79.962143,80.425948,0,1
10809,zunyi,2024,80.339119,80.718347,81.760032,0,1
10810,zunyi,2024,77.200157,80.219812,81.926579,0,1
10811,zunyi,2024,78.288307,81.124799,81.852501,0,1
10812,zunyi,2024,81.918381,80.931466,80.202364,0,1
10813,zunyi,2024,76.140526,80.385629,81.362245,1,1
10814,zunyi,2024,77.190483,78.860100,78.667427,1,1
10815,zunyi,2024,65.850967,75.397637,76.817756,1,1
10816,zunyi,2024,79.402473,80.995181,82.500439,0,1
10817,zunyi,2024,76.926682,79.891850,79.596390,0,1
10818,zunyi,2024,80.846771,81.405281,80.695138,0,1
10819,zunyi,2024,73.238113,79.279008,79.866349,0,1
10820,zunyi,2024,72.693108,76.832719,77.365452,1,1
10821,zunyi,2024,81.571823,80.723882,80.861570,1,1
10822,zunyi,2024,79.920670,79.258553,80.119769,0,1
10823,zunyi,2024,75.059685,78.679840,78.387910,1,1
10824,zunyi,2024,67.584953,78.432394,78.766667,1,1
10825,zunyi,2024,79.137131,79.898928,79.735045,1,1
10826,zunyi,2024,79.660797,79.661281,80.908950,1,1
10827,zunyi,2024,80.584686,81.585615,81.927104,1,1
10828,zunyi,2024,84.121033,81.928955,82.446469,0,1
10829,zunyi,2024,80.613190,81.958868,82.573759,1,1
10830,zunyi,2024,75.668282,78.036185,78.231398,1,1
10831,zunyi,2024,78.449211,78.584129,79.284555,0,1
10832,zunyi,2024,82.494423,83.364198,83.829779,0,1
10833,zunyi,2024,69.572678,77.135511,77.744002,1,1
10834,zunyi,2024,80.741547,80.632052,80.836321,1,1
10835,zunyi,2024,80.821106,79.608737,80.428763,0,1
10836,zunyi,2024,64.490204,81.189299,81.551490,0,1
10837,zunyi,2024,74.147964,76.265633,77.560305,1,1
10838,zunyi,2024,80.554062,79.791372,81.384429,1,1
10839,zunyi,2024,76.348808,77.862062,78.456622,1,1
10840,zunyi,2024,76.582649,78.426062,79.363949,0,1
10841,zunyi,2024,82.612312,84.506000,85.485662,1,1
10842,zunyi,2024,81.430229,82.377327,84.285035,1,1
10843,zunyi,2024,78.241638,79.682739,79.762026,1,1
10844,zunyi,2024,72.135727,81.340222,84.322054,0,1
10845,zunyi,2024,84.703590,85.089613,85.328562,0,1
10846,zunyi,2024,83.266312,81.467912,83.796291,1,1
10847,zunyi,2024,77.478027,78.615005,78.679830,1,1
10848,zunyi,2024,82.701653,81.616758,80.830657,0,1
10849,zunyi,2024,73.769714,83.324419,85.217184,1,1
10850,zunyi,2024,86.221924,85.191739,84.952177,1,1
10851,zunyi,2024,75.119560,78.452127,79.098242,1,1
10852,zunyi,2024,74.063713,82.288035,82.768332,0,1
10853,zunyi,2024,73.277481,76.617036,77.847917,0,1
10854,zunyi,2024,80.208466,78.668358,79.893534,1,1
10855,zunyi,2024,81.882011,80.216055,79.939721,0,1
10856,zunyi,2024,80.448929,80.043562,80.373460,1,1
10857,zunyi,2024,70.643669,81.200142,81.604672,0,1
10858,zunyi,2024,86.004898,83.888876,83.750683,0,1
10859,zunyi,2024,67.510429,74.768437,75.700721,1,1
10860,zunyi,2024,79.172585,83.115145,84.279347,0,1
10861,zunyi,2024,80.654091,84.744793,84.891721,0,1
10862,zunyi,2024,82.809273,81.847748,81.645762,1,1
10863,zunyi,2024,73.484383,84.739163,85.791175,0,1
10864,zunyi,2024,85.975471,81.910104,82.202735,1,1
10865,zunyi,2024,75.365051,82.105218,83.369802,0,1
10866,zunyi,2024,81.148514,82.170197,82.723728,1,1
10867,zunyi,2024,75.060532,82.100586,83.554986,1,1
10868,zunyi,2024,83.581093,80.800128,81.734492,1,1
10869,zunyi,2024,80.618111,79.426457,80.159993,0,1
10870,zunyi,2024,80.317703,78.370985,79.782519,0,1
10871,zunyi,2024,41.824722,79.821214,80.374123,1,1
10872,zunyi,2024,75.931793,79.709961,79.834071,1,1
10873,zunyi,2024,60.229706,81.014110,80.839984,0,1
10874,zunyi,2024,76.096352,80.277655,82.013400,1,1
10875,zunyi,2024,78.085945,79.683801,80.212211,0,1
10876,zunyi,2024,86.537903,82.627332,83.598186,0,1
10877,zunyi,2024,82.338303,81.182161,81.426967,1,1
10878,zunyi,2024,84.291321,80.121897,80.582248,1,1
10879,zunyi,2024,76.954117,81.195619,81.505926,0,1
10880,zunyi,2024,85.531006,83.268028,85.175558,1,1
10881,zunyi,2024,82.902115,82.383348,83.392957,1,1
10882,zunyi,2024,,,,0,0
10883,zunyi,2024,87.779907,82.598837,83.224863,1,1
10884,zunyi,2024,78.771446,80.278294,80.855647,0,1
10885,zunyi,2024,75.966026,77.921679,78.846775,1,1
10886,zunyi,2024,83.306602,85.288120,84.251063,0,1
10887,zunyi,2024,79.498001,77.467767,78.848288,0,1
10888,zunyi,2024,74.417770,83.725236,82.994438,1,1
10889,zunyi,2024,83.154312,81.480363,81.507185,0,1
10890,zunyi,2024,83.579475,81.558483,82.132871,0,1
10891,zunyi,2024,79.001266,82.024399,83.032321,1,1
10892,zunyi,2024,84.384880,84.395845,84.453334,1,1
10893,zunyi,2024,86.304230,82.174741,82.706498,0,1
10894,zunyi,2024,86.900848,81.272237,82.416413,0,1
10895,zunyi,2024,69.425865,83.605221,83.052271,0,1
10896,zunyi,2024,78.370255,78.583894,79.749071,0,1
10897,zunyi,2024,77.908989,78.580948,78.967097,0,1
10898,zunyi,2024,71.591064,78.476558,80.156701,1,1
10899,zunyi,2024,40.974106,78.279832,78.247612,0,1
10900,zunyi,2024,75.111122,77.727246,77.060375,1,1
10901,zunyi,2024,90.643295,89.147049,89.233584,0,1
10902,zunyi,2024,77.063271,78.070236,79.221655,1,1
10903,zunyi,2024,85.188278,85.029358,86.167948,0,1
10904,zunyi,2024,86.300949,82.015939,82.804549,0,1
10905,zunyi,2024,77.621544,81.123601,80.836374,0,1
10906,zunyi,2024,58.310497,77.308187,77.483762,1,1
10907,zunyi,2024,83.608284,80.921251,81.486305,1,1
10908,zunyi,2024,76.846176,83.114637,82.821716,0,1
10909,zunyi,2024,66.843620,81.097172,83.300647,1,1
10910,zunyi,2024,77.846893,78.402777,79.201826,1,1
10911,zunyi,2024,71.630066,77.127403,77.984974,1,1
10912,zunyi,2024,79.979866,79.471988,79.812689,1,1
10913,zunyi,2024,78.124268,78.979756,79.250635,1,1
10914,zunyi,2024,82.357559,81.223102,81.964829,1,1
10915,zunyi,2024,79.728844,79.454498,79.461186,1,1
10916,zunyi,2024,76.500366,78.276089,78.802426,1,1
10917,zunyi,2024,82.880493,79.549650,80.890538,0,1
10918,zunyi,2024,81.363708,80.182630,80.204161,1,1
10919,zunyi,2024,79.046478,80.116662,79.757584,1,1
10920,zunyi,2024,79.993698,80.187360,80.278439,1,1
10921,zunyi,2024,67.761642,82.743539,83.947482,0,1
10922,zunyi,2024,83.892532,81.922211,82.738521,0,1
10923,zunyi,2024,78.936874,84.372987,84.737625,0,1
10924,zunyi,2024,77.878151,79.456706,79.117392,0,1
10925,zunyi,2024,86.529419,81.636104,82.176091,0,1
10926,zunyi,2024,77.338188,79.297860,79.098360,1,1
10927,zunyi,2024,78.041504,81.159397,83.163312,0,1
10928,zunyi,2024,75.539902,78.912195,78.996912,1,1
10929,zunyi,2024,82.107040,81.243149,82.013348,1,1
10930,zunyi,2024,80.530708,82.327347,82.690574,0,1
10931,zunyi,2024,77.780304,81.650622,81.582852,1,1
10932,zunyi,2024,81.467773,81.167553,82.703456,0,1
10933,zunyi,2024,85.232025,83.195427,83.149461,0,1
10934,zunyi,2024,50.985413,86.509746,86.530093,0,1
10935,zunyi,2024,71.234367,81.520946,80.852062,0,1
10936,zunyi,2024,80.284218,81.394660,81.377961,0,1
10937,zunyi,2024,66.284164,78.710309,81.114697,0,1
10938,zunyi,2024,76.432655,80.935582,80.669649,1,1
10939,zunyi,2024,84.539520,81.585908,81.870578,1,1
10940,zunyi,2024,79.842422,78.920119,80.365972,0,1
10941,zunyi,2024,,,,0,0
10942,zunyi,2024,77.300140,81.228155,81.827989,1,1
10943,zunyi,2024,76.221436,78.789627,81.032563,1,1
10944,zunyi,2024,78.369263,81.479102,83.085726,0,1
10945,zunyi,2024,72.012108,78.784975,79.705226,1,1
10946,zunyi,2024,81.838295,81.572587,82.310439,0,1
10947,zunyi,2024,81.200912,81.941741,82.528929,0,1
10948,zunyi,2024,68.835083,80.753537,81.135635,1,1
10949,zunyi,2024,77.532295,79.210403,80.187571,1,1
10950,zunyi,2024,80.340866,82.783259,83.191044,1,1
10951,zunyi,2024,68.237396,77.909377,77.540478,1,1
10952,zunyi,2024,76.961807,79.229016,79.456432,1,1
10953,zunyi,2024,83.787483,79.815538,81.255679,1,1
10954,zunyi,2024,83.168343,81.986114,82.297559,1,1
10955,zunyi,2024,79.163254,78.760067,78.913978,1,1
10956,zunyi,2024,78.665161,78.157757,79.050263,1,1
10957,zunyi,2024,78.114357,81.020988,81.015569,1,1
10958,zunyi,2024,77.797371,80.263228,81.499339,0,1
10959,zunyi,2024,89.691162,84.502649,85.227070,1,1
10960,zunyi,2024,79.518768,82.317099,82.079998,0,1
10961,zunyi,2024,88.860336,82.366867,83.349625,1,1
10962,zunyi,2024,80.891434,82.262862,82.167100,0,1
10963,zunyi,2024,64.354034,85.260945,84.007018,1,1
10964,zunyi,2024,72.416580,84.566830,85.897364,0,1
10965,zunyi,2024,86.538872,84.991020,84.770731,1,1
10966,zunyi,2024,84.120903,85.350723,85.755357,0,1
10967,zunyi,2024,79.510078,83.221662,82.956765,0,1
10968,zunyi,2024,81.612137,85.156968,84.982523,1,1
10969,zunyi,2024,84.889999,81.288867,81.536058,1,1
10970,zunyi,2024,73.228966,77.284748,77.643641,0,1
10971,zunyi,2024,74.207642,79.865838,81.281688,0,1
10972,zunyi,2024,80.509102,81.768197,82.681619,1,1
10973,zunyi,2024,74.985794,82.327382,82.694339,0,1
10974,zunyi,2024,75.587418,80.556623,80.743190,1,1
10975,zunyi,2024,86.453072,83.072733,84.213121,1,1
10976,zunyi,2024,90.930885,86.705353,86.380965,0,1
10977,zunyi,2024,83.839020,84.274132,84.242602,0,1
10978,zunyi,2024,77.636444,80.556683,82.123931,1,1
10979,zunyi,2024,85.591217,84.728209,86.232716,1,1
10980,zunyi,2024,87.306389,85.326327,85.725087,0,1
10981,zunyi,2024,83.198708,79.696314,81.367554,1,1
10982,zunyi,2024,83.955505,80.629154,81.315318,0,1
10983,zunyi,2024,78.618088,78.260221,80.023417,0,1
10984,zunyi,2024,81.175339,78.828815,80.167858,1,1
10985,zunyi,2024,81.483391,81.563734,82.551049,1,1
10986,zunyi,2024,69.775497,79.225074,81.671352,0,1
10987,zunyi,2024,77.085701,77.829261,79.474999,0,1
10988,zunyi,2024,87.853447,81.537483,82.648476,1,1
10989,zunyi,2024,66.426285,76.064594,78.161603,1,1
10990,zunyi,2024,83.366669,85.066432,85.448820,0,1
10991,zunyi,2024,76.170509,78.800902,79.183483,1,1
10992,zunyi,2024,84.014839,85.092494,84.672715,0,1
10993,zunyi,2024,85.718521,84.942062,84.708646,0,1
10994,zunyi,2024,79.656204,79.513817,79.751827,0,1
10995,zunyi,2024,79.566696,80.539130,81.066888,0,1
10996,zunyi,2024,75.537910,79.769143,80.257725,1,1
10997,zunyi,2024,81.734848,81.121984,82.206850,0,1
10998,zunyi,2024,82.307922,78.930199,81.123997,0,1
10999,zunyi,2024,76.732544,82.655920,84.273206,0,1
11000,zunyi,2024,80.533890,81.150963,83.181227,0,1
11001,zunyi,2024,77.687866,82.092362,84.194555,1,1
11002,zunyi,2024,91.960060,87.901464,88.806891,1,1
11003,zunyi,2024,75.101158,78.683561,79.199927,0,1
11004,zunyi,2024,69.503006,81.278372,82.377080,0,1
11005,zunyi,2024,76.249847,82.619909,82.680907,1,1
11006,zunyi,2024,81.798950,81.381410,81.787019,1,1
11007,zunyi,2024,87.635994,83.362570,84.059709,1,1
11008,zunyi,2024,75.961731,76.910552,78.743197,1,1
11009,zunyi,2024,84.270737,81.585255,82.845660,0,1
11010,zunyi,2024,75.659058,79.955266,80.475177,0,1
11011,zunyi,2024,83.669823,81.959741,82.462510,0,1
11012,zunyi,2024,83.667046,81.229293,82.899370,1,1
11013,zunyi,2024,78.728119,79.278544,80.566009,1,1
11014,zunyi,2024,81.165573,80.225089,80.934523,1,1
11015,zunyi,2024,82.983047,81.361997,81.670152,1,1
11016,zunyi,2024,81.410477,80.287308,81.585794,0,1
11017,zunyi,2024,81.507828,80.634975,80.791038,1,1
11018,zunyi,2024,82.664970,81.915365,82.250524,1,1
11019,zunyi,2024,82.717964,81.655083,82.800393,0,1
11020,zunyi,2024,80.031479,78.519653,79.992423,1,1
11021,zunyi,2024,87.645111,85.427859,85.208245,1,1
11022,zunyi,2024,80.084023,79.938293,81.050054,0,1
11023,zunyi,2024,81.503639,80.537503,81.679210,1,1
11024,zunyi,2024,86.795601,85.219971,85.848406,1,1
11025,zunyi,2024,85.247543,82.095118,82.407794,1,1
11026,zunyi,2024,86.619743,81.776355,83.273620,1,1
11027,zunyi,2024,79.529922,78.943635,79.707561,0,1
11028,zunyi,2024,47.640888,80.648763,79.960814,0,1
11029,zunyi,2024,70.549026,76.493583,77.099273,1,1
11030,zunyi,2024,81.579018,84.363735,85.234679,0,1
11031,zunyi,2024,79.737785,79.586096,79.514501,0,1
11032,zunyi,2024,73.624596,79.646907,80.114538,0,1
11033,zunyi,2024,82.000870,78.036450,80.237209,1,1
11034,zunyi,2024,82.034645,82.978108,84.190687,1,1
11035,zunyi,2024,85.231018,83.932940,84.573203,1,1
11036,zunyi,2024,86.257973,84.444156,84.261645,1,1
11037,zunyi,2024,78.986046,79.399182,80.972951,1,1
11038,zunyi,2024,77.856529,81.166824,82.478089,1,1
11039,zunyi,2024,70.893791,80.619880,81.708974,0,1
11040,zunyi,2024,84.578827,83.004005,82.714349,0,1
11041,zunyi,2024,83.233170,80.772838,80.939225,0,1
11042,zunyi,2024,84.614166,82.565120,83.873336,0,1
11043,zunyi,2024,82.017120,81.745133,81.670315,1,1
11044,zunyi,2024,80.466759,79.736285,80.113806,1,1
11045,zunyi,2024,70.015701,80.650550,82.274185,1,1
11046,zunyi,2024,76.621834,83.078281,84.745307,1,1
11047,zunyi,2024,92.652145,88.981278,89.621158,1,1
11048,zunyi,2024,75.572884,79.607988,80.969280,0,1
11049,zunyi,2024,85.769829,84.932021,84.960548,1,1
11050,zunyi,2024,84.553459,82.194530,82.163446,1,1
11051,zunyi,2024,88.713249,85.296732,84.965023,0,1
11052,zunyi,2024,79.571342,81.701742,82.595935,1,1
11053,zunyi,2024,82.423500,80.995348,81.985939,0,1
11054,zunyi,2024,83.533653,83.189540,84.140090,0,1
11055,zunyi,2024,77.692238,80.857313,82.400018,0,1
11056,zunyi,2024,79.027367,81.289247,83.749491,0,1
11057,zunyi,2024,86.412430,85.397342,85.541023,1,1
11058,zunyi,2024,81.930801,86.305282,86.562245,1,1
11059,zunyi,2024,80.134460,82.184443,82.086680,0,1
11060,zunyi,2024,74.117073,80.956538,81.119301,0,1
11061,zunyi,2024,76.613220,79.015259,80.554862,0,1
11062,zunyi,2024,82.763657,80.085211,80.739267,0,1
11063,zunyi,2024,82.109787,80.443453,81.345882,1,1
11064,zunyi,2024,83.611816,83.324202,83.509725,0,1
11065,zunyi,2024,76.182678,80.566531,80.767337,1,1
11066,zunyi,2024,71.585861,81.493246,83.447048,0,1
11067,zunyi,2024,79.309029,81.015812,81.756214,0,1
11068,zunyi,2024,73.729996,77.908814,80.415212,0,1
11069,zunyi,2024,81.607040,80.814789,81.808457,1,1
11070,zunyi,2024,79.221085,81.995252,83.052328,1,1
11071,zunyi,2024,91.050079,87.116529,87.301231,0,1
11072,zunyi,2024,77.868500,83.202906,83.417868,0,1
11073,zunyi,2024,86.000809,82.964955,83.325778,0,1
11074,zunyi,2024,81.182686,80.864007,81.434681,1,1
11075,zunyi,2024,81.511726,80.925888,80.851244,0,1
11076,zunyi,2024,78.081253,79.746400,79.964541,1,1
11077,zunyi,2024,80.545380,80.556643,80.870519,1,1
11078,zunyi,2024,75.479240,77.608604,78.135964,0,1
11079,zunyi,2024,75.869843,83.172677,83.487089,0,1
11080,zunyi,2024,81.972137,80.070706,80.643519,1,1
11081,zunyi,2024,81.799347,80.806012,81.200163,0,1
11082,zunyi,2024,79.586288,82.711870,82.213206,1,1
11083,zunyi,2024,77.598366,81.922429,81.726849,0,1
11084,zunyi,2024,85.223946,81.134558,82.608235,0,1
11085,zunyi,2024,84.114502,82.550804,82.711615,1,1
11086,zunyi,2024,76.506699,80.147828,80.142382,0,1
11087,zunyi,2024,77.120552,80.637539,81.889766,1,1
11088,zunyi,2024,71.901039,79.063426,78.826918,0,1
11089,zunyi,2024,80.016296,79.973281,80.212386,1,1
11090,zunyi,2024,83.113327,88.102695,87.708991,0,1
11091,zunyi,2024,76.155861,81.719517,81.137363,0,1
11092,zunyi,2024,66.223648,80.705143,80.547942,0,1
11093,zunyi,2024,82.990440,81.465394,82.228668,1,1
11094,zunyi,2024,84.583328,83.331501,83.793845,0,1
11095,zunyi,2024,79.135483,80.287790,79.795815,0,1
11096,zunyi,2024,71.349274,82.041338,81.223188,1,1
11097,zunyi,2024,83.769241,86.401533,86.325075,1,1
11098,zunyi,2024,79.842094,81.653528,81.427022,0,1
11099,zunyi,2024,79.548103,80.480958,80.612288,0,1
11100,zunyi,2024,79.075607,80.655200,80.153384,0,1
11101,zunyi,2024,89.643410,85.798849,86.701042,0,1
11102,zunyi,2024,80.640587,80.963011,82.301455,0,1
11103,zunyi,2024,77.972069,80.821169,81.683541,1,1
11104,zunyi,2024,72.353951,76.853853,77.722329,1,1
11105,zunyi,2024,77.861122,91.979940,92.511610,1,1
11106,zunyi,2024,76.946625,82.522146,81.568109,0,1
11107,zunyi,2024,85.291443,83.885302,83.438225,1,1
11108,zunyi,2024,80.458954,79.630743,80.292792,1,1
11109,zunyi,2024,80.542168,78.557163,79.572105,0,1
11110,zunyi,2024,80.314674,80.889275,81.138746,1,1
11111,zunyi,2024,73.367981,79.033104,80.558085,0,1
11112,zunyi,2024,75.428436,78.414475,79.895661,0,1
11113,zunyi,2024,77.128410,79.969052,80.845744,1,1
11114,zunyi,2024,72.870407,79.174437,78.968298,0,1
11115,zunyi,2024,77.865044,79.279580,80.585512,1,1
11116,zunyi,2024,81.648109,81.386108,81.037486,1,1
11117,zunyi2024,2024,82.007339,82.605675,83.788043,0,1
11118,zunyi2024,2024,77.706078,80.794788,81.308478,1,1
11119,zunyi2024,2024,79.152817,78.280464,79.328187,0,1
11120,zunyi2024,2024,77.703323,78.354329,79.612755,1,1
11121,zunyi2024,2024,80.648544,79.043925,79.652541,0,1
11122,zunyi2024,2024,82.231903,81.359218,81.809907,0,1
11123,zunyi2024,2024,86.678833,80.335039,81.492020,1,1
11124,zunyi2024,2024,72.566864,76.950116,77.206173,1,1
11125,zunyi2024,2024,82.439194,81.230836,83.192979,1,1
11126,zunyi2024,2024,84.425179,81.434086,83.360031,1,1
11127,zunyi2024,2024,83.393578,83.351834,83.177682,1,1
11128,zunyi2024,2024,79.660126,80.090788,79.614831,1,1
11129,zunyi2024,2024,78.390137,79.214654,80.170925,1,1
11130,zunyi2024,2024,89.715698,83.563203,85.032139,0,1
11131,zunyi2024,2024,86.001778,81.526027,82.408208,1,1
11132,zunyi2024,2024,83.317772,82.754095,83.084515,1,1
11133,zunyi2024,2024,76.488258,79.084277,80.056409,0,1
11134,zunyi2024,2024,81.284058,79.149640,79.912792,0,1
11135,zunyi2024,2024,80.157104,79.488079,80.382778,1,1
11136,zunyi2024,2024,74.390480,77.164454,78.479780,1,1
11137,zunyi2024,2024,79.525009,81.032776,80.908637,1,1
11138,zunyi2024,2024,72.135475,85.175077,84.943271,0,1
11139,zunyi2024,2024,75.051544,82.100232,81.257029,1,1
11140,zunyi2024,2024,81.935013,80.138537,80.407388,0,1
11141,zunyi2024,2024,72.358856,78.326348,78.669056,0,1
11142,zunyi2024,2024,86.640961,83.193883,83.749596,1,1
11143,zunyi2024,2024,79.482841,79.629954,79.856044,0,1
11144,zunyi2024,2024,84.170616,81.054389,81.429658,1,1
11145,zunyi2024,2024,76.502716,80.561041,81.880577,1,1
11146,zunyi2024,2024,79.661682,78.649046,79.190689,1,1
11147,zunyi2024,2024,78.846153,78.997054,79.474392,0,1
11148,zunyi2024,2024,80.227753,80.448732,80.825719,0,1
11149,zunyi2024,2024,71.877304,79.212836,78.396496,1,1
11150,zunyi2024,2024,83.347008,82.321357,82.756031,0,1
11151,zunyi2024,2024,79.475227,81.099759,82.175535,0,1
11152,zunyi2024,2024,81.808853,81.561039,82.520929,1,1
11153,zunyi2024,2024,75.048210,82.068371,83.144680,0,1
11154,zunyi2024,2024,84.850868,84.563186,84.779498,0,1
11155,zunyi2024,2024,94.473389,88.447798,88.180365,0,1
11156,zunyi2024,2024,77.437988,85.887049,86.928898,1,1
11157,zunyi2024,2024,74.441788,76.948294,77.446102,1,1
11158,zunyi2024,2024,74.305405,77.867184,79.115683,0,1
11159,zunyi2024,2024,81.880096,86.277614,86.494655,1,1
11160,zunyi2024,2024,86.057716,81.236903,82.622205,0,1
11161,zunyi2024,2024,75.282471,80.291169,80.520877,1,1
11162,zunyi2024,2024,85.665131,82.278504,82.185746,0,1
11163,zunyi2024,2024,81.025490,81.629033,81.189632,1,1
11164,zunyi2024,2024,74.023949,78.121780,78.501503,1,1
11165,zunyi2024,2024,83.276543,82.072567,81.711288,1,1
11166,zunyi2024,2024,78.956306,80.997379,82.239705,1,1
11167,zunyi2024,2024,77.610573,80.270992,80.252252,0,1
11168,zunyi2024,2024,73.668030,75.378322,78.206457,0,1
11169,zunyi2024,2024,75.770340,77.491749,78.338543,1,1
11170,zunyi2024,2024,84.062294,81.700624,81.431273,1,1
11171,zunyi2024,2024,63.873528,74.578738,77.075995,1,1
11172,zunyi2024,2024,89.968140,85.321630,86.273286,0,1
11173,zunyi2024,2024,80.368111,81.634291,81.248945,1,1
11174,zunyi2024,2024,75.091484,80.036814,79.908657,0,1
11175,zunyi2024,2024,71.602966,76.771310,77.290044,1,1
11176,zunyi2024,2024,79.247215,78.557406,79.587746,0,1
11177,zunyi2024,2024,74.032974,80.157809,80.153969,1,1
11178,zunyi2024,2024,64.114334,81.509602,81.500806,1,1
11179,zunyi2024,2024,81.852081,80.298147,80.174736,1,1
11180,zunyi2024,2024,79.304550,79.085661,79.599537,0,1
11181,zunyi2024,2024,79.923973,81.278900,81.404158,0,1
11182,zunyi2024,2024,81.670052,80.384723,81.344134,1,1
11183,zunyi2024,2024,78.372261,82.068220,82.422189,0,1
11184,zunyi2024,2024,84.269157,80.926912,82.122476,0,1
11185,zunyi2024,2024,75.728294,80.871801,80.781693,0,1
11186,zunyi2024,2024,89.491737,84.605804,85.141312,1,1
11187,zunyi2024,2024,80.192337,81.855682,82.381169,0,1
11188,zunyi2024,2024,85.419983,82.777712,82.930859,0,1
11189,zunyi2024,2024,78.923485,79.901133,81.025891,0,1
11190,zunyi2024,2024,88.539207,83.037562,83.935443,1,1
11191,zunyi2024,2024,65.618637,82.769528,83.848214,1,1
11192,zunyi2024,2024,76.106796,80.109351,80.191984,0,1
11193,zunyi2024,2024,72.728447,76.022455,76.951350,1,1
11194,zunyi2024,2024,74.285919,77.050700,78.545223,0,1
11195,zunyi2024,2024,78.732735,78.766762,78.741529,0,1
11196,zunyi2024,2024,77.503616,81.702000,81.381097,1,1
11197,zunyi2024,2024,77.715370,79.975210,81.110702,1,1
11198,zunyi2024,2024,85.380661,83.876371,83.423063,0,1
11199,zunyi2024,2024,72.427734,80.977063,80.425545,1,1
11200,zunyi2024,2024,83.919540,81.214350,81.444437,1,1
11201,zunyi2024,2024,81.504921,79.141417,79.397533,1,1
11202,zunyi2024,2024,74.931877,77.091562,78.179235,1,1
11203,zunyi2024,2024,81.093201,80.309175,81.195605,0,1
11204,zunyi2024,2024,80.905693,80.112320,80.080830,1,1
11205,zunyi2024,2024,90.261414,85.961948,86.331933,1,1
11206,zunyi2024,2024,86.222107,82.942426,83.341115,0,1
11207,zunyi2024,2024,73.619415,78.729347,78.642811,0,1
11208,zunyi2024,2024,79.625023,78.242143,78.892240,1,1
11209,zunyi2024,2024,84.918198,84.416147,83.805067,0,1
11210,zunyi2024,2024,80.849182,79.584912,80.287306,1,1
11211,zunyi2024,2024,75.682938,79.494626,79.542743,1,1
11212,zunyi2024,2024,48.662739,84.214275,84.967365,1,1
11213,zunyi2024,2024,86.832932,83.000781,82.982633,0,1
11214,zunyi2024,2024,82.031738,81.597013,82.489547,1,1
11215,zunyi2024,2024,86.201187,82.211121,82.637355,1,1
11216,zunyi2024,2024,69.658218,79.827340,79.352810,1,1
11217,zunyi2024,2024,65.366356,81.874082,82.769473,0,1
11218,zunyi2024,2024,82.833572,80.919618,81.384793,0,1
11219,zunyi2024,2024,87.703308,83.286162,84.069766,1,1
11220,zunyi2024,2024,78.723801,80.652692,80.479601,0,1
11221,zunyi2024,2024,76.436790,83.933511,85.204525,1,1
11222,zunyi2024,2024,80.847534,78.512709,79.969184,0,1
11223,zunyi2024,2024,86.810081,85.051666,84.976476,1,1
11224,zunyi2024,2024,67.384300,75.700552,76.053542,0,1
11225,zunyi2024,2024,74.128525,75.343190,77.881900,0,1
11226,zunyi2024,2024,75.979668,83.013106,84.238055,1,1
11227,zunyi2024,2024,74.881615,75.845394,77.095872,0,1
11228,zunyi2024,2024,82.821220,81.757609,83.648929,0,1
11229,zunyi2024,2024,84.049126,80.835838,81.449193,1,1
11230,zunyi2024,2024,84.457359,79.591561,80.464677,0,1
11231,zunyi2024,2024,77.160278,79.726939,80.335989,1,1
11232,zunyi2024,2024,76.899513,79.824726,79.151141,1,1
11233,zunyi2024,2024,70.268806,78.102195,78.871817,1,1
11234,zunyi2024,2024,74.455956,78.955577,79.455103,1,1
11235,zunyi2024,2024,75.480614,76.092270,77.778187,1,1
11236,zunyi2024,2024,79.071495,81.496146,82.000993,0,1
11237,zunyi2024,2024,79.617500,83.434631,85.146509,1,1
11238,zunyi2024,2024,84.892448,82.478158,82.394117,0,1
11239,zunyi2024,2024,75.340858,77.042811,76.927555,1,1
11240,zunyi2024,2024,69.119522,80.694429,80.147611,1,1
11241,zunyi2024,2024,86.758598,83.106612,83.287314,1,1
11242,zunyi2024,2024,75.731033,76.814649,78.457392,1,1
11243,zunyi2024,2024,88.313538,84.482967,85.242660,0,1
11244,zunyi2024,2024,70.185509,77.063529,76.843613,0,1
11245,zunyi2024,2024,79.837708,80.527518,79.912976,1,1
11246,zunyi2024,2024,86.176697,82.665451,82.296753,0,1
11247,zunyi2024,2024,78.515800,78.966471,79.265443,0,1
11248,zunyi2024,2024,73.774734,77.312036,78.814334,1,1
11249,zunyi2024,2024,75.277344,79.060087,79.936058,1,1
11250,zunyi2024,2024,85.096657,83.436075,84.261089,1,1
11251,zunyi2024,2024,86.307510,84.860227,84.471334,0,1
11252,zunyi2024,2024,70.513565,81.370616,81.559935,1,1
11253,zunyi2024,2024,82.153465,84.264069,83.958062,1,1
11254,zunyi2024,2024,85.274071,83.161492,83.330653,1,1
11255,zunyi2024,2024,68.695625,81.843280,81.131013,1,1
11256,zunyi2024,2024,72.441414,80.696306,80.485773,1,1
11257,zunyi2024,2024,75.346161,77.480506,78.947278,1,1
11258,zunyi2024,2024,75.060699,79.786193,79.602088,0,1
11259,zunyi2024,2024,78.944221,78.456830,79.349553,0,1
11260,zunyi2024,2024,81.693108,82.276356,82.894502,0,1
11261,zunyi2024,2024,77.511566,81.508406,81.821545,0,1
11262,zunyi2024,2024,76.851585,80.364431,80.748238,0,1
11263,zunyi2024,2024,86.331841,82.201908,82.283331,1,1
11264,zunyi2024,2024,81.614342,82.464609,84.005791,1,1
11265,zunyi2024,2024,88.895523,85.210937,85.487312,0,1
11266,zunyi2024,2024,67.209717,83.681450,84.923518,0,1
11267,zunyi2024,2024,77.150154,79.454065,80.090472,1,1
11268,zunyi2024,2024,81.919136,78.562033,79.927943,0,1
11269,zunyi2024,2024,87.908730,84.501389,84.540200,0,1
11270,zunyi2024,2024,84.378418,81.093997,81.310330,0,1
11271,zunyi2024,2024,84.862122,81.847261,82.912000,0,1
11272,zunyi2024,2024,67.345314,74.823019,76.485038,1,1
11273,zunyi2024,2024,72.541519,76.428206,79.051367,0,1
11274,zunyi2024,2024,81.781593,80.747365,82.342572,1,1
11275,zunyi2024,2024,79.367432,80.330099,80.493447,0,1
11276,zunyi2024,2024,63.802273,78.770773,79.512053,1,1
11277,zunyi2024,2024,81.749771,80.986414,81.038548,0,1
11278,zunyi2024,2024,84.225014,82.403560,82.623568,0,1
11279,zunyi2024,2024,86.710754,82.234769,82.611858,1,1
11280,zunyi2024,2024,76.821106,80.642938,80.821060,0,1
11281,zunyi2024,2024,83.566246,83.376446,82.824884,1,1
11282,zunyi2024,2024,81.755302,85.630660,85.680899,0,1
11283,zunyi2024,2024,71.278275,76.308476,76.936553,1,1
11284,zunyi2024,2024,84.376564,80.874443,81.621731,0,1
11285,zunyi2024,2024,76.201004,81.060834,82.918808,0,1
11286,zunyi2024,2024,80.196205,79.171688,79.981574,1,1
11287,zunyi2024,2024,71.177467,79.778791,79.705725,1,1
11288,zunyi2024,2024,78.244659,83.301202,83.479989,1,1
11289,zunyi2024,2024,83.677399,81.289454,80.811195,1,1
11290,zunyi2024,2024,82.622879,81.563739,82.346439,1,1
11291,zunyi2024,2024,72.322334,78.313449,78.942265,0,1
11292,zunyi2024,2024,76.789749,78.635154,79.778335,0,1
11293,zunyi2024,2024,72.269249,77.499530,78.417967,0,1
11294,zunyi2024,2024,73.337540,77.351746,77.870680,0,1
11295,zunyi2024,2024,74.385719,80.600217,80.060388,0,1
11296,zunyi2024,2024,77.871964,83.354969,84.835802,1,1
11297,zunyi2024,2024,86.609886,82.457837,83.643742,0,1
11298,zunyi2024,2024,83.868164,81.959990,81.889968,1,1
11299,zunyi2024,2024,76.312340,78.312535,78.588028,1,1
11300,zunyi2024,2024,78.529976,78.043268,79.036019,1,1
11301,zunyi2024,2024,80.896187,84.829426,84.838206,1,1
11302,zunyi2024,2024,81.414749,81.183565,81.392975,0,1
11303,zunyi2024,2024,65.443542,79.348306,79.215900,1,1
11304,zunyi2024,2024,77.328720,79.861790,79.204487,0,1
11305,zunyi2024,2024,69.189903,75.239931,77.910534,1,1
11306,zunyi2024,2024,78.245613,79.232398,79.768465,0,1
11307,zunyi2024,2024,88.973602,86.657220,86.907498,0,1
11308,zunyi2024,2024,77.319176,78.894921,79.416904,1,1
11309,zunyi2024,2024,85.428864,85.326493,85.957316,1,1
11310,zunyi2024,2024,80.867142,81.805237,82.636825,0,1
11311,zunyi2024,2024,75.539986,79.604795,79.861833,0,1
11312,zunyi2024,2024,84.902573,83.921130,83.541488,0,1
11313,zunyi2024,2024,75.131676,77.102584,77.587746,1,1
11314,zunyi2024,2024,77.716553,77.978798,78.578515,0,1
11315,zunyi2024,2024,84.738396,82.181627,82.142016,1,1
11316,zunyi2024,2024,73.072472,78.455925,78.495470,1,1
11317,zunyi2024,2024,79.094460,79.618876,80.498193,0,1
11318,zunyi2024,2024,77.516647,81.303243,81.373661,1,1
11319,zunyi2024,2024,74.808456,83.002213,83.274939,0,1
11320,zunyi2024,2024,79.429146,81.910343,82.203302,1,1
11321,zunyi2024,2024,80.621635,79.699923,80.176465,1,1
11322,zunyi2024,2024,82.086990,82.420546,83.418503,0,1
11323,zunyi2024,2024,81.163612,80.226363,80.511679,0,1
11324,zunyi2024,2024,61.997818,86.791529,88.921038,0,1
11325,zunyi2024,2024,47.596985,78.608546,78.787281,1,1
11326,zunyi2024,2024,76.945755,80.744500,80.391248,0,1
11327,zunyi2024,2024,67.191246,81.121883,81.240676,1,1
11328,zunyi2024,2024,78.030640,79.451862,79.489973,1,1
11329,zunyi2024,2024,80.878983,80.216521,80.407899,0,1
11330,zunyi2024,2024,84.592957,80.638564,81.562176,1,1
11331,zunyi2024,2024,75.194427,76.717532,78.868636,0,1
11332,zunyi2024,2024,71.135628,78.494165,80.637767,0,1
11333,zunyi2024,2024,84.048164,81.827803,82.732911,0,1
11334,zunyi2024,2024,81.925980,79.652219,80.785907,0,1
11335,zunyi2024,2024,80.688766,80.665841,81.683058,0,1
11336,zunyi2024,2024,83.743378,82.435229,83.003915,1,1
11337,zunyi2024,2024,85.036942,84.244854,84.083066,0,1
11338,zunyi2024,2024,82.568657,80.935043,81.722851,0,1
11339,zunyi2024,2024,85.600937,82.620156,82.892524,0,1
11340,zunyi2024,2024,59.348495,76.253269,77.119090,0,1
11341,zunyi2024,2024,77.318420,78.275016,79.096493,0,1
11342,zunyi2024,2024,76.650566,78.598037,78.934401,1,1
11343,zunyi2024,2024,82.941231,80.875264,80.488225,0,1
11344,zunyi2024,2024,85.087082,82.035292,82.257884,1,1
11345,zunyi2024,2024,79.852913,79.298785,79.477468,0,1
11346,zunyi2024,2024,78.160233,80.675599,81.133067,0,1
11347,zunyi2024,2024,82.920837,80.968163,81.113237,0,1
11348,zunyi2024,2024,83.481613,80.962081,80.980515,1,1
11349,zunyi2024,2024,79.209564,80.857695,80.539095,1,1
11350,zunyi2024,2024,87.538132,82.762488,83.092618,0,1
11351,zunyi2024,2024,78.802856,81.512844,82.594908,1,1
11352,zunyi2024,2024,77.677521,83.600183,84.004002,0,1
11353,zunyi2024,2024,74.389503,78.217845,78.563303,1,1
11354,zunyi2024,2024,77.277344,79.944351,79.522606,1,1
11355,zunyi2024,2024,85.937660,82.398104,82.755006,0,1
11356,zunyi2024,2024,69.186119,81.086716,80.857909,1,1
11357,zunyi2024,2024,84.660561,82.536110,82.561878,1,1
11358,zunyi2024,2024,81.349495,81.255367,82.362301,0,1
11359,zunyi2024,2024,83.559906,79.901440,80.027050,1,1
11360,zunyi2024,2024,81.789101,83.620686,83.350032,1,1
11361,zunyi2024,2024,78.755692,82.513144,81.748512,1,1
11362,zunyi2024,2024,79.067657,81.001099,81.456695,1,1
11363,zunyi2024,2024,88.217072,84.232640,84.501918,1,1
11364,zunyi2024,2024,83.593437,80.780473,81.936127,0,1
11365,zunyi2024,2024,75.164093,80.608788,80.237886,0,1
11366,zunyi2024,2024,78.194221,81.225503,80.929386,1,1
11367,zunyi2024,2024,76.049011,79.824719,80.010288,1,1
11368,zunyi2024,2024,73.173386,77.380085,77.639253,0,1
11369,zunyi2024,2024,84.643379,83.110340,82.886113,0,1
11370,zunyi2024,2024,85.823753,81.545646,82.398120,0,1
11371,zunyi2024,2024,78.243843,85.166588,85.714576,1,1
11372,zunyi2024,2024,89.587036,85.711660,85.784263,1,1
11373,zunyi2024,2024,82.449547,80.143332,79.841167,1,1
11374,zunyi2024,2024,78.485161,78.945923,79.005901,0,1
11375,zunyi2024,2024,78.916069,78.855002,80.016007,0,1
11376,zunyi2024,2024,77.246368,78.156694,78.645322,1,1
11377,zunyi2024,2024,85.417870,83.224756,83.568915,1,1
11378,zunyi2024,2024,84.352333,81.307801,81.556487,1,1
11379,zunyi2024,2024,83.717033,83.680448,83.168540,0,1
11380,zunyi2024,2024,79.136086,84.695970,85.537163,1,1
11381,zunyi2024,2024,88.195244,82.377957,83.796853,0,1
11382,zunyi2024,2024,80.464882,81.714861,81.358897,1,1
11383,zunyi2024,2024,84.538162,84.507560,84.200953,1,1
11384,zunyi2024,2024,78.947556,83.237796,83.800500,0,1
11385,zunyi2024,2024,81.285828,81.797859,81.344080,0,1
11386,zunyi2024,2024,75.683907,78.853522,78.811176,0,1
11387,zunyi2024,2024,87.152519,84.109762,85.717388,1,1
11388,zunyi2024,2024,78.284058,77.229261,78.033112,1,1
11389,zunyi2024,2024,78.167221,80.494513,80.767833,0,1
11390,zunyi2024,2024,74.828415,77.113269,78.823242,1,1
11391,zunyi2024,2024,80.390617,78.645967,80.005854,1,1
11392,zunyi2024,2024,84.676102,81.564635,82.460362,0,1
11393,zunyi2024,2024,81.925819,80.238093,80.188266,1,1
11394,zunyi2024,2024,85.860283,81.817622,82.186693,1,1
11395,zunyi2024,2024,90.328056,84.979521,85.652004,1,1
11396,zunyi2024,2024,82.437378,80.838144,82.013645,1,1
11397,zunyi2024,2024,83.074776,83.550184,83.283941,1,1
11398,zunyi2024,2024,86.272095,82.552301,83.164103,1,1
11399,zunyi2024,2024,73.372154,79.925911,81.673576,0,1
11400,zunyi2024,2024,88.095947,82.901706,83.419344,1,1
11401,zunyi2024,2024,62.646114,80.790210,83.532206,1,1
11402,zunyi2024,2024,81.533035,82.354397,82.906858,0,1
11403,zunyi2024,2024,69.679901,76.664608,78.266715,0,1
11404,zunyi2024,2024,73.852524,81.328006,81.282991,1,1
11405,zunyi2024,2024,75.608170,77.068625,77.886649,0,1
11406,zunyi2024,2024,91.673592,85.521404,85.457328,0,1
11407,zunyi2024,2024,80.274109,79.629898,80.722244,0,1
11408,zunyi2024,2024,83.113045,79.955951,81.210501,0,1
11409,zunyi2024,2024,82.330925,81.179570,81.120718,1,1
11410,zunyi2024,2024,72.830925,76.668456,76.505929,1,1
11411,zunyi2024,2024,73.821190,79.172677,80.884640,1,1
11412,zunyi2024,2024,84.391228,81.207663,81.465933,1,1
11413,zunyi2024,2024,75.662971,78.664446,79.395148,0,1
11414,zunyi2024,2024,76.463455,76.222754,78.370568,1,1
11415,zunyi2024,2024,86.175194,83.623968,84.281966,1,1
11416,zunyi2024,2024,83.270409,84.968627,84.630658,1,1
11417,zunyi2024,2024,76.417282,80.464553,81.763607,0,1
11418,zunyi2024,2024,73.484680,77.789322,78.781084,0,1
11419,zunyi2024,2024,79.141930,81.705099,82.431131,1,1
11420,zunyi2024,2024,83.901695,81.936410,82.117153,0,1
11421,zunyi2024,2024,88.115837,85.430226,85.171548,0,1
11422,zunyi2024,2024,72.694733,76.212168,76.900108,0,1
11423,zunyi2024,2024,72.351662,81.391023,82.068233,1,1
11424,zunyi2024,2024,84.075119,83.676689,83.696345,0,1
11425,zunyi2024,2024,84.879128,84.148827,83.820432,0,1
11426,zunyi2024,2024,80.487877,80.459531,80.864197,0,1
11427,zunyi2024,2024,79.430687,78.917499,80.122566,1,1
11428,zunyi2024,2024,80.475601,80.962973,80.766234,1,1
11429,zunyi2024,2024,79.199234,80.971065,80.261374,1,1
11430,zunyi2024,2024,80.856033,82.697373,82.126897,0,1
11431,zunyi2024,2024,81.938606,81.637223,81.446062,1,1
11432,zunyi2024,2024,86.847649,83.081276,83.688241,1,1
11433,zunyi2024,2024,74.983994,83.169905,82.401194,0,1
11434,zunyi2024,2024,83.832794,86.357347,86.197106,0,1
11435,zunyi2024,2024,71.054733,82.263119,81.984585,1,1
11436,zunyi2024,2024,78.691414,79.892473,79.640301,0,1
11437,zunyi2024,2024,81.810600,83.308087,83.162791,0,1
11438,zunyi2024,2024,82.563385,85.556830,85.694886,1,1
11439,zunyi2024,2024,77.968040,84.064998,83.621794,1,1
11440,zunyi2024,2024,73.465958,78.168434,78.218612,0,1
11441,zunyi2024,2024,85.792305,81.990377,82.221686,0,1
11442,zunyi2024,2024,84.775040,83.694900,83.302247,0,1
11443,zunyi2024,2024,74.820282,83.606676,83.497338,1,1
11444,zunyi2024,2024,73.335091,79.852476,79.063649,0,1
11445,zunyi2024,2024,81.527946,80.652066,81.069425,0,1
11446,zunyi2024,2024,82.079071,81.249619,81.311499,1,1
11447,zunyi2024,2024,83.438194,83.269521,83.469380,0,1
11448,zunyi2024,2024,76.299149,80.264121,79.939243,0,1
11449,zunyi2024,2024,78.804741,78.831019,79.768210,1,1
11450,zunyi2024,2024,83.349701,82.138260,82.101670,1,1
11451,zunyi2024,2024,55.544060,79.148618,78.229732,1,1
11452,zunyi2024,2024,73.024384,80.368424,80.281376,0,1
11453,zunyi2024,2024,84.847275,83.682573,83.402750,0,1
11454,zunyi2024,2024,81.469635,81.260208,80.819312,0,1
11455,zunyi2024,2024,70.267960,76.714183,76.857742,1,1
11456,zunyi2024,2024,79.439232,79.168661,80.106896,1,1
11457,zunyi2024,2024,73.074738,76.903588,78.503972,1,1
11458,zunyi2024,2024,81.955437,81.731623,81.588490,0,1
11459,zunyi2024,2024,82.207436,80.853740,80.362287,0,1
11460,zunyi2024,2024,71.363083,77.001099,78.009976,1,1
11461,zunyi2024,2024,69.539215,78.004703,77.440474,1,1
11462,zunyi2024,2024,77.699120,83.046249,82.768235,1,1
11463,zunyi2024,2024,77.218666,78.995330,78.920927,1,1
11464,zunyi2024,2024,81.790817,81.204426,80.846897,1,1
11465,zunyi2024,2024,82.487404,82.951945,83.626526,1,1
11466,zunyi2024,2024,77.966011,79.602687,80.177592,0,1
11467,zunyi2024,2024,80.852615,85.373077,84.772304,1,1
11468,zunyi2024,2024,74.952545,79.084853,78.990361,1,1
11469,zunyi2024,2024,83.178673,78.776564,81.631945,0,1
11470,zunyi2024,2024,79.522148,81.992909,83.934825,1,1
11471,zunyi2024,2024,70.359894,84.930693,87.616626,1,1
11472,zunyi2024,2024,75.262817,81.042033,82.568268,1,1
11473,zunyi2024,2024,87.894318,81.473175,82.307521,1,1
11474,zunyi2024,2024,76.241478,82.536286,82.041646,1,1
11475,zunyi2024,2024,84.988075,81.092377,81.550566,1,1
11476,zunyi2024,2024,83.706764,84.547375,84.382642,0,1
11477,zunyi2024,2024,76.834732,82.132503,82.356556,0,1
11478,zunyi2024,2024,84.790085,83.592071,83.974772,0,1
11479,zunyi2024,2024,88.676353,89.115998,89.086261,0,1
11480,zunyi2024,2024,84.070175,82.112603,82.466568,1,1
11481,zunyi2024,2024,73.727089,79.505468,79.157593,1,1
11482,zunyi2024,2024,65.207657,75.435297,76.108499,1,1
11483,zunyi2024,2024,77.860260,76.862652,78.524624,1,1
11484,zunyi2024,2024,77.637497,80.773805,80.202378,1,1
11485,zunyi2024,2024,71.195312,78.363626,77.912341,0,1
11486,zunyi2024,2024,67.766068,82.043577,81.125899,0,1
11487,zunyi2024,2024,73.764923,80.058968,81.148771,1,1
11488,zunyi2024,2024,80.020699,78.910637,79.124166,1,1
11489,zunyi2024,2024,92.661621,85.969135,87.303619,0,1
11490,zunyi2024,2024,81.401917,84.450949,85.574163,1,1
11491,zunyi2024,2024,79.450241,81.398068,81.535747,1,1
11492,zunyi2024,2024,82.086739,81.330142,81.192253,1,1
11493,zunyi2024,2024,74.663078,77.254226,77.622374,0,1
11494,zunyi2024,2024,86.124908,84.917423,84.653473,0,1
11495,zunyi2024,2024,80.422768,82.065647,81.435747,0,1
11496,zunyi2024,2024,69.947258,79.928884,79.704208,1,1
11497,zunyi2024,2024,76.044830,79.275601,79.981720,1,1
11498,zunyi2024,2024,70.650085,78.517056,78.005220,1,1
11499,zunyi2024,2024,78.128853,79.998883,79.874176,0,1
11500,zunyi2024,2024,74.372765,79.140301,80.219358,0,1
11501,zunyi2024,2024,64.858467,81.752951,83.947869,0,1
11502,zunyi2024,2024,56.075161,79.096996,79.459728,1,1
11503,zunyi2024,2024,82.914764,81.800721,82.042445,1,1
11504,zunyi2024,2024,81.742546,80.275026,80.962360,1,1
11505,zunyi2024,2024,87.125290,84.589593,85.124496,0,1
11506,zunyi2024,2024,77.107719,78.548066,78.722183,1,1
11507,zunyi2024,2024,75.940033,82.694911,82.432582,0,1
11508,zunyi2024,2024,82.864807,84.771755,85.058778,0,1
11509,zunyi2024,2024,84.896706,88.476203,89.086075,0,1
11510,zunyi2024,2024,78.364647,81.914274,81.319070,1,1
11511,zunyi2024,2024,76.973900,77.631873,77.803196,0,1
11512,zunyi2024,2024,83.687851,81.253915,82.048437,1,1
11513,zunyi2024,2024,83.146667,80.189216,81.229116,0,1
11514,zunyi2024,2024,83.274063,80.983277,81.522091,0,1
11515,zunyi2024,2024,86.303848,83.819580,83.481736,0,1
11516,zunyi2024,2024,78.896553,81.555724,81.625168,0,1
11517,zunyi2024,2024,82.855591,82.176371,82.767266,0,1
11518,zunyi2024,2024,84.876198,85.279228,85.458869,1,1
11519,zunyi2024,2024,76.495949,79.116235,80.753522,1,1
11520,zunyi2024,2024,63.672935,75.345737,76.981115,0,1
11521,zunyi2024,2024,87.085388,82.189940,82.846609,1,1
11522,zunyi2024,2024,78.327385,80.317848,79.876131,1,1
11523,zunyi2024,2024,79.631012,79.350284,79.332194,1,1
11524,zunyi2024,2024,83.062325,83.004628,82.877851,1,1
11525,zunyi2024,2024,64.270981,82.636966,82.820431,0,1
11526,zunyi2024,2024,84.811867,83.715910,83.252263,1,1
11527,zunyi2024,2024,81.027588,85.303971,86.068794,0,1
11528,zunyi2024,2024,82.168976,81.610029,81.340043,1,1
11529,zunyi2024,2024,81.508858,80.162135,81.108871,0,1
11530,zunyi2024,2024,75.416542,78.734624,79.058959,0,1
11531,zunyi2024,2024,83.388588,82.566796,83.505381,0,1
11532,zunyi2024,2024,81.229195,82.332624,83.049475,0,1
11533,zunyi2024,2024,82.631790,83.401712,83.581567,0,1
11534,zunyi2024,2024,87.578445,85.012036,85.378114,0,1
11535,zunyi2024,2024,79.404953,80.282823,80.200070,1,1
11536,zunyi2024,2024,81.258812,80.718125,80.468631,0,1
11537,zunyi2024,2024,81.448799,82.237460,82.172905,1,1
11538,zunyi2024,2024,55.878403,83.656966,83.090202,1,1
11539,zunyi2024,2024,67.625740,75.780475,77.248570,0,1
11540,zunyi2024,2024,78.527313,82.206728,81.828779,0,1
11541,zunyi2024,2024,76.866638,82.679248,82.266715,0,1
11542,zunyi2024,2024,82.104195,82.410859,83.359359,1,1
11543,zunyi2024,2024,77.642059,80.231852,80.197982,1,1
11544,zunyi2024,2024,80.040512,80.895217,80.255294,1,1
11545,zunyi2024,2024,67.152580,84.769060,84.820777,0,1
11546,zunyi2024,2024,80.818054,80.500133,81.511292,1,1
11547,zunyi2024,2024,71.010437,79.995413,81.305767,1,1
11548,zunyi2024,2024,84.661148,85.318136,85.620446,1,1
11549,zunyi2024,2024,76.549896,79.783199,80.177026,1,1
11550,zunyi2024,2024,83.457771,82.639221,82.774505,1,1
11551,zunyi2024,2024,73.030502,77.921351,78.217477,0,1
11552,zunyi2024,2024,78.703568,78.972715,78.987556,0,1
11553,zunyi2024,2024,74.606842,77.935537,78.298040,0,1
11554,zunyi2024,2024,41.472958,80.123111,80.738630,0,1
11555,zunyi2024,2024,78.979782,79.345105,79.699406,1,1
11556,zunyi2024,2024,79.798080,80.040722,80.713307,1,1
11557,zunyi2024,2024,77.859947,83.753501,83.098383,1,1
11558,zunyi2024,2024,77.616089,80.026367,81.033622,0,1
11559,zunyi2024,2024,76.365868,80.056217,79.697190,0,1
11560,zunyi2024,2024,72.143150,83.492654,84.868918,1,1
11561,zunyi2024,2024,68.392464,79.051294,79.127333,1,1
11562,zunyi2024,2024,79.635773,82.444945,82.403417,0,1
11563,zunyi2024,2024,76.932037,77.018275,78.491164,0,1
11564,zunyi2024,2024,80.034477,80.086694,80.006235,1,1
11565,zunyi2024,2024,82.934616,81.459264,81.346997,1,1
11566,zunyi2024,2024,76.653305,78.183194,77.633733,1,1
11567,zunyi2024,2024,85.018158,81.799919,82.116524,1,1
11568,zunyi2024,2024,73.934845,77.255053,77.376129,0,1
11569,zunyi2024,2024,82.940117,80.085163,80.543524,0,1
11570,zunyi2024,2024,80.809769,80.140495,80.628202,1,1
11571,zunyi2024,2024,79.712135,78.756812,79.673684,0,1
11572,zunyi2024,2024,80.277672,81.217159,80.891256,0,1
11573,zunyi2024,2024,76.768921,80.464581,81.390210,0,1
11574,zunyi2024,2024,84.117767,82.319561,82.796666,0,1
11575,zunyi2024,2024,76.641670,83.244151,84.032226,0,1
11576,zunyi2024,2024,81.736771,79.977249,80.803883,0,1
11577,zunyi2024,2024,81.445648,80.345355,81.447452,0,1
11578,zunyi2024,2024,87.283089,84.184345,83.690510,1,1
11579,zunyi2024,2024,75.400017,75.634169,76.678695,0,1
11580,zunyi2024,2024,64.331367,79.342735,81.865029,0,1
11581,zunyi2024,2024,84.747726,84.252735,84.544975,1,1
11582,zunyi2024,2024,75.822136,80.291859,79.746995,0,1
11583,zunyi2024,2024,73.418137,78.720350,80.759930,0,1
11584,zunyi2024,2024,82.908005,82.080626,81.968305,0,1
11585,zunyi2024,2024,83.775566,80.210201,80.914143,1,1
11586,zunyi2024,2024,78.090340,81.234106,82.173327,0,1
11587,zunyi2024,2024,76.777931,79.526798,79.633610,1,1
11588,zunyi2024,2024,81.139008,82.145679,82.405170,0,1
11589,zunyi2024,2024,77.912849,79.452495,79.978186,0,1
11590,zunyi2024,2024,84.841972,82.497711,82.344517,1,1
11591,zunyi2024,2024,82.438919,81.831183,82.194169,1,1
11592,zunyi2024,2024,79.559937,79.867313,80.877043,1,1
11593,zunyi2024,2024,86.832275,84.173278,83.868174,1,1
11594,zunyi2024,2024,83.760223,83.510663,84.113637,0,1
11595,zunyi2024,2024,68.441055,83.362784,82.447182,1,1
11596,zunyi2024,2024,82.839096,82.553342,84.383574,0,1
11597,zunyi2024,2024,74.608963,77.062205,78.739370,1,1
11598,zunyi2024,2024,85.591331,83.800113,84.919405,1,1
11599,zunyi2024,2024,84.698555,85.148400,84.567952,1,1
11600,zunyi2024,2024,86.122810,82.747861,83.374262,1,1
11601,zunyi2024,2024,83.756966,80.806824,80.604501,1,1
11602,zunyi2024,2024,77.986618,78.256746,78.170711,1,1
11603,zunyi2024,2024,73.176102,77.977005,78.345370,1,1
11604,zunyi2024,2024,71.300018,76.792557,78.269905,1,1
11605,zunyi2024,2024,78.399368,81.362839,81.686841,1,1
11606,zunyi2024,2024,79.804840,81.784767,81.576926,1,1
11607,zunyi2024,2024,74.881760,76.657866,78.157904,1,1
11608,zunyi2024,2024,81.474182,79.513600,79.864745,0,1
11609,zunyi2024,2024,74.178566,79.120111,78.380653,1,1
11610,zunyi2024,2024,67.555199,79.334394,81.100057,1,1
11611,zunyi2024,2024,71.652237,80.341377,81.129676,0,1
11612,zunyi2024,2024,87.972191,86.031644,86.062959,1,1
11613,zunyi2024,2024,79.026237,78.578438,78.762706,0,1
11614,zunyi2024,2024,63.589348,77.448543,78.541089,0,1
11615,zunyi2024,2024,71.191116,79.317525,79.048496,1,1
11616,zunyi2024,2024,73.813339,84.446181,83.911314,1,1
11617,zunyi2024,2024,76.455292,81.983849,82.389111,0,1
11618,zunyi2024,2024,64.165512,85.115546,86.016373,1,1
11619,zunyi2024,2024,66.832092,76.447174,77.211377,0,1
11620,zunyi2024,2024,80.150589,79.897815,79.914978,1,1
11621,zunyi2024,2024,78.646141,80.681830,82.273256,1,1
11622,zunyi2024,2024,77.410545,83.299617,83.050653,1,1
11623,zunyi2024,2024,82.835808,80.440339,80.395912,0,1
11624,zunyi2024,2024,68.609322,76.896628,77.010166,0,1
11625,zunyi2024,2024,60.810940,84.276749,86.812144,1,1
11626,zunyi2024,2024,77.836273,82.083244,82.857955,1,1
11627,zunyi2024,2024,74.067993,82.559637,81.723723,1,1
11628,zunyi2024,2024,78.899101,85.971265,85.495164,1,1
11629,zunyi2024,2024,65.306656,80.810310,81.914949,1,1
11630,zunyi2024,2024,73.816147,79.840897,79.981475,1,1
11631,zunyi2024,2024,70.625648,79.368699,78.984439,0,1
11632,zunyi2024,2024,88.485512,83.451216,83.874274,0,1
11633,zunyi2024,2024,73.988937,77.713263,78.330636,1,1
11634,zunyi2024,2024,86.054008,82.465435,82.691869,0,1
11635,zunyi2024,2024,83.500435,80.317578,82.474990,1,1
11636,zunyi2024,2024,75.550919,78.862090,78.640957,1,1
11637,zunyi2024,2024,85.964806,84.574707,84.668793,1,1
11638,zunyi2024,2024,75.264786,79.706036,80.697855,1,1
11639,zunyi2024,2024,68.985619,81.359572,84.079332,0,1
11640,zunyi2024,2024,70.197800,77.747620,78.908818,0,1
11641,zunyi2024,2024,79.879967,78.902870,79.746940,1,1
11642,zunyi2024,2024,84.864075,83.783314,83.796643,1,1
11643,zunyi2024,2024,80.514893,81.029807,81.269306,1,1
11644,zunyi2024,2024,79.119019,83.556999,84.083026,0,1
11645,zunyi2024,2024,71.673653,77.014745,77.359904,0,1
11646,zunyi2024,2024,70.786995,78.875906,80.402790,1,1
11647,zunyi2024,2024,78.194893,78.648965,79.044651,1,1
11648,zunyi2024,2024,85.334488,84.256462,84.163405,1,1
11649,zunyi2024,2024,77.262260,78.787154,79.856013,0,1
11650,zunyi2024,2024,77.561714,80.003741,80.525284,0,1
11651,zunyi2024,2024,77.553123,80.631255,81.396469,1,1
11652,zunyi2024,2024,77.189430,84.725939,84.156867,1,1
11653,zunyi2024,2024,76.911720,80.843612,80.893536,0,1
11654,zunyi2024,2024,89.030266,84.873423,85.348553,1,1
11655,zunyi2024,2024,84.345245,82.802713,83.255856,0,1
11656,zunyi2024,2024,87.675545,82.378446,84.131786,0,1
11657,zunyi2024,2024,82.295677,79.346874,80.143661,0,1
11658,zunyi2024,2024,76.470345,81.500124,82.385673,0,1
11659,zunyi2024,2024,80.503571,80.188128,81.270811,1,1
11660,zunyi2024,2024,79.631546,78.804630,78.795702,1,1
11661,zunyi2024,2024,79.037300,81.844144,81.998707,1,1
11662,zunyi2024,2024,88.916656,84.900655,84.953304,0,1
11663,zunyi2024,2024,71.220428,78.294905,79.858523,1,1
11664,zunyi2024,2024,82.622353,80.869336,81.189938,0,1
11665,zunyi2024,2024,82.765022,81.329349,81.665777,1,1
11666,zunyi2024,2024,79.970016,79.126990,80.496171,1,1
11667,zunyi2024,2024,64.109657,85.053331,84.708553,0,1
11668,zunyi2024,2024,81.671753,78.447559,80.345210,0,1
11669,zunyi2024,2024,82.234680,80.686914,80.933436,0,1
11670,zunyi2024,2024,64.962242,77.449432,78.719467,0,1
11671,zunyi2024,2024,52.378929,79.497310,80.564174,1,1
11672,zunyi2024,2024,89.754158,83.826501,84.531926,0,1
11673,zunyi2024,2024,85.193169,82.197659,83.354208,1,1
11674,zunyi2024,2024,78.257195,79.372231,80.592733,1,1
11675,zunyi2024,2024,80.935844,80.471456,80.583845,1,1
11676,zunyi2024,2024,76.144653,78.542014,79.141427,0,1
11677,zunyi2024,2024,76.250877,81.326960,81.290232,1,1
11678,zunyi2024,2024,77.967438,77.669003,78.795504,1,1
11679,zunyi2024,2024,79.727966,80.601655,79.877745,0,1
11680,zunyi2024,2024,76.850555,75.980490,77.135981,0,1
11681,zunyi2024,2024,79.290474,80.742771,81.190194,0,1
11682,zunyi2024,2024,71.070137,84.953291,85.112480,1,1
11683,zunyi2024,2024,83.806259,82.690108,83.963746,0,1
11684,zunyi2024,2024,77.222046,81.768223,81.038891,1,1
11685,zunyi2024,2024,79.163773,82.442381,81.864589,0,1
11686,zunyi2024,2024,67.897377,82.299813,83.190517,1,1
11687,zunyi2024,2024,88.383522,82.002049,82.933931,1,1
11688,zunyi2024,2024,74.113632,78.350862,77.932631,0,1
11689,zunyi2024,2024,73.075668,77.797033,79.439367,1,1
11690,zunyi2024,2024,62.011520,81.953463,81.588606,1,1
11691,zunyi2024,2024,85.601112,82.901968,84.091005,1,1
11692,zunyi2024,2024,71.135941,82.088015,82.832836,1,1
11693,zunyi2024,2024,84.517273,82.560044,83.428520,1,1
11694,zunyi2024,2024,81.579956,83.245230,84.020811,0,1
11695,zunyi2024,2024,77.641953,83.553281,84.434307,1,1
11696,zunyi2024,2024,72.084991,77.625112,77.651461,0,1
11697,zunyi2024,2024,73.255203,79.491407,79.822170,0,1
11698,zunyi2024,2024,65.347519,74.453162,75.687484,0,1
11699,zunyi2024,2024,86.125809,82.599873,82.420113,1,1
11700,zunyi2024,2024,86.778000,81.766130,82.877661,1,1
11701,zunyi2024,2024,81.199600,80.983554,82.358931,0,1
11702,zunyi2024,2024,82.204597,81.644756,82.290001,0,1
11703,zunyi2024,2024,87.496613,83.959110,83.789122,1,1
11704,zunyi2024,2024,75.905769,78.041571,78.888569,1,1
11705,zunyi2024,2024,83.447601,82.920129,82.989769,1,1
11706,zunyi2024,2024,93.100510,86.618535,86.802646,0,1
11707,zunyi2024,2024,69.409218,81.389529,82.609341,0,1
11708,zunyi2024,2024,80.225166,81.259471,83.146762,1,1
11709,zunyi2024,2024,62.860550,76.597422,77.618896,1,1
11710,zunyi2024,2024,82.489952,81.455993,81.944881,1,1
11711,zunyi2024,2024,80.575546,80.345276,81.821916,0,1
11712,zunyi2024,2024,77.032501,78.585824,79.762392,1,1
11713,zunyi2024,2024,82.761780,81.707949,82.729365,1,1
11714,zunyi2024,2024,83.519463,79.634330,80.547510,0,1
11715,zunyi2024,2024,89.296814,86.131839,86.433170,1,1
11716,zunyi2024,2024,75.561752,77.435453,78.041461,1,1
11717,zunyi2024,2024,76.726028,78.528177,79.565008,0,1
11718,zunyi2024,2024,65.408470,79.684322,79.294853,1,1
11719,zunyi2024,2024,83.071121,82.956741,83.508231,0,1
11720,zunyi2024,2024,79.999474,78.974966,78.851571,0,1
11721,zunyi2024,2024,84.682228,80.605165,82.437389,0,1
11722,zunyi2024,2024,84.316338,82.384137,83.296529,1,1
11723,zunyi2024,2024,82.972130,80.027556,80.246962,0,1
11724,zunyi2024,2024,78.744537,79.825155,80.173694,1,1
11725,zunyi2024,2024,80.857414,80.964587,80.684007,0,1
11726,zunyi2024,2024,73.176559,76.756857,77.738169,1,1
11727,zunyi2024,2024,75.551369,80.057029,80.924610,0,1
11728,zunyi2024,2024,69.091888,79.377986,81.350655,0,1
11729,zunyi2024,2024,70.842789,76.724207,77.178718,1,1
11730,zunyi2024,2024,73.262512,79.741991,79.412974,0,1
11731,zunyi2024,2024,78.635513,77.796016,78.819469,1,1
11732,zunyi2024,2024,83.229187,86.206663,86.233068,1,1
11733,zunyi2024,2024,87.673447,82.964621,84.115809,0,1
11734,zunyi2024,2024,77.629616,79.736245,81.078500,0,1
11735,zunyi2024,2024,73.128777,78.605858,79.451318,1,1
11736,zunyi2024,2024,75.919167,82.423318,83.457341,1,1
11737,zunyi2024,2024,54.257912,83.121472,82.641067,1,1
11738,zunyi2024,2024,83.738937,85.584964,86.781733,1,1
11739,zunyi2024,2024,77.397522,81.488923,80.974523,0,1
11740,zunyi2024,2024,79.538376,81.625367,81.891036,0,1
11741,zunyi2024,2024,74.298752,78.190503,78.194543,0,1
11742,zunyi2024,2024,80.885643,81.297121,81.724484,0,1
11743,zunyi2024,2024,79.995872,83.859073,84.417730,0,1
11744,zunyi2024,2024,77.418564,80.152190,80.099568,0,1
11745,zunyi2024,2024,68.734985,80.366140,80.499490,0,1
11746,zunyi2024,2024,74.212563,82.187383,83.864153,0,1
11747,zunyi2024,2024,80.130249,81.434477,82.794216,1,1
11748,zunyi2024,2024,77.135590,77.258774,78.828914,1,1
11749,zunyi2024,2024,83.719131,82.438425,84.000907,1,1
11750,zunyi2024,2024,77.679359,78.443358,79.201290,0,1
11751,zunyi2024,2024,80.137703,80.291673,81.538800,1,1
11752,zunyi2024,2024,73.968086,78.470478,80.115639,0,1
11753,zunyi2024,2024,77.650604,79.827232,80.170470,1,1
11754,zunyi2024,2024,80.688492,79.324040,81.022198,1,1
11755,zunyi2024,2024,82.465775,81.171853,81.320629,0,1
11756,zunyi2024,2024,38.591187,81.887843,81.976578,0,1
11757,zunyi2024,2024,82.438019,83.326299,82.593467,0,1
11758,zunyi2024,2024,79.214561,80.759389,81.573982,0,1
11759,zunyi2024,2024,81.987175,80.420748,81.772978,0,1
11760,zunyi2024,2024,69.416481,79.587374,79.259020,1,1
11761,zunyi2024,2024,70.589211,78.326741,79.270361,0,1
11762,zunyi2024,2024,83.964798,82.618896,82.588985,0,1
11763,zunyi2024,2024,52.412731,85.684466,85.668230,0,1
11764,zunyi2024,2024,92.931381,85.516695,86.300367,1,1
11765,zunyi2024,2024,84.959358,81.148104,81.987912,1,1
11766,zunyi2024,2024,69.476212,77.629941,79.091621,1,1
11767,zunyi2024,2024,83.913994,79.875866,81.671428,0,1
11768,zunyi2024,2024,72.993050,84.276088,85.355887,1,1
11769,zunyi2024,2024,92.447868,89.033593,88.621349,1,1
11770,zunyi2024,2024,80.461258,83.449257,83.368558,0,1
11771,zunyi2024,2024,78.883865,78.911931,78.767201,1,1
11772,zunyi2024,2024,75.516357,79.245258,78.604409,0,1
11773,zunyi2024,2024,79.985947,79.521423,80.703876,1,1
11774,zunyi2024,2024,80.701584,78.694230,79.917590,1,1
11775,zunyi2024,2024,87.942474,83.211300,83.735400,0,1
11776,zunyi2024,2024,84.470764,84.217783,84.912630,1,1
11777,zunyi2024,2024,81.804100,78.900103,80.451690,1,1
11778,zunyi2024,2024,84.318886,81.402815,81.831655,0,1
11779,zunyi2024,2024,82.934227,85.009829,86.122341,1,1
11780,zunyi2024,2024,78.550354,77.417979,78.994946,1,1
11781,zunyi2024,2024,72.413101,77.075922,78.213318,1,1
11782,zunyi2024,2024,77.411476,80.389231,80.713187,0,1
11783,zunyi2024,2024,81.255295,79.175216,80.299092,1,1
11784,zunyi2024,2024,72.458115,75.856163,78.229328,0,1
11785,zunyi2024,2024,76.428947,79.712074,80.140572,1,1
11786,zunyi2024,2024,85.437042,80.508566,81.943696,0,1
11787,zunyi2024,2024,82.332268,80.180284,81.306140,0,1
11788,zunyi2024,2024,68.263092,75.295088,77.159883,0,1
11789,zunyi2024,2024,79.315155,81.301875,81.036707,0,1
11790,zunyi2024,2024,84.067505,81.458832,81.987505,0,1
11791,zunyi2024,2024,75.888458,80.122396,81.265298,0,1
11792,zunyi2024,2024,85.164017,82.367863,82.638935,0,1
11793,zunyi2024,2024,78.977379,79.827152,79.637656,0,1
11794,zunyi2024,2024,76.747673,79.993940,81.207043,1,1
11795,zunyi2024,2024,79.005882,80.329887,81.431561,0,1
11796,zunyi2024,2024,62.771183,75.916084,77.537842,0,1
11797,zunyi2024,2024,75.471352,78.040063,78.938872,1,1
11798,zunyi2024,2024,76.900452,87.750345,86.933162,0,1
11799,zunyi2024,2024,70.942963,77.169194,78.631320,1,1
11800,zunyi2024,2024,77.997688,79.146758,79.252972,1,1
11801,zunyi2024,2024,85.706238,81.805893,82.191998,0,1
11802,zunyi2024,2024,81.174370,81.355808,81.929658,1,1
11803,zunyi2024,2024,76.410721,81.325904,80.536741,0,1
11804,zunyi2024,2024,83.338898,85.120292,85.625213,1,1
11805,zunyi2024,2024,74.020973,79.988630,83.448053,0,1
11806,zunyi2024,2024,77.305725,80.394331,80.308653,1,1
11807,zunyi2024,2024,74.047295,80.353094,80.934980,1,1
11808,zunyi2024,2024,77.015617,79.064834,79.782131,1,1
11809,zunyi2024,2024,77.508232,83.776568,84.927530,1,1
11810,zunyi2024,2024,77.361595,81.516978,81.348104,0,1
11811,zunyi2024,2024,78.665588,81.221938,82.150090,1,1
11812,zunyi2024,2024,74.606056,79.279858,79.804891,0,1
11813,zunyi2024,2024,75.253258,78.201275,79.629299,0,1
11814,zunyi2024,2024,54.046356,77.061153,79.577316,1,1
11815,zunyi2024,2024,74.595848,79.914429,81.275245,0,1
11816,zunyi2024,2024,80.074242,78.146392,79.198744,1,1
11817,zunyi2024,2024,75.800034,78.733737,78.741178,1,1
11818,zunyi2024,2024,83.359077,82.584661,82.288723,1,1
11819,zunyi2024,2024,81.453842,83.360498,82.886487,1,1
11820,zunyi2024,2024,79.023949,79.889379,79.873200,0,1
11821,zunyi2024,2024,77.847168,80.039714,80.314588,0,1
11822,zunyi2024,2024,69.444603,84.084171,83.475068,1,1
11823,zunyi2024,2024,75.858017,78.326849,79.540991,0,1
11824,zunyi2024,2024,77.981277,78.133071,79.135870,0,1
11825,zunyi2024,2024,82.334274,82.150566,83.565430,0,1
11826,zunyi2024,2024,75.080605,79.872667,79.955724,0,1
11827,zunyi2024,2024,79.840103,84.929126,84.577294,1,1
11828,zunyi2024,2024,78.894653,79.858586,80.286344,0,1
11829,zunyi2024,2024,74.539474,79.159251,81.259371,0,1
11830,zunyi2024,2024,85.826714,80.706779,82.163761,1,1
11831,zunyi2024,2024,83.084633,80.227759,80.747192,1,1
11832,zunyi2024,2024,84.711197,84.136911,84.177613,1,1
11833,zunyi2024,2024,77.494255,81.152140,80.985012,1,1
11834,zunyi2024,2024,78.090668,79.810562,80.158537,1,1
11835,zunyi2024,2024,64.613914,77.288130,77.288621,0,1
11836,zunyi2024,2024,84.535339,85.839535,85.402927,1,1
11837,zunyi2024,2024,89.974403,86.321582,86.664650,0,1
11838,zunyi2024,2024,77.677765,79.836537,79.889043,0,1
11839,zunyi2024,2024,80.198601,78.961977,80.040231,0,1
11840,zunyi2024,2024,74.141891,85.245485,86.625926,0,1
11841,zunyi2024,2024,70.053192,80.239965,81.321860,1,1
11842,zunyi2024,2024,72.962105,77.871607,78.216455,0,1
11843,zunyi2024,2024,69.403229,79.860641,81.272470,0,1
11844,zunyi2024,2024,67.970467,78.121882,79.081171,0,1
11845,zunyi2024,2024,66.119202,75.426900,75.756946,0,1
11846,zunyi2024,2024,75.776878,82.459869,81.796412,1,1
11847,zunyi2024,2024,75.414917,79.103536,78.806330,0,1
11848,zunyi2024,2024,79.595512,78.038723,79.897291,1,1
11849,zunyi2024,2024,82.127861,81.266922,80.707955,1,1
11850,zunyi2024,2024,81.762596,83.038147,83.066289,1,1
11851,zunyi2024,2024,64.337250,79.826956,79.674912,1,1
11852,zunyi2024,2024,72.366875,78.563390,78.593140,1,1
11853,zunyi2024,2024,62.255024,80.660569,80.087690,0,1
11854,zunyi2024,2024,81.983665,82.113902,81.989132,0,1
11855,zunyi2024,2024,58.089649,80.846941,80.804756,0,1
11856,zunyi2024,2024,84.032402,80.821222,80.792643,1,1
11857,zunyi2024,2024,77.045097,78.196566,78.964745,0,1
11858,zunyi2024,2024,80.666954,82.031379,81.879831,0,1
11859,zunyi2024,2024,71.906868,81.999120,81.450145,0,1
11860,zunyi2024,2024,82.355728,81.403459,81.719186,0,1
11861,zunyi2024,2024,79.621384,83.587504,83.653035,1,1
11862,zunyi2024,2024,82.179901,83.057809,82.262079,1,1
11863,zunyi2024,2024,70.906792,78.863556,80.620233,1,1
11864,zunyi2024,2024,73.734344,83.217058,82.908520,0,1
11865,zunyi2024,2024,76.302322,78.076998,78.702006,0,1
11866,zunyi2024,2024,64.879585,80.462711,82.559056,0,1
11867,zunyi2024,2024,78.673347,81.636536,82.338793,0,1
11868,zunyi2024,2024,83.648506,84.264806,85.528289,0,1
11869,zunyi2024,2024,62.336315,79.579067,82.294105,0,1
11870,zunyi2024,2024,77.697075,77.357385,79.459984,0,1
11871,zunyi2024,2024,75.376320,82.361826,83.048289,1,1
11872,zunyi2024,2024,81.596062,80.011456,81.519038,1,1
11873,zunyi2024,2024,80.721542,79.908555,79.778550,1,1
11874,zunyi2024,2024,84.779892,81.763082,83.267314,0,1
11875,zunyi2024,2024,79.387383,81.027678,82.499350,0,1
11876,zunyi2024,2024,76.032082,83.246940,83.472491,1,1
11877,zunyi2024,2024,77.551498,80.442534,80.078341,1,1
11878,zunyi2024,2024,85.803177,82.708570,83.063101,1,1
11879,zunyi2024,2024,75.672844,80.403352,79.960564,0,1
11880,zunyi2024,2024,85.057953,81.377156,82.225244,1,1
11881,zunyi2024,2024,87.236267,85.435447,85.011264,0,1
11882,zunyi2024,2024,80.289444,80.101972,80.034498,0,1
11883,zunyi2024,2024,80.232841,79.201392,79.223487,1,1
11884,zunyi2024,2024,67.740410,76.751239,76.745225,0,1
11885,zunyi2024,2024,82.514992,82.985547,85.087652,0,1
11886,zunyi2024,2024,83.221191,83.549299,83.613434,0,1
11887,zunyi2024,2024,76.770485,80.022433,79.931512,0,1
11888,zunyi2024,2024,86.639359,82.638024,82.859343,0,1
11889,zunyi2024,2024,78.353882,79.793416,80.376941,1,1
11890,zunyi2024,2024,74.507988,77.475503,78.103266,0,1
11891,zunyi2024,2024,72.573982,77.615538,77.632914,1,1
11892,zunyi2024,2024,76.426346,79.639179,79.819742,1,1
11893,zunyi2024,2024,76.904457,80.293174,81.135208,1,1
11894,zunyi2024,2024,86.265617,80.230400,83.149727,0,1
11895,zunyi2024,2024,81.347656,79.949091,80.441492,0,1
11896,zunyi2024,2024,80.335960,81.448949,81.146689,0,1
11897,zunyi2024,2024,74.819336,77.663487,78.172143,1,1
11898,zunyi2024,2024,77.208435,81.220511,81.933993,1,1
11899,zunyi2024,2024,85.249611,83.241688,83.132747,0,1
11900,zunyi2024,2024,74.551407,79.683156,79.692718,0,1
11901,zunyi2024,2024,78.651672,78.284470,80.006420,0,1
11902,zunyi2024,2024,81.933853,82.733616,83.820080,1,1
11903,zunyi2024,2024,79.612556,81.166327,80.959566,1,1
11904,zunyi2024,2024,86.034653,82.794059,82.964038,1,1
11905,zunyi2024,2024,71.491005,78.572220,78.749512,1,1
11906,zunyi2024,2024,71.464470,81.347408,81.502051,1,1
11907,zunyi2024,2024,73.597321,78.835979,79.660077,0,1
11908,zunyi2024,2024,91.563972,90.181707,89.880985,0,1
11909,zunyi2024,2024,81.959435,81.374584,81.964500,0,1
11910,zunyi2024,2024,72.033073,74.753615,77.493370,1,1
11911,zunyi2024,2024,74.142883,80.391632,81.463726,0,1
11912,zunyi2024,2024,82.716408,85.601982,85.534807,0,1
11913,zunyi2024,2024,86.839714,81.894830,82.735286,0,1
11914,zunyi2024,2024,83.058357,81.552826,81.127366,0,1
11915,zunyi2024,2024,79.998062,80.395607,81.042671,0,1
11916,zunyi2024,2024,78.642799,77.863056,78.800624,1,1
11917,zunyi2024,2024,74.374565,77.362966,77.684047,1,1
11918,zunyi2024,2024,66.571686,80.523866,79.935592,0,1
11919,zunyi2024,2024,79.687210,81.709900,81.891036,0,1
11920,zunyi2024,2024,75.087288,80.359841,80.612556,0,1
11921,zunyi2024,2024,77.693222,79.396841,79.559265,1,1
11922,zunyi2024,2024,84.429947,83.615137,84.297261,1,1
11923,zunyi2024,2024,81.958160,79.294876,79.907080,0,1
11924,zunyi2024,2024,67.264732,78.562835,81.842595,0,1
11925,zunyi2024,2024,78.122108,78.783733,78.546685,1,1
11926,zunyi2024,2024,78.062546,82.353667,82.513670,0,1
11927,zunyi2024,2024,72.153999,76.437655,77.366185,0,1
11928,zunyi2024,2024,85.807137,82.126521,83.247025,1,1
11929,zunyi2024,2024,69.187317,83.620903,84.381700,1,1
11930,zunyi2024,2024,81.714264,82.439448,81.846948,1,1
11931,zunyi2024,2024,60.542763,80.634343,81.069662,1,1
11932,zunyi2024,2024,83.729378,81.460541,81.853356,1,1
11933,zunyi2024,2024,77.857162,80.574247,79.984109,0,1
11934,zunyi2024,2024,76.560196,78.457122,79.865853,1,1
11935,zunyi2024,2024,70.768509,77.113874,78.029110,1,1
11936,zunyi2024,2024,88.223976,82.684489,82.692892,1,1
11937,zunyi2024,2024,81.929253,79.994290,81.403763,0,1
11938,zunyi2024,2024,68.128883,80.641130,80.649171,1,1
11939,zunyi2024,2024,83.995911,79.578987,80.510002,1,1
11940,zunyi2024,2024,79.421219,79.020360,80.010980,0,1
11941,zunyi2024,2024,80.252411,80.432036,81.139388,0,1
11942,zunyi2024,2024,79.165489,78.182126,80.378972,0,1
11943,zunyi2024,2024,79.471985,79.999997,80.726694,0,1
11944,hsbc2025,2025,66.509613,76.314566,78.101664,1,1
11945,hsbc2025,2025,77.681213,77.964421,78.496145,0,1
11946,hsbc2025,2025,71.592239,81.197065,80.789034,0,1
11947,hsbc2025,2025,75.721695,76.591308,77.275830,1,1
11948,hsbc2025,2025,75.567963,79.542652,80.053604,0,1
11949,hsbc2025,2025,77.414230,79.332314,79.481292,0,1
11950,hsbc2025,2025,81.617790,80.536704,80.843660,1,1
11951,hsbc2025,2025,74.272148,79.447677,81.172491,1,1
11952,hsbc2025,2025,87.675705,83.595306,84.815496,1,1
11953,hsbc2025,2025,83.987740,82.833650,84.014271,1,1
11954,hsbc2025,2025,75.683548,77.343350,77.877272,1,1
11955,hsbc2025,2025,68.607574,77.028063,77.963771,0,1
11956,hsbc2025,2025,87.799019,81.975666,82.372296,1,1
11957,hsbc2025,2025,78.087532,81.143678,81.446555,0,1
11958,hsbc2025,2025,80.451874,81.934734,83.673922,0,1
11959,hsbc2025,2025,76.887444,80.777361,83.012159,0,1
11960,hsbc2025,2025,76.058884,76.733911,77.399554,0,1
11961,hsbc2025,2025,71.127045,75.530960,77.167774,1,1
11962,hsbc2025,2025,77.801895,78.293234,79.642408,1,1
11963,hsbc2025,2025,78.369347,78.719706,79.630413,0,1
11964,hsbc2025,2025,69.743469,77.550685,78.105345,1,1
11965,hsbc2025,2025,77.379448,78.212133,78.537446,0,1
11966,hsbc2025,2025,89.007988,83.393100,83.924959,1,1
11967,hsbc2025,2025,87.697807,80.786376,82.633803,1,1
11968,hsbc2025,2025,76.048279,78.153117,80.207077,0,1
11969,hsbc2025,2025,89.399513,85.408876,85.945052,0,1
11970,hsbc2025,2025,76.384995,79.909950,79.372170,1,1
11971,hsbc2025,2025,85.526260,81.974155,83.735088,0,1
11972,hsbc2025,2025,82.147942,78.771429,79.834219,1,1
11973,hsbc2025,2025,68.953773,75.641988,76.975524,1,1
11974,hsbc2025,2025,81.131866,81.421873,81.074195,0,1
11975,hsbc2025,2025,72.069923,76.497573,77.480129,1,1
11976,hsbc2025,2025,81.263596,77.402317,79.344410,0,1
11977,hsbc2025,2025,77.578896,78.867646,78.758719,0,1
11978,hsbc2025,2025,80.890991,79.890768,81.938510,0,1
11979,hsbc2025,2025,81.906822,81.269588,82.359728,1,1
11980,hsbc2025,2025,83.744415,83.878015,84.468402,0,1
11981,hsbc2025,2025,76.823288,77.551319,78.232438,0,1
11982,hsbc2025,2025,78.042809,80.141388,79.438299,0,1
11983,hsbc2025,2025,72.208389,76.556272,79.013933,0,1
11984,hsbc2025,2025,71.996727,75.542457,77.462312,1,1
11985,hsbc2025,2025,82.795807,82.230608,82.389559,1,1
11986,hsbc2025,2025,75.118774,78.179924,78.408900,1,1
11987,hsbc2025,2025,80.669357,79.665256,80.405384,0,1
11988,hsbc2025,2025,80.872360,79.945557,81.157210,0,1
11989,hsbc2025,2025,68.396065,77.493844,78.269621,1,1
11990,hsbc2025,2025,78.030312,78.466531,78.556547,0,1
11991,hsbc2025,2025,75.880157,78.624299,78.820551,1,1
11992,hsbc2025,2025,77.160439,78.588965,79.109915,0,1
11993,hsbc2025,2025,73.020142,75.720598,76.632690,0,1
11994,hsbc2025,2025,74.443085,76.215009,77.548096,1,1
11995,hsbc2025,2025,83.667213,82.554390,82.977376,0,1
11996,hsbc2025,2025,86.092445,83.393915,83.218110,1,1
11997,hsbc2025,2025,78.729630,78.792131,79.763367,1,1
11998,hsbc2025,2025,78.248451,77.626118,80.366513,0,1
11999,hsbc2025,2025,77.318466,78.941484,78.760891,0,1
12000,hsbc2025,2025,69.813629,75.822745,76.236213,1,1
12001,hsbc2025,2025,67.713264,75.397043,75.700983,0,1
12002,hsbc2025,2025,75.427170,77.071265,78.057150,0,1
12003,hsbc2025,2025,81.706009,85.709587,86.632549,0,1
12004,hsbc2025,2025,76.428589,77.314747,77.679648,1,1
12005,hsbc2025,2025,75.638855,79.605920,79.130045,1,1
12006,hsbc2025,2025,82.814125,80.419417,80.592070,1,1
12007,hsbc2025,2025,77.014023,77.442337,78.556577,0,1
12008,hsbc2025,2025,81.054390,79.037873,79.914385,1,1
12009,hsbc2025,2025,65.217575,78.606796,80.142842,1,1
12010,hsbc2025,2025,73.696724,76.557629,78.364409,1,1
12011,hsbc2025,2025,71.390083,77.048427,78.547386,1,1
12012,hsbc2025,2025,75.957191,76.990508,78.486348,1,1
12013,hsbc2025,2025,90.558746,84.543470,84.785096,0,1
12014,hsbc2025,2025,86.531609,87.653048,87.934060,1,1
12015,hsbc2025,2025,86.723930,82.391875,83.852044,0,1
12016,hsbc2025,2025,79.558151,77.079780,79.346908,1,1
12017,hsbc2025,2025,71.932426,75.429834,76.185370,0,1
12018,hsbc2025,2025,87.829086,85.324662,86.393193,0,1
12019,hsbc2025,2025,73.599998,77.295004,77.043054,1,1
12020,hsbc2025,2025,77.583298,77.435204,78.851172,0,1
12021,hsbc2025,2025,76.670090,77.559733,78.069507,1,1
12022,hsbc2025,2025,74.174545,79.022392,78.977256,1,1
12023,hsbc2025,2025,81.357101,81.011439,81.152907,0,1
12024,hsbc2025,2025,75.991524,78.350350,79.145726,0,1
12025,hsbc2025,2025,79.973000,80.957287,82.197178,0,1
12026,hsbc2025,2025,79.032829,78.266660,79.499418,0,1
12027,hsbc2025,2025,79.205498,78.447358,79.503835,0,1
12028,hsbc2025,2025,90.042252,85.189002,86.497747,0,1
12029,hsbc2025,2025,76.418793,77.293123,78.039132,0,1
12030,hsbc2025,2025,72.948235,76.240000,76.553614,1,1
12031,hsbc2025,2025,87.389893,82.624191,82.691148,1,1
12032,hsbc2025,2025,86.295937,82.211560,82.317536,0,1
12033,hsbc2025,2025,81.427887,78.340215,79.687494,0,1
12034,hsbc2025,2025,88.110886,84.468363,84.457861,0,1
12035,hsbc2025,2025,83.571503,78.975201,79.495117,0,1
12036,hsbc2025,2025,83.623734,80.551158,81.791584,1,1
12037,hsbc2025,2025,86.817795,82.839077,83.274618,0,1
12038,hsbc2025,2025,75.480492,76.901927,77.724468,0,1
12039,hsbc2025,2025,75.601234,77.998180,78.822684,0,1
12040,hsbc2025,2025,92.477325,86.204918,86.877930,0,1
12041,hsbc2025,2025,75.659386,77.114186,78.065838,1,1
12042,hsbc2025,2025,78.940865,80.024896,81.725691,1,1
12043,hsbc2025,2025,77.917931,78.323544,79.996227,1,1
12044,hsbc2025,2025,89.990089,87.129404,87.298273,0,1
12045,hsbc2025,2025,71.970398,77.286932,78.196104,1,1
12046,hsbc2025,2025,80.521431,78.122518,79.093173,0,1
12047,hsbc2025,2025,75.454720,77.929138,77.393591,1,1
12048,hsbc2025,2025,82.316223,80.906178,81.194277,1,1
12049,hsbc2025,2025,77.217377,80.187452,79.697686,1,1
12050,hsbc2025,2025,74.384926,78.781045,78.995915,1,1
12051,hsbc2025,2025,86.832031,83.867518,83.799538,1,1
12052,hsbc2025,2025,72.611748,78.262215,78.648388,0,1
12053,hsbc2025,2025,78.940735,80.300269,81.037444,1,1
12054,hsbc2025,2025,81.498497,83.377844,83.616134,1,1
12055,hsbc2025,2025,74.799866,76.873535,77.209338,1,1
12056,hsbc2025,2025,73.966118,76.713304,78.064515,0,1
12057,hsbc2025,2025,70.406960,77.469447,78.313390,0,1
12058,hsbc2025,2025,75.845734,76.661241,77.799880,1,1
12059,hsbc2025,2025,73.464104,76.936193,76.927982,0,1
12060,hsbc2025,2025,78.943237,79.591695,80.454063,0,1
12061,hsbc2025,2025,74.842888,77.258376,77.199784,0,1
12062,hsbc2025,2025,80.351982,79.292019,80.519428,1,1
12063,hsbc2025,2025,71.731674,75.633853,76.881332,0,1
12064,hsbc2025,2025,79.542206,78.804558,79.034267,0,1
12065,hsbc2025,2025,82.529785,80.127373,80.371670,1,1
12066,hsbc2025,2025,,82.556421,83.006463,0,0
12067,hsbc2025,2025,71.315552,77.956127,79.322056,1,1
12068,hsbc2025,2025,67.193153,82.634049,84.248423,1,1
12069,hsbc2025,2025,78.225418,78.792312,79.809670,0,1
12070,hsbc2025,2025,81.692551,80.229201,81.195007,0,1
12071,hsbc2025,2025,81.244316,81.032124,81.320383,1,1
12072,hsbc2025,2025,77.797577,78.469162,78.536551,1,1
12073,hsbc2025,2025,69.602150,76.488789,77.501826,1,1
12074,hsbc2025,2025,77.528236,79.500198,80.297248,0,1
12075,hsbc2025,2025,77.898254,78.074355,78.956289,1,1
12076,hsbc2025,2025,89.810631,85.580317,85.306180,1,1
12077,hsbc2025,2025,82.199791,80.782583,80.693886,0,1
12078,hsbc2025,2025,77.653015,79.583512,79.749727,1,1
12079,hsbc2025,2025,76.875153,79.332941,78.498694,0,1
12080,hsbc2025,2025,75.690392,79.410103,78.464641,0,1
12081,hsbc2025,2025,78.291145,79.763840,79.775417,0,1
12082,hsbc2025,2025,87.734184,85.012933,85.702949,0,1
12083,hsbc2025,2025,65.771500,74.002986,75.804629,1,1
12084,hsbc2025,2025,79.112404,82.733311,82.977126,1,1
12085,hsbc2025,2025,73.490120,77.490242,77.638447,0,1
12086,hsbc2025,2025,80.302521,80.075910,79.717921,1,1
12087,hsbc2025,2025,74.613678,78.846746,79.483452,1,1
12088,hsbc2025,2025,74.828453,76.121573,77.455218,1,1
12089,hsbc2025,2025,77.943367,79.669661,80.111436,0,1
12090,hsbc2025,2025,73.545547,78.821107,78.983331,0,1
12091,hsbc2025,2025,75.931839,79.104548,80.834955,0,1
12092,hsbc2025,2025,62.194927,76.812442,77.650011,0,1
12093,hsbc2025,2025,78.302628,82.604697,83.011480,1,1
12094,hsbc2025,2025,80.072052,77.758055,78.823338,1,1
12095,hsbc2025,2025,86.662720,82.930235,83.436453,1,1
12096,hsbc2025,2025,73.873436,80.599371,81.129715,0,1
12097,hsbc2025,2025,82.434204,82.277234,81.724288,1,1
12098,hsbc2025,2025,79.272934,80.452146,79.793941,1,1
12099,hsbc2025,2025,88.735039,85.160930,85.651386,1,1
12100,hsbc2025,2025,77.272484,78.829751,80.201237,1,1
12101,hsbc2025,2025,77.878868,77.185192,77.712719,1,1
12102,hsbc2025,2025,79.387024,79.406091,80.170312,1,1
12103,hsbc2025,2025,81.207153,78.925933,79.500314,1,1
12104,hsbc2025,2025,85.782776,81.887952,81.996500,0,1
12105,hsbc2025,2025,82.360374,80.610173,80.394156,1,1
12106,hsbc2025,2025,78.745567,77.784956,78.426731,1,1
12107,hsbc2025,2025,83.539429,81.899122,81.642830,1,1
12108,hsbc2025,2025,77.891121,77.937468,79.397957,0,1
12109,hsbc2025,2025,72.364853,77.823881,78.282417,1,1
12110,hsbc2025,2025,73.602058,77.096664,77.085703,1,1
12111,hsbc2025,2025,71.862671,77.652291,77.973665,0,1
12112,hsbc2025,2025,73.386971,76.812966,78.131288,1,1
12113,hsbc2025,2025,90.845390,83.665592,85.799116,0,1
12114,hsbc2025,2025,89.258469,85.169690,86.114375,1,1
12115,hsbc2025,2025,87.270149,83.281165,83.537526,0,1
12116,hsbc2025,2025,89.165291,83.360458,84.155992,0,1
12117,hsbc2025,2025,84.172791,82.572848,83.214249,0,1
12118,hsbc2025,2025,76.224068,78.694409,78.654848,0,1
12119,hsbc2025,2025,86.929497,82.929153,83.534904,1,1
12120,hsbc2025,2025,71.263756,76.995295,76.725490,0,1
12121,hsbc2025,2025,74.656662,79.365544,80.574224,1,1
12122,hsbc2025,2025,73.420570,77.206408,77.506190,1,1
12123,hsbc2025,2025,77.243530,81.675643,81.588061,1,1
12124,hsbc2025,2025,83.959053,83.139829,82.232616,1,1
12125,hsbc2025,2025,73.937241,78.201625,78.283340,0,1
12126,hsbc2025,2025,81.917679,79.470787,80.570917,0,1
12127,hsbc2025,2025,73.676796,76.185447,76.940765,0,1
12128,hsbc2025,2025,81.540504,82.726349,83.873603,1,1
12129,hsbc2025,2025,80.630074,79.691908,81.002103,0,1
12130,hsbc2025,2025,73.862236,80.476882,80.200679,1,1
12131,hsbc2025,2025,88.159126,84.893536,85.413564,0,1
12132,hsbc2025,2025,86.887535,83.713332,84.767786,0,1
12133,hsbc2025,2025,86.611382,82.443975,82.788387,0,1
12134,hsbc2025,2025,89.380470,85.300399,85.763572,0,1
12135,hsbc2025,2025,86.565781,82.699413,83.508982,0,1
12136,hsbc2025,2025,91.573296,86.683424,87.169132,0,1
12137,hsbc2025,2025,77.826866,78.480936,79.200487,0,1
12138,hsbc2025,2025,79.351662,81.551899,81.598641,1,1
12139,hsbc2025,2025,86.024490,82.052556,81.966990,0,1
12140,hsbc2025,2025,90.558037,89.654221,90.826745,0,1
12141,hsbc2025,2025,78.957520,77.923510,79.031925,1,1
12142,hsbc2025,2025,82.502586,78.987108,80.348513,0,1
12143,hsbc2025,2025,78.526756,80.620103,81.883362,1,1
12144,hsbc2025,2025,85.259995,81.727845,82.754594,1,1
12145,hsbc2025,2025,84.898773,82.462329,82.765603,0,1
12146,hsbc2025,2025,86.268913,84.418908,84.445573,1,1
