student_id,dat_1_en,dat_2_en,dat_3_en,dat_4_en,dat_5_en,dat_6_en,dat_7_en,dat_8_en,dat_9_en,dat_10_en,sex_en,ethnicity_en,province_en,major_en,college_en,admission_batch_en,candidate_type_en,foreign_language_en
250150108,nephew,cake,birthday,wristwatch,curtain,shoes,manicure,boss,friday,composition,female,Buyi,Guizhou,Clinical Medicine,Clinical College,Second-batch Undergraduate,Autumn Unified Exam,English
250150118,hell,apple,zombie,poprocks,banana,rocket,shoes,box,study,waterfall,female,Han,Jiangxi,Clinical Medicine,Clinical College,Second-batch Undergraduate,Autumn Unified Exam,English
250150119,refrigerator,magnet,train,tree,rocket,robot,electron,photon,radiation,plug,female,Chuanqing,Guizhou,Clinical Medicine,Clinical College,Second-batch Undergraduate,Autumn Unified Exam,English
250150128,watermelon,penguin,bread,boat,amusementpark,polarbear,universe,soymilk,airplane,bath,female,Han,Guizhou,Clinical Medicine,Clinical College,Second-batch Undergraduate,Autumn Unified Exam,English
250150129,stereo,trees,hotpot,kebab,milktea,glasses,sidewalk,hairband,road,car,female,Gelao,Guizhou,Clinical Medicine,Clinical College,Second-batch Undergraduate,Autumn Unified Exam,English
250150130,pipe,tester,airplane,computer,balance,chestnut,paper,douzhi,shoelace,insect,male,Buyi,Guizhou,Clinical Medicine,Clinical College,Second-batch Undergraduate,Autumn Unified Exam,English
250150132,windmill,broadcasting,cable,redflag,glass,tapwater,sun,rainbow,cash,traffic,female,Tujia,Guizhou,Clinical Medicine,Clinical College,Second-batch Undergraduate,Autumn Unified Exam,English
250150133,plastic,greenbelt,shop,lemon,mars,willow,river,amber,forest,volcano,female,Han,Guizhou,Clinical Medicine,Clinical College,Second-batch Undergraduate,Autumn Unified Exam,English
250150134,wheel,frequency,sand,mouse,sewer,vitreous,chloroplast,flag,cat,shaft,female,Bai,Guizhou,Clinical Medicine,Clinical College,Second-batch Undergraduate,Autumn Unified Exam,English
250150135,seawater,apple,toothpaste,hammock,banana,soymilk,rocket,turkey,sorghum,mural,female,Han,Guizhou,Clinical Medicine,Clinical College,Second-batch Undergraduate,Autumn Unified Exam,English
250150136,scholar,education,book,flower,complete,prayer,airplane,aviation,work,method,female,Han,Guizhou,Clinical Medicine,Clinical College,Second-batch Undergraduate,Autumn Unified Exam,English
250150137,aviation,rice,lion,mangosteen,elephant,game,war,cancer,treatment,beauty,male,Tujia,Guizhou,Clinical Medicine,Clinical College,Second-batch Undergraduate,Autumn Unified Exam,English
250150138,ocean,yacht,fish,seagull,sky,bird,lamp,stereo,flag,wilderness,female,Han,Jiangxi,Clinical Medicine,Clinical College,Second-batch Undergraduate,Autumn Unified Exam,English
250150139,pear,breakfast,piano,schoolbag,umbrella,computer,ticket,notebook,top,badge,female,Han,Guizhou,Clinical Medicine,Clinical College,Second-batch Undergraduate,Autumn Unified Exam,English
250150140,soil,poison,pants,rocket,ant,spaceship,dumpling,blackhole,castle,couple,male,Han,Hubei,Clinical Medicine,Clinical College,Second-batch Undergraduate,Regular Gaokao,English
250150142,bird,float,sky,paradise,band,ocean,forest,cloud,bicycle,sunshine,male,Han,Sichuan,Clinical Medicine,Clinical College,Second-batch Undergraduate,National Unified Exam,English
250150154,floatie,straw,cloud,grass,cake,pen,hamster,umbrella,cup,backpack,female,Han,Guangdong,Clinical Medicine,Clinical College,Second-batch Undergraduate,Regular Unified Exam,English
250150202,field,dragon,popsicle,raindrop,vacation,sentence,celebrity,chatter,seeds,meaning,female,Li,Guizhou,Clinical Medicine,Clinical College,Second-batch Undergraduate,Autumn Unified Exam,English
250150203,luggage,banana,money,chang'e,hotpot,fish,composition,egg,champion,realty,female,Tujia,Guizhou,Clinical Medicine,Clinical College,Second-batch Undergraduate,Autumn Unified Exam,English
250150210,sail,waterfall,snowmountain,scissors,fishpond,hotpot,clothing,program,lawn,bulb,female,Tujia,Guizhou,Clinical Medicine,Clinical College,Second-batch Undergraduate,Autumn Unified Exam,English
250150216,plan,annually,sketch,jade,prosper,level,weather,mars,carp,girl,female,Miao,Guizhou,Clinical Medicine,Clinical College,Second-batch Undergraduate,Autumn Unified Exam,English
250150221,fruit,candle,clothes,traffic,beauty,box,galaxy,earth,sky,house,female,Han,Guizhou,Clinical Medicine,Clinical College,Second-batch Undergraduate,Autumn Unified Exam,English
250150223,family,snowfall,peel,ox,soil,planting,dedicate,enjoy,experience,choice,female,Han,Guizhou,Clinical Medicine,Clinical College,Second-batch Undergraduate,Autumn Unified Exam,English
250150226,sun,glasses,hairdryer,rainbow,manicure,fish,osmanthus,mulberry,necklace,skirt,female,Dong,Guizhou,Clinical Medicine,Clinical College,Second-batch Undergraduate,Autumn Unified Exam,English
250150227,apple,cloud,tractor,river,camera,seat,airconditioner,classroom,blackhole,doll,female,Han,Guizhou,Clinical Medicine,Clinical College,Second-batch Undergraduate,Autumn Unified Exam,English
250150228,life,weather,world,freedom,ecology,wisdom,tomorrow,money,snack,scenery,male,Tujia,Guizhou,Clinical Medicine,Clinical College,Second-batch Undergraduate,Autumn Unified Exam,English
250150229,chair,running,ship,zebra,hairpin,rail,meteor,cake,oasis,keyboard,female,Han,Guizhou,Clinical Medicine,Clinical College,Second-batch Undergraduate,Autumn Unified Exam,English
250150231,batting,powder,kite,slough,dew,moss,flute,association,classroom,football,male,Miao,Guizhou,Clinical Medicine,Clinical College,Second-batch Undergraduate,Autumn Unified Exam,English
250150233,keyboard,clothes,pen,sky,bulb,classroom,heart,emotion,trees,airconditioner,female,Han,Guizhou,Clinical Medicine,Clinical College,Second-batch Undergraduate,Autumn Unified Exam,English
250150235,floor,space,strawberry,textbook,clothes,cup,cellphone,airplane,ocean,skin,female,Han,Anhui,Clinical Medicine,Clinical College,Second-batch Undergraduate,Autumn Unified Exam,English
250150237,banana,pigsy,grape,refrigerator,travel,game,badminton,hunk,panda,friendship,female,Buyi,Guizhou,Clinical Medicine,Clinical College,Second-batch Undergraduate,Autumn Unified Exam,English
250150238,basketball,clock,drumstick,airplane,go,cigarette,rocket,moon,clothes,airconditioner,male,Han,Fujian,Clinical Medicine,Clinical College,Second-batch Undergraduate,Autumn Unified Exam,English
250150239,ant,eyelash,worm,space,whale,clock,plank,magma,gem,snail,female,Han,Fujian,Clinical Medicine,Clinical College,Second-batch Undergraduate,Autumn Unified Exam,English
250150240,rain,happy,school,schoolbag,cellphone,television,family,book,bottle,dormitory,male,Han,Yunnan,Clinical Medicine,Clinical College,Second-batch Undergraduate,Autumn Unified Exam,English
250150241,house,village,pear,tree,chair,pole,lawn,birdie,cloud,uncle,female,Tujia,Guizhou,Clinical Medicine,Clinical College,Second-batch Undergraduate,Autumn Unified Exam,English
250150243,game,universe,mimicry,future,technology,march,ruins,fate,beauty,environment,male,Buyi,Guizhou,Clinical Medicine,Clinical College,Second-batch Undergraduate,Autumn Unified Exam,English
250150244,pipe,car,wood,football,thermometer,sail,tears,dictionary,mermaid,cash,male,Hui,Yunnan,Clinical Medicine,Clinical College,Second-batch Undergraduate,Autumn Unified Exam,English
250150245,star,car,hammer,platter,dumbbell,tshirt,opera,skateboard,paint,plants,male,Han,Anhui,Clinical Medicine,Clinical College,Second-batch Undergraduate,Autumn Unified Exam,English
250150248,apple,future,star,newton,antimony,assassin,creed,mistletoe,downpour,foundation,male,Han,Guangdong,Clinical Medicine,Clinical College,Second-batch Undergraduate,Regular Unified Exam,English
250150251,strawberry,friend,hobby,badminton,pingpong,gym,diet,hotpot,barbecue,running,male,Han,Chongqing,Clinical Medicine,Clinical College,Second-batch Undergraduate,Autumn Unified Exam,English
250150254,green,mountain,universe,malatang,photograph,tour,speech,play,boring,madman,female,Han,Sichuan,Clinical Medicine,Clinical College,Second-batch Undergraduate,National Unified Exam,English
250150306,tractor,cow,egg,carrot,car,turkey,airplane,balloon,inflator,bread,female,Miao,Guizhou,Clinical Medicine,Clinical College,Second-batch Undergraduate,Autumn Unified Exam,English
250150310,school,family,garden,city,sky,cloud,station,leaf,subway,soldier,female,Tujia,Guizhou,Clinical Medicine,Clinical College,Second-batch Undergraduate,Autumn Unified Exam,English
250150312,fruit,red,fruit,berry,snack,hydrous,health,advantageous,green,awesome,male,Han,Guizhou,Clinical Medicine,Clinical College,Second-batch Undergraduate,Autumn Unified Exam,English
250150315,soy,fabric,pirate,window,submarine,glue,flour,fireworks,haystack,trees,female,Buyi,Guizhou,Clinical Medicine,Clinical College,Second-batch Undergraduate,Autumn Unified Exam,English
250150316,pingpong,mahjong,banana,cola,popcorn,movie,wing,cellphone,computer,notebook,female,Han,Guizhou,Clinical Medicine,Clinical College,Second-batch Undergraduate,Autumn Unified Exam,English
250150317,lychee,grape,idea,tolerate,inadequate,guasha,traffic,peaceful,action,lazy,male,Yi,Guizhou,Clinical Medicine,Clinical College,Second-batch Undergraduate,Autumn Unified Exam,English
250150319,moon,honey,squid,river,flame,sound,wind,saturn,ore,worker,male,Han,Guizhou,Clinical Medicine,Clinical College,Second-batch Undergraduate,Autumn Unified Exam,English
250150321,milk,curtain,light,bitch,juice,airconditioner,chip,stamen,fiber,silk,male,Han,Guizhou,Clinical Medicine,Clinical College,Second-batch Undergraduate,Autumn Unified Exam,English
250150324,subway,plaza,yangtze,moon,package,silk,march,devil,mushroom,firefighting,female,Han,Guizhou,Clinical Medicine,Clinical College,Second-batch Undergraduate,Autumn Unified Exam,English
250150325,watermelon,shoelace,hoodie,airplane,fishhook,pet,hair,window,ocean,moon,male,Han,Guizhou,Clinical Medicine,Clinical College,Second-batch Undergraduate,Autumn Unified Exam,English
250150346,soil,cloud,flock,router,canteen,shampoo,ambulance,sun,amusementpark,wristwatch,female,Han,Guizhou,Clinical Medicine,Clinical College,Second-batch Undergraduate,Autumn Unified Exam,English
250150348,trees,cement,life,bread,seawater,interest,car,crosswalk,mailbox,zombie,male,Han,Shandong,Clinical Medicine,Clinical College,Second-batch Undergraduate,Autumn Unified Exam,English
250150349,tiger,galaxy,forest,grape,earthworm,plank,drink,airplane,cloud,universe,female,Han,Guizhou,Clinical Medicine,Clinical College,Second-batch Undergraduate,Autumn Unified Exam,English
250150351,emotion,hurry,safe,flight,universe,stairs,mountain,star,wealth,success,female,Han,Jiangxi,Clinical Medicine,Clinical College,Second-batch Undergraduate,Autumn Unified Exam,English
250150354,spider,height,computer,luck,liver,sky,program,mothball,chair,pipa,female,Han,Hebei,Clinical Medicine,Clinical College,Second-batch Undergraduate,Unified Exam,English
250150401,rocket,chemistry,watermelon,stone,rice,answer,story,stock,reason,time,male,Tujia,Guizhou,Clinical Medicine,Clinical College,Second-batch Undergraduate,Autumn Unified Exam,English
250150411,freedom,love,balloon,spacecraft,nuke,pacific,university,medicine,life,dream,female,Han,Guizhou,Clinical Medicine,Clinical College,Second-batch Undergraduate,Autumn Unified Exam,English
250150413,microwave,spatula,headshot,curtain,tea,toy,grains,sky,galaxy,gas,female,Zhuang,Guangxi,Clinical Medicine,Clinical College,Second-batch Undergraduate,Autumn Unified Exam,English
250150415,chopsticks,aerospace,house,airplane,cannon,rocket,platform,summit,pistol,spaceship,female,Miao,Guizhou,Clinical Medicine,Clinical College,Second-batch Undergraduate,Autumn Unified Exam,English
250150416,airplane,ant,star,bracelet,suitcase,pants,cellphone,skillet,console,road,female,Tujia,Guizhou,Clinical Medicine,Clinical College,Second-batch Undergraduate,Autumn Unified Exam,English
250150417,spider,birdie,ship,rail,box,brain,feces,squid,skyscraper,pencil,male,Han,Guizhou,Clinical Medicine,Clinical College,Second-batch Undergraduate,Autumn Unified Exam,English
250150418,satellite,glass,bow,spear,shield,nunchucks,scabbard,whip,kunai,dart,male,Han,Guizhou,Clinical Medicine,Clinical College,Second-batch Undergraduate,Autumn Unified Exam,English
250150419,banana,rifle,mosquito,marriage,rocket,homecoming,rope,writing,chemistry,forest,male,Dong,Guizhou,Clinical Medicine,Clinical College,Second-batch Undergraduate,Autumn Unified Exam,Japanese
250150420,table,drink,cup,headphones,lighter,notebook,rice,basestation,key,hat,male,Han,Guizhou,Clinical Medicine,Clinical College,Second-batch Undergraduate,Autumn Unified Exam,English
250150421,spouse,mom,father,wife,prospects,doctor,death,past,pain,psychology,female,Han,Guizhou,Clinical Medicine,Clinical College,Second-batch Undergraduate,Autumn Unified Exam,English
250150422,blueberry,bottle,game,flower,scissors,football,sweater,river,piano,constellation,female,Han,Guizhou,Clinical Medicine,Clinical College,Second-batch Undergraduate,Autumn Unified Exam,English
250150423,forest,happy,eye,sleep,space,light,faith,blur,runway,introduction,male,Dong,Guizhou,Clinical Medicine,Clinical College,Second-batch Undergraduate,Autumn Unified Exam,English
250150424,hair,stairs,sky,fan,candy,chicken,pants,paper,pink,headphones,female,Hui,Guizhou,Clinical Medicine,Clinical College,Second-batch Undergraduate,Autumn Unified Exam,English
250150425,headphones,drawing,grape,paperplane,lakeside,boat,drift,island,lonely,homecoming,female,Yi,Guizhou,Clinical Medicine,Clinical College,Second-batch Undergraduate,Autumn Unified Exam,English
250150427,street,baozi,watermelon,playground,schoolbag,toothbrush,water,cellphone,airplane,psychology,female,Yi,Guizhou,Clinical Medicine,Clinical College,Second-batch Undergraduate,Autumn Unified Exam,English
250150428,toilet,eraser,badge,camera,bao,ocean,cockroach,rig,subway,roundworm,male,Han,Fujian,Clinical Medicine,Clinical College,Second-batch Undergraduate,Autumn Unified Exam,English
250150429,evaluation,behavior,time,wisdom,banana,studies,cost,director,campus,courier,female,Han,Guizhou,Clinical Medicine,Clinical College,Second-batch Undergraduate,Autumn Unified Exam,English
250150430,angel,star,tangyuan,kitten,beagle,snake,cheese,tears,cloud,lamp,female,Han,Guizhou,Clinical Medicine,Clinical College,Second-batch Undergraduate,Autumn Unified Exam,English
250150432,radish,alien,chair,hanfu,computer,camera,celebrity,goose,sunshine,typhoon,male,Tujia,Hubei,Clinical Medicine,Clinical College,Second-batch Undergraduate,Regular Gaokao,English
250150433,cotton,rocket,seed,space,soil,batting,loom,fruit,machine,life,male,Han,Guizhou,Clinical Medicine,Clinical College,Second-batch Undergraduate,Autumn Unified Exam,English
250150434,carrier,wood,redflag,apple,scissors,hair,soymilk,viscera,pipe,playground,female,Han,Guizhou,Clinical Medicine,Clinical College,Second-batch Undergraduate,Autumn Unified Exam,English
250150435,planet,void,cellphone,strawberry,car,notebook,level,gun,clothes,emotion,male,Yi,Guizhou,Clinical Medicine,Clinical College,Second-batch Undergraduate,Autumn Unified Exam,English
250150436,ability,study,cup,quilt,health,sport,safe,happy,family,economy,female,Han,Guizhou,Clinical Medicine,Clinical College,Second-batch Undergraduate,Autumn Unified Exam,English
250150437,friend,love,cellphone,lamp,bicycle,bread,notes,sofa,autumn,coffee,female,Han,Guizhou,Clinical Medicine,Clinical College,Second-batch Undergraduate,Autumn Unified Exam,English
250150438,cellphone,key,scissors,socks,shoes,book,pencil,eraser,umbrella,mask,female,Tujia,Guizhou,Clinical Medicine,Clinical College,Second-batch Undergraduate,Autumn Unified Exam,English
250150439,soymilk,rocket,rose,river,runway,rainwater,gold,paint,tablecloth,spoon,female,Zhuang,Guangxi,Clinical Medicine,Clinical College,Second-batch Undergraduate,Autumn Unified Exam,English
250150440,apple,water,nourish,hydration,beauty,drying,moisturize,spray,facewash,clean,female,Zhuang,Guangxi,Clinical Medicine,Clinical College,Second-batch Undergraduate,Autumn Unified Exam,English
250150441,cellphone,time,video,stock,policy,waste,factory,particle,universe,lifespan,female,Chuanqing,Guizhou,Clinical Medicine,Clinical College,Second-batch Undergraduate,Autumn Unified Exam,English
250150442,ideal,reality,bread,self,blur,travel,behavior,reward,iq,cake,female,Han,Guizhou,Clinical Medicine,Clinical College,Second-batch Undergraduate,Autumn Unified Exam,English
250150444,pencil,cup,book,umbrella,eraser,schoolbag,alarm,key,towel,scissors,female,Han,Anhui,Clinical Medicine,Clinical College,Second-batch Undergraduate,Autumn Unified Exam,English
250150445,apple,hanger,foundation,airplane,confucianism,penholder,moon,base,runway,felt,female,Han,Guizhou,Clinical Medicine,Clinical College,Second-batch Undergraduate,Autumn Unified Exam,English
250150446,bridge,desert,moss,can,basestation,onion,eagle,chip,turtle,lighter,male,Han,Guizhou,Clinical Medicine,Clinical College,Second-batch Undergraduate,Autumn Unified Exam,English
250150447,soymilk,bmw,spaceship,computer,trees,advertisement,ai,school,brick,tie,male,Han,Fujian,Clinical Medicine,Clinical College,Second-batch Undergraduate,Autumn Unified Exam,English
250150448,cellphone,broccoli,squirrel,human-machine,microphone,rocket,basketball,fireworks,warship,wound,male,Han,Fujian,Clinical Medicine,Clinical College,Second-batch Undergraduate,Autumn Unified Exam,English
250150449,sage,emotion,cola,apple,amusementpark,airplane,china,love,history,personality,male,Han,Guizhou,Clinical Medicine,Clinical College,Second-batch Undergraduate,Autumn Unified Exam,English
250150450,planet,echo,undertone,ether,entropy,qing,guitar,confucianism,catalyst,prism,female,Han,Guangdong,Clinical Medicine,Clinical College,Second-batch Undergraduate,Regular Unified Exam,English
250150451,rocket,beach,airplane,sneakers,folder,cake,dream,police,oath,flag,female,Han,Guizhou,Clinical Medicine,Clinical College,Second-batch Undergraduate,Autumn Unified Exam,English
250150452,stone,box,soymilk,airplane,turtle,toad,canteen,red,swallow,crayon,female,Han,Shandong,Clinical Medicine,Clinical College,Second-batch Undergraduate,Autumn Unified Exam,English
250150454,humanity,banana,runway,angel,tissue,rocket,jupiter,pain,crocodile,dawn,female,Han,Henan,Clinical Medicine,Clinical College,Second-batch Undergraduate,Autumn Unified Exam,English
250150455,slipper,vermicelli,satellite,belt,paint,planet,cell,match,gut,island,female,Han,Hebei,Clinical Medicine,Clinical College,Second-batch Undergraduate,Unified Exam,English
250150513,courier,bread,food,coffee,campus,foam,animal,earth,soap,rose,male,Dong,Guizhou,Clinical Medicine,Clinical College,Second-batch Undergraduate,Autumn Unified Exam,English
250150522,train,soymilk,friend,courier,gift,safety,rocket,highway,watermelon,cup,female,Han,Guizhou,Clinical Medicine,Clinical College,Second-batch Undergraduate,Autumn Unified Exam,English
250150524,pen,subway,coffee,windmill,branch,everything,countryman,joke,sign,bottleneck,female,Han,Guizhou,Clinical Medicine,Clinical College,Second-batch Undergraduate,Autumn Unified Exam,English
250150526,mathematics,book,insole,hairdryer,song,eyesight,stereo,sash,sky,health,female,Tujia,Guizhou,Clinical Medicine,Clinical College,Second-batch Undergraduate,Autumn Unified Exam,English
250150527,everything,video,clothes,shoes,cup,grandmother,baozi,nature,child,humanity,female,Han,Guizhou,Clinical Medicine,Clinical College,Second-batch Undergraduate,Autumn Unified Exam,English
250150529,lamp,hairdryer,tissue,detergent,hook,bucket,shoes,aloe,insecticide,umbrella,female,Han,Guizhou,Clinical Medicine,Clinical College,Second-batch Undergraduate,Autumn Unified Exam,English
250150532,shoes,tree,squirrel,cookie,earthworm,brook,milktea,watermelon,baozi,dragon,female,Han,Guizhou,Clinical Medicine,Clinical College,Second-batch Undergraduate,Autumn Unified Exam,English
250150534,banana,number,clothes,certificate,software,screw,brandname,jewelry,camera,house,female,Han,Guizhou,Clinical Medicine,Clinical College,Second-batch Undergraduate,Autumn Unified Exam,English
250150551,wheel,chili,pocket,clothes,umbrella,headphones,house,glasses,brook,water,female,Han,Guizhou,Clinical Medicine,Clinical College,Second-batch Undergraduate,Autumn Unified Exam,English
250150552,war,soil,fear,knight,apple,eyebrow,chair,victory,fantasy,famine,male,Han,Chongqing,Clinical Medicine,Clinical College,Second-batch Undergraduate,Autumn Unified Exam,English
250150553,love,nature,seasoning,rainbow,cloud,happy,shelf,wedding,beauty,country,female,Han,Henan,Clinical Medicine,Clinical College,Second-batch Undergraduate,Autumn Unified Exam,English
250150554,bed,pencil,music,rabbit,car,streamer,love,love,customer,machinery,female,Han,Fujian,Clinical Medicine,Clinical College,Second-batch Undergraduate,Autumn Unified Exam,English
250150601,house,car,robot,road,renminbi,car,stove,tableware,snack,flag,male,Chuanqing,Guizhou,Clinical Medicine,Clinical College,Second-batch Undergraduate,Autumn Unified Exam,English
250150606,sky,bedroom,slipper,water,pen,apple,hair,milktea,hotpot,hanger,female,Han,Guizhou,Clinical Medicine,Clinical College,Second-batch Undergraduate,Autumn Unified Exam,English
250150622,like,pretty,fruit,red,cyan,delicious,tree,pretty,pit,gift,female,Han,Guizhou,Clinical Medicine,Clinical College,Second-batch Undergraduate,Autumn Unified Exam,English
250150624,house,lover,song,cloud,singer,earth,sky,dream,ocean,chair,male,Han,Guizhou,Clinical Medicine,Clinical College,Second-batch Undergraduate,Autumn Unified Exam,English
250150627,life,life,ending,information,work,study,fireworks,world,platform,safe,female,Han,Guizhou,Clinical Medicine,Clinical College,Second-batch Undergraduate,Autumn Unified Exam,English
250150629,application,factory,beer,sunset,sunset,scrap,program,table,playground,passion,female,Han,Guizhou,Clinical Medicine,Clinical College,Second-batch Undergraduate,Autumn Unified Exam,English
250150630,planet,umbrella,volcano,apple,shoes,pen,sword,spaceship,dragon,carpet,female,Han,Guizhou,Clinical Medicine,Clinical College,Second-batch Undergraduate,Autumn Unified Exam,English
250150634,apple,roommate,thought,banana,orange,dragonfruit,kiwi,pomegranate,pineapple,mango,female,Han,Guizhou,Clinical Medicine,Clinical College,Second-batch Undergraduate,Autumn Unified Exam,English
250150636,schoolbag,cellphone,copy,book,desk,pen,fruit,apple,banana,camera,male,Han,Henan,Clinical Medicine,Clinical College,Second-batch Undergraduate,Autumn Unified Exam,English
250150638,time,moonlight,memory,recollection,youth,concern,youth,snowflake,years,wonderful,female,Han,Guizhou,Clinical Medicine,Clinical College,Second-batch Undergraduate,Autumn Unified Exam,English
250150639,panda,cola,monkey,forest,thicket,tobacco,platform,kang,timber,name,female,Han,Guizhou,Clinical Medicine,Clinical College,Second-batch Undergraduate,Autumn Unified Exam,English
250150640,experiment,stain,curtain,stone,matter,white,cup,bracelet,friend,lecture,female,Han,Jiangxi,Clinical Medicine,Clinical College,Second-batch Undergraduate,Autumn Unified Exam,English
250150642,infancy,children,birdie,river,flower,flattery,market,scenery,spice,flower,female,Han,Guizhou,Clinical Medicine,Clinical College,Second-batch Undergraduate,Autumn Unified Exam,English
250150643,universe,dream,moon,planet,astronaut,mountain,greenwater,happy,love,thinking,female,Yi,Guizhou,Clinical Medicine,Clinical College,Second-batch Undergraduate,Autumn Unified Exam,English
250150649,playground,seat,lecture,meeting,sky,house,airplane,mountains,river,kinship,female,Han,Guizhou,Clinical Medicine,Clinical College,Second-batch Undergraduate,Autumn Unified Exam,English
250150651,blueprint,magma,galaxy,mars,rainbow,bridge,books,clover,steed,dolphin,female,Miao,Guizhou,Clinical Medicine,Clinical College,Second-batch Undergraduate,Autumn Unified Exam,English
250150652,peach,bracelet,cub,son,fan,windbreaker,backpack,bolster,piano,door,female,Miao,Guizhou,Clinical Medicine,Clinical College,Second-batch Undergraduate,Autumn Unified Exam,English
250150655,banana,abalone,ash,graphite,diamond,treasure,treasure,pearl,jade,downpour,female,Han,Hebei,Clinical Medicine,Clinical College,Second-batch Undergraduate,Unified Exam,English
250150701,tiger,sports,discipline,barbecue,beer,flame,posture,advance,family,interest,male,Gelao,Guizhou,Clinical Medicine,Clinical College,Second-batch Undergraduate,Autumn Unified Exam,English
250150703,baozi,lightspeed,mars,trees,cream,moon,saxophone,desolation,socket,generator,male,Miao,Guizhou,Clinical Medicine,Clinical College,Second-batch Undergraduate,Autumn Unified Exam,English
250150704,potato,champion,osmanthus,peony,tiger,panda,potato,olympics,athletics,ocean,male,Han,Guizhou,Clinical Medicine,Clinical College,Second-batch Undergraduate,Autumn Unified Exam,English
250150705,hunk,apple,console,car,animal,mountain,textbook,person,glass,japan,male,Han,Guizhou,Clinical Medicine,Clinical College,Second-batch Undergraduate,Autumn Unified Exam,Japanese
250150706,shoes,clothes,football,orange,banana,schoolhouse,runway,rocket,airplane,car,male,Miao,Guizhou,Clinical Medicine,Clinical College,Second-batch Undergraduate,Autumn Unified Exam,English
250150709,cola,opinion,robust,pretend,color,gaze,fall,proverb,encounter,solemn,female,Han,Guizhou,Clinical Medicine,Clinical College,Second-batch Undergraduate,Autumn Unified Exam,English
250150710,novel,hat,headphones,firefighter,shoes,birdie,soil,glasses,hair,armpit,female,Han,Guizhou,Clinical Medicine,Clinical College,Second-batch Undergraduate,Autumn Unified Exam,English
250150716,tomato,sun,moon,earth,desert,ocean,forest,sunflower,heart,beach,female,Han,Guizhou,Clinical Medicine,Clinical College,Second-batch Undergraduate,Autumn Unified Exam,English
250150717,koala,strawberry,runway,sandwich,jacket,tricycle,crosswalk,sky,universe,earth,female,Han,Guizhou,Clinical Medicine,Clinical College,Second-batch Undergraduate,Autumn Unified Exam,English
250150719,cucumber,steel,rainbow,virtue,rigorous,radiator,mirror,eye,balloon,truth,male,Chuanqing,Guizhou,Clinical Medicine,Clinical College,Second-batch Undergraduate,Autumn Unified Exam,Japanese
250150721,piano,justice,sunflower,universe,africa,poetry,excavator,hunk,gene,law,male,Han,Jiangxi,Clinical Medicine,Clinical College,Second-batch Undergraduate,Autumn Unified Exam,English
250150722,pear,cooking,humility,infrastructure,meditation,running,swimming,contract,wither,logic,male,Chuanqing,Guizhou,Clinical Medicine,Clinical College,Second-batch Undergraduate,Autumn Unified Exam,English
250150724,wrench,stamp,healthcare,melody,will,excavator,court,cruller,chopsticks,toothpaste,male,Han,Guizhou,Clinical Medicine,Clinical College,Second-batch Undergraduate,Autumn Unified Exam,English
250150725,watermelon,rainbow,thicket,concrete,flag,camera,vehicle,bicycle,chopsticks,napkin,female,Han,Guizhou,Clinical Medicine,Clinical College,Second-batch Undergraduate,Autumn Unified Exam,English
250150726,toothpaste,brush,seal,abacus,ruler,book,coin,satisfactory,shoes,instrument,male,Tujia,Guizhou,Clinical Medicine,Clinical College,Second-batch Undergraduate,Autumn Unified Exam,English
250150728,method,stairs,packet,link,reply,bar,customer,downpayment,milktea,congratulate,male,Han,Jiangxi,Clinical Medicine,Clinical College,Second-batch Undergraduate,Autumn Unified Exam,English
250150729,smile,path,psychology,forest,chimney,humanity,green,sky,mungbean,lawn,female,Yi,Guizhou,Clinical Medicine,Clinical College,Second-batch Undergraduate,Autumn Unified Exam,English
250150730,table,steel,mango,sky,universe,medicine,airplane,slide,wholesale,earth,male,Han,Guizhou,Clinical Medicine,Clinical College,Second-batch Undergraduate,Autumn Unified Exam,Japanese
250150731,airplane,helicopter,rocket,submarine,artificial,lemon,robot,apple,blackboard,chili,female,Yi,Guizhou,Clinical Medicine,Clinical College,Second-batch Undergraduate,Autumn Unified Exam,English
250150732,mooncake,drink,flower,tea,wood,sky,intersection,supermarket,milktea,gum,female,Han,Guizhou,Clinical Medicine,Clinical College,Second-batch Undergraduate,Autumn Unified Exam,English
250150733,tulip,dumpling,whale,alien,cow,cake,wall,ion,light,sunwukong,female,Han,Guizhou,Clinical Medicine,Clinical College,Second-batch Undergraduate,Autumn Unified Exam,English
250150734,active,hobby,joy,freedom,freewheeling,messy,pattern,habit,passion,ideal,female,Han,Guizhou,Clinical Medicine,Clinical College,Second-batch Undergraduate,Autumn Unified Exam,English
250150735,banana,clothes,waterheater,drink,water,milk,bread,airconditioner,id,charger,female,Han,Guizhou,Clinical Medicine,Clinical College,Second-batch Undergraduate,Autumn Unified Exam,English
250150743,airplane,window,bed,rocket,spacestation,ocean,taichi,animal,word,photographer,male,Han,Guizhou,Clinical Medicine,Clinical College,Second-batch Undergraduate,Autumn Unified Exam,English
250150748,tool,wisdom,ability,curiosity,manufacture,miracle,technology,reason,reason,soul,male,Han,Sichuan,Clinical Medicine,Clinical College,Second-batch Undergraduate,National Unified Exam,English
250150750,cup,bracelet,desk,textbook,book,curtain,quilt,pillow,clothes,necklace,female,Han,Guizhou,Clinical Medicine,Clinical College,Second-batch Undergraduate,Autumn Unified Exam,English
250150751,fingernail,mascara,jeans,sneakers,grape,hairpin,towel,mirror,roommate,paper,female,Han,Chongqing,Clinical Medicine,Clinical College,Second-batch Undergraduate,Autumn Unified Exam,English
250150753,sky,shade,pupil,cave,raindrop,classroom,shoes,cloud,rope,photo,female,Han,Hebei,Clinical Medicine,Clinical College,Second-batch Undergraduate,Unified Exam,English
250150754,pool,hat,sneakers,pillow,car,shovel,faucet,glasses,tire,tea,male,Han,Hainan,Clinical Medicine,Clinical College,Second-batch Undergraduate,Autumn Unified Exam,English
250150755,flag,gun,mudhole,dart,greatcoat,shoes,grenade,rocket,helicopter,tank,female,Han,Hainan,Clinical Medicine,Clinical College,Second-batch Undergraduate,Autumn Unified Exam,English
250150756,sofa,kite,books,umbrella,running,eat,wallet,chopsticks,key,stamp,female,Han,Hainan,Clinical Medicine,Clinical College,Second-batch Undergraduate,Autumn Unified Exam,English
250150802,pool,deadwood,rabbit,flower,hotpot,cloud,train,house,wire,river,female,Tujia,Guizhou,Clinical Medicine,Clinical College,Second-batch Undergraduate,Autumn Unified Exam,English
250150809,strawberry,master,moon,sun,earth,gondola,court,hospital,playground,carpark,female,Miao,Guizhou,Clinical Medicine,Clinical College,Second-batch Undergraduate,Autumn Unified Exam,English
250150810,dream,blackboard,cabbage,drink,nature,game,cellphone,syringe,bottle,chalk,male,Han,Guizhou,Clinical Medicine,Clinical College,Second-batch Undergraduate,Autumn Unified Exam,English
250150811,platform,clothes,brand,restaurant,star,questionmark,employee,nightstand,book,kitchen,female,Buyi,Guizhou,Clinical Medicine,Clinical College,Second-batch Undergraduate,Autumn Unified Exam,English
250150812,book,studious,happy,optimistic,fun,excited,running,stroll,love,life,female,Hui,Guizhou,Clinical Medicine,Clinical College,Second-batch Undergraduate,Autumn Unified Exam,English
250150815,sun,hamster,sister,flowerbed,puppy,malatang,hotpot,package,talent,,female,Han,Guizhou,Clinical Medicine,Clinical College,Second-batch Undergraduate,Autumn Unified Exam,English
250150817,pineapple,watermelon,water,air,strawberry,snack,clothes,whale,dolphin,shark,female,Han,Guizhou,Clinical Medicine,Clinical College,Second-batch Undergraduate,Autumn Unified Exam,English
250150823,kitten,dog,flower,bee,forest,shovel,bookshelf,bracelet,bed,trashcan,female,Han,Guizhou,Clinical Medicine,Clinical College,Second-batch Undergraduate,Autumn Unified Exam,English
250150824,noodles,cruller,face,sun,rainwater,hair,eye,nose,finger,eyebrow,female,Tujia,Hunan,Clinical Medicine,Clinical College,Second-batch Undergraduate,Regular HS Unified Exam,English
250150826,plateau,ocean,watermelon,moon,pen,airplane,racecar,skateboard,desert,gobi,female,Dong,Guizhou,Clinical Medicine,Clinical College,Second-batch Undergraduate,Autumn Unified Exam,English
250150828,brilliance,safe,shortcoming,excellent,good,advantage,courage,naive,tender,happiness,female,Tujia,Guizhou,Clinical Medicine,Clinical College,Second-batch Undergraduate,Autumn Unified Exam,English
250150829,leaf,curtain,space,tractor,floor,sun,mooncake,streamer,jade,lime,female,Bai,Guizhou,Clinical Medicine,Clinical College,Second-batch Undergraduate,Autumn Unified Exam,English
250150830,grape,puppy,glass,cola,school,flag,bracelet,textbook,river,clothing,female,Buyi,Guizhou,Clinical Medicine,Clinical College,Second-batch Undergraduate,Autumn Unified Exam,English
250150832,bottle,hat,book,table,chair,pen,bag,clock,plate,cup,female,Han,Guizhou,Clinical Medicine,Clinical College,Second-batch Undergraduate,Autumn Unified Exam,English
250150833,cleaver,elder,familiarity,leaf,sofa,television,cellphone,shell,girl,dormitory,female,Han,Guizhou,Clinical Medicine,Clinical College,Second-batch Undergraduate,Autumn Unified Exam,English
250150834,root,crown,trunk,leaf,flower,fruit,peachpit,kettle,stove,room,female,Han,Guizhou,Clinical Medicine,Clinical College,Second-batch Undergraduate,Autumn Unified Exam,English
250150835,painting,flower,doctor,lunchbox,oilcan,car,curtain,mailbox,elephant,heart,male,Han,Hubei,Clinical Medicine,Clinical College,Second-batch Undergraduate,Regular Gaokao,English
250150836,animal,product,kitten,bmw,runway,tree,sky,lamp,stovetop,kitchenware,female,Miao,Guizhou,Clinical Medicine,Clinical College,Second-batch Undergraduate,Autumn Unified Exam,English
250150839,nailpolish,handle,jelly,cup,kitten,pendant,manicure,stud,book,mouse,female,Han,Shandong,Clinical Medicine,Clinical College,Second-batch Undergraduate,Autumn Unified Exam,English
250150840,interest,playground,excellent,housing,rice,international,wedding,companion,friendship,fate,female,Chuanqing,Guizhou,Clinical Medicine,Clinical College,Second-batch Undergraduate,Autumn Unified Exam,English
250150841,friend,family,clothes,seat,mountain,sky,food,height,understanding,way,female,Han,Shandong,Clinical Medicine,Clinical College,Second-batch Undergraduate,Autumn Unified Exam,English
250150842,eye,orb,snowflake,pear,plants,pomelo,kitten,notebook,universe,snowleopard,female,Han,Guizhou,Clinical Medicine,Clinical College,Second-batch Undergraduate,Autumn Unified Exam,English
250150843,brandname,turtle,durian,syringe,ufo,volleyball,microphone,willow,kite,waterpolo,female,Han,Guangxi,Clinical Medicine,Clinical College,Second-batch Undergraduate,Autumn Unified Exam,English
250150844,wristwatch,cellphone,greenwater,mountain,flower,trees,skyscraper,palace,book,computer,female,Tujia,Guizhou,Clinical Medicine,Clinical College,Second-batch Undergraduate,Autumn Unified Exam,English
250150849,socks,mall,gender,apartment,red,courier,yam,train,coat,taxi,female,Han,Henan,Clinical Medicine,Clinical College,Second-batch Undergraduate,Autumn Unified Exam,English
250150850,cellphone,stage,banana,playground,flag,moon,job,bedroom,toilet,table,female,Han,Chongqing,Clinical Medicine,Clinical College,Second-batch Undergraduate,Autumn Unified Exam,English
250150854,guitar,bass,synthesizer,beatbox,keyboard,soundcard,effector,grammy,rock,braces,male,Han,Hainan,Clinical Medicine,Clinical College,Second-batch Undergraduate,Autumn Unified Exam,English
250550101,paper,water,clothes,car,computer,chopsticks,airplane,wind,tree,house,male,Yao,Guangxi,Anesthesiology,Clinical College,Second-batch Undergraduate,Autumn Unified Exam,English
250550102,universe,future,pastlife,freedom,quiet,forest,river,snowmountain,peak,distance,male,Han,Guizhou,Anesthesiology,Clinical College,Second-batch Undergraduate,Autumn Unified Exam,English
250550103,sky,cloud,earth,grass,rubberband,schoolbag,cup,shoes,clothes,pants,female,Dong,Guizhou,Anesthesiology,Clinical College,Second-batch Undergraduate,Autumn Unified Exam,English
250550104,dumbbell,airplane,chopsticks,banana,runway,anime,highway,aerospace,composition,cup,male,Han,Guizhou,Anesthesiology,Clinical College,Second-batch Undergraduate,Autumn Unified Exam,Russian
250550105,name,network,river,concept,sky,brook,study,platform,software,hardware,female,Miao,Guizhou,Anesthesiology,Clinical College,Second-batch Undergraduate,Autumn Unified Exam,English
250550106,bed,satellite,puppy,nailpolish,daylily,program,loveletter,cup,software,nationality,female,Miao,Guizhou,Anesthesiology,Clinical College,Second-batch Undergraduate,Autumn Unified Exam,English
250550110,cloud,airplane,strawberry,rice,dusk,language,travel,kinship,makeup,hair,female,Han,Guizhou,Anesthesiology,Clinical College,Second-batch Undergraduate,Autumn Unified Exam,English
250550112,toothbrush,moon,car,space,notebook,satellite,house,glasses,dungeon,trunk,female,Han,Guizhou,Anesthesiology,Clinical College,Second-batch Undergraduate,Autumn Unified Exam,English
250550114,shovel,tractor,paint,painting,afterglow,moonlight,plant,airconditioner,train,warehouse,female,Chuanqing,Guizhou,Anesthesiology,Clinical College,Second-batch Undergraduate,Autumn Unified Exam,English
250550116,spaceship,starscape,fan,human-machine,sky,toilet,society,saltfish,jade,garbage,female,Han,Guizhou,Anesthesiology,Clinical College,Second-batch Undergraduate,Autumn Unified Exam,English
250550119,mango,watermelon,sneakers,display,clothes,headphones,game,gpu,song,basketball,male,Buyi,Guizhou,Anesthesiology,Clinical College,Second-batch Undergraduate,Autumn Unified Exam,English
250550120,life,emotion,stage,microphone,miracle,book,internet,country,family,values,female,Han,Guizhou,Anesthesiology,Clinical College,Second-batch Undergraduate,Autumn Unified Exam,English
250550121,banana,spider,cat,concrete,clothes,satellite,cola,fiber,firearms,cotton,male,Han,Guizhou,Anesthesiology,Clinical College,Second-batch Undergraduate,Autumn Unified Exam,English
250550122,milk,cow,farm,apple,airplane,universe,planet,blackhole,tree,breeze,female,Tujia,Guizhou,Anesthesiology,Clinical College,Second-batch Undergraduate,Autumn Unified Exam,English
250550123,pen,sofa,cup,umbrella,bicycle,cellphone,toothbrush,eraser,scissors,shoes,female,Han,Guizhou,Anesthesiology,Clinical College,Second-batch Undergraduate,Autumn Unified Exam,English
250550124,mooncake,smile,cookie,train,school,follicle,massager,earring,trashcan,kite,female,Han,Guizhou,Anesthesiology,Clinical College,Second-batch Undergraduate,Autumn Unified Exam,English
250550125,ocean,cave,ghost,oven,coral,power,red,ecommerce,smile,materials,female,Han,Guizhou,Anesthesiology,Clinical College,Second-batch Undergraduate,Autumn Unified Exam,English
250550126,victory,forest,soymilk,elementary,earth,university,sun,flower,playground,leaf,male,Han,Guizhou,Anesthesiology,Clinical College,Second-batch Undergraduate,Autumn Unified Exam,English
250550127,heaven,meeting,entertainment,smile,import,sunwukong,sky,bus,cloud,dragon,female,Han,Guizhou,Anesthesiology,Clinical College,Second-batch Undergraduate,Autumn Unified Exam,English
250550128,cup,key,lamp,refrigerator,chopsticks,fan,airconditioner,stereo,schoolbag,alarm,female,Han,Guizhou,Anesthesiology,Clinical College,Second-batch Undergraduate,Autumn Unified Exam,English
250550130,firearms,clothes,mars,money,car,paper,banana,chick,tire,pipe,male,Dong,Guizhou,Anesthesiology,Clinical College,Second-batch Undergraduate,Autumn Unified Exam,English
250550131,fare,phone,starscape,hole,world,expression,nerve,paradise,benchmark,bill,female,Han,Guizhou,Anesthesiology,Clinical College,Second-batch Undergraduate,Autumn Unified Exam,English
250550132,language,prison,dust,blueberry,heart,rebar,bus,planet,redflag,guohua,female,Han,Guizhou,Anesthesiology,Clinical College,Second-batch Undergraduate,Autumn Unified Exam,English
250550134,syrup,cement,trees,meteorite,mountains,car,basketball,nitrogen,firearm,wire,male,Zhuang,Guangxi,Anesthesiology,Clinical College,Second-batch Undergraduate,Autumn Unified Exam,English
250550135,interpersonal,fruit,garden,air,lamp,ai,hydroponics,study,sunset,sunrise,female,Han,Guizhou,Anesthesiology,Clinical College,Second-batch Undergraduate,Autumn Unified Exam,English
250550136,banana,puppy,barbell,navigation,cannon,white,forest,salt,wire,taichi,female,Han,Guizhou,Anesthesiology,Clinical College,Second-batch Undergraduate,Autumn Unified Exam,English
250550137,train,bread,airplane,train,highlight,time,earth,opportunity,skyscraper,lighthouse,female,Chuanqing,Guizhou,Anesthesiology,Clinical College,Second-batch Undergraduate,Autumn Unified Exam,English
250550139,banana,car,sofa,cup,runway,computer,cellphone,bracelet,soymilk,breakfast,female,Dong,Guizhou,Anesthesiology,Clinical College,Second-batch Undergraduate,Autumn Unified Exam,English
250550140,pen,equator,latitude,candlelight,athletics,rice,tungsten,charcoal,inkpad,baseplate,male,Han,Shandong,Anesthesiology,Clinical College,Second-batch Undergraduate,Autumn Unified Exam,English
250550141,noodles,airplane,mathematics,notebook,curtain,shoes,clothes,ring,toothpaste,ceiling,male,Han,Guizhou,Anesthesiology,Clinical College,Second-batch Undergraduate,Autumn Unified Exam,English
250550142,soybean,hair,yogurt,rollercoaster,highway,cow,ant,cloud,barbecue,airplane,female,Han,Guizhou,Anesthesiology,Clinical College,Second-batch Undergraduate,Autumn Unified Exam,English
250550143,sky,broadcast,renminbi,perspective,hair,house,strength,typhoon,sneakers,match,female,Tujia,Guizhou,Anesthesiology,Clinical College,Second-batch Undergraduate,Autumn Unified Exam,English
250550144,oreo,tissue,fish,road,cement,tree,brain,carriage,ocean,breadfruit,female,Han,Guizhou,Anesthesiology,Clinical College,Second-batch Undergraduate,Autumn Unified Exam,English
250550146,motorcycle,egg,rod,sewingmachine,classroom,shirt,camcorder,salamander,paint,blackhole,male,Han,Guangxi,Anesthesiology,Clinical College,Second-batch Undergraduate,Autumn Unified Exam,English
250550149,toothpaste,spaceship,basketball,bicycle,flour,mascara,rocket,shoehorn,cup,court,female,Han,Guizhou,Anesthesiology,Clinical College,Second-batch Undergraduate,Autumn Unified Exam,English
250550150,apple,space,hovel,kite,pencil,hat,pollen,efficiency,seat,seahorse,female,Zhuang,Guangxi,Anesthesiology,Clinical College,Second-batch Undergraduate,Autumn Unified Exam,English
250550151,bread,volcano,airplane,machine,animal,humanity,logistics,fashion,world,universe,female,Han,Guizhou,Anesthesiology,Clinical College,Second-batch Undergraduate,Autumn Unified Exam,English
250550152,watermelon,earth,chili,lion,shoes,rocket,table,stage,english,abroad,female,Han,Guizhou,Anesthesiology,Clinical College,Second-batch Undergraduate,Autumn Unified Exam,English
250550153,sofa,watermelon,rocket,hair,glasses,onion,sympathize,wood,mushroom,villain,female,Han,Guizhou,Anesthesiology,Clinical College,Second-batch Undergraduate,Autumn Unified Exam,English
250550154,liner,alcohol,bomb,syringe,stone,neck,dolphin,watermelon,stereo,tiger,female,Han,Chongqing,Anesthesiology,Clinical College,Second-batch Undergraduate,Autumn Unified Exam,English
250550155,railway,train,universe,starscape,basketball,cup,map,glasses,books,time,male,Han,Chongqing,Anesthesiology,Clinical College,Second-batch Undergraduate,Autumn Unified Exam,English
250550156,drink,gasoline,basketball,crab,cow,cigarette,books,goat,honey,son,male,Han,Shandong,Anesthesiology,Clinical College,Second-batch Undergraduate,Autumn Unified Exam,English
250550157,potato,waterfall,chili,crocodile,teeth,train,rocket,soymilk,airplane,tiger,female,Han,Shandong,Anesthesiology,Clinical College,Second-batch Undergraduate,Autumn Unified Exam,English
250550158,hairspray,puppet,cane,coffin,perfume,photo,bird,shovel,apron,basket,female,Han,Chongqing,Anesthesiology,Clinical College,Second-batch Undergraduate,Autumn Unified Exam,English
250550159,tire,snowmountain,leaf,virus,ship,castle,screw,capsule,diamond,cotton,male,Han,Sichuan,Anesthesiology,Clinical College,Second-batch Undergraduate,National Unified Exam,English
250550201,strawberry,yuba,train,cloud,smile,wallpaper,villa,hunk,submarine,cola,female,Han,Guizhou,Anesthesiology,Clinical College,Second-batch Undergraduate,Autumn Unified Exam,English
250550204,moonlight,camera,morality,law,education,institution,ocean,train,economy,universe,female,Han,Guizhou,Anesthesiology,Clinical College,Second-batch Undergraduate,Autumn Unified Exam,English
250550206,apple,coil,rocket,airplane,satellite,robot,broom,clothes,cellphone,book,female,Miao,Guizhou,Anesthesiology,Clinical College,Second-batch Undergraduate,Autumn Unified Exam,English
250550212,dreamland,capsule,universe,island,forest,gravity,eraser,pet,planet,dust,male,Han,Guizhou,Anesthesiology,Clinical College,Second-batch Undergraduate,Autumn Unified Exam,English
250550213,tree,bird,house,car,cellphone,computer,movie,technology,book,airplane,female,Han,Guizhou,Anesthesiology,Clinical College,Second-batch Undergraduate,Autumn Unified Exam,English
250550218,watermelon,direction,earth,land,tool,furniture,rocket,universe,room,delicacy,male,Han,Guizhou,Anesthesiology,Clinical College,Second-batch Undergraduate,Autumn Unified Exam,English
250550219,playground,nightmarket,stall,supermarket,house,car,cellphone,refrigerator,shoes,sky,female,Han,Guizhou,Anesthesiology,Clinical College,Second-batch Undergraduate,Autumn Unified Exam,English
250550220,sky,earth,machinery,stage,river,immortal,action,flame,genius,universe,male,Han,Guizhou,Anesthesiology,Clinical College,Second-batch Undergraduate,Autumn Unified Exam,English
250550222,embrace,back,environment,mountain,current,cave,seabed,darkness,darkness,open,female,Han,Guizhou,Anesthesiology,Clinical College,Second-batch Undergraduate,Autumn Unified Exam,English
250550223,bear,dumbbell,cilantro,toilet,stinkytofu,fittingroom,road,swing,ham,peppa,male,Miao,Guizhou,Anesthesiology,Clinical College,Second-batch Undergraduate,Autumn Unified Exam,English
250550229,practice,achievement,introduction,sunshine,people,filial,school,clothing,personality,machinery,female,Han,Guizhou,Anesthesiology,Clinical College,Second-batch Undergraduate,Autumn Unified Exam,English
250550230,cup,soil,cellphone,panda,floor,cruller,chair,schoolbag,leaf,spark,male,Han,Guizhou,Anesthesiology,Clinical College,Second-batch Undergraduate,Autumn Unified Exam,English
250550231,solarsystem,dove,doll,mushroom,basket,pebble,rocket,boat,container,lamp,female,Han,Guizhou,Anesthesiology,Clinical College,Second-batch Undergraduate,Autumn Unified Exam,English
250550232,must,nothing,reaction,deadline,essential,possible,contempt,constitution,enable,strength,male,Han,Guizhou,Anesthesiology,Clinical College,Second-batch Undergraduate,Autumn Unified Exam,English
250550233,homework,anime,glide,whiteboard,comics,hairpin,piano,radiodrama,haircut,curtain,female,Bai,Guizhou,Anesthesiology,Clinical College,Second-batch Undergraduate,Autumn Unified Exam,English
250550234,fan,alarm,runway,grape,camel,pingpong,alien,shelf,bicycle,dust,female,Han,Guizhou,Anesthesiology,Clinical College,Second-batch Undergraduate,Autumn Unified Exam,English
250550236,stone,trajectory,runway,blackhole,bacteria,spaceship,orange,torch,air,conscience,female,Han,Guizhou,Anesthesiology,Clinical College,Second-batch Undergraduate,Autumn Unified Exam,English
250550237,gate,school,tree,scissors,skirt,hair,badminton,timetable,plastic,doll,female,Han,Guizhou,Anesthesiology,Clinical College,Second-batch Undergraduate,Autumn Unified Exam,English
250550239,table,spider,basketball,airplane,gecko,humanity,tiger,bean,sand,house,male,Han,Shandong,Anesthesiology,Clinical College,Second-batch Undergraduate,Autumn Unified Exam,English
250550241,paintbrush,guitar,apple,screwdriver,conduit,tissue,coffeebean,ladder,knife,chopsticks,male,Han,Guizhou,Anesthesiology,Clinical College,Second-batch Undergraduate,Autumn Unified Exam,English
250550242,lamp,keyboard,banana,house,child,pillar,notebook,smile,voice,hat,female,Han,Shandong,Anesthesiology,Clinical College,Second-batch Undergraduate,Autumn Unified Exam,Japanese
250550243,milestone,sky,edelweiss,marathon,house,screw,bond,friendship,slightly,dust,female,Han,Guizhou,Anesthesiology,Clinical College,Second-batch Undergraduate,Autumn Unified Exam,English
250550244,tree,raindrop,trees,universe,dolphin,garden,starscape,apple,sunflower,redflag,female,Han,Guizhou,Anesthesiology,Clinical College,Second-batch Undergraduate,Autumn Unified Exam,English
250550247,grassland,train,snowmountain,cloud,toilet,airplane,microphone,zombie,glove,ant,female,Han,Shandong,Anesthesiology,Clinical College,Second-batch Undergraduate,Autumn Unified Exam,English
250550248,poker,spoon,reins,banner,railing,tongs,rattan,camera,cane,silk,female,Han,Chongqing,Anesthesiology,Clinical College,Second-batch Undergraduate,Autumn Unified Exam,English
250550249,cake,dutyfree,okara,bun,ultraman,cloud,diary,bun,sakura,happy,female,Tujia,Guizhou,Anesthesiology,Clinical College,Second-batch Undergraduate,Autumn Unified Exam,English
250550250,breeze,balloon,mango,seabed,cliff,space,bicycle,canteen,chamber,stairs,female,Han,Guizhou,Anesthesiology,Clinical College,Second-batch Undergraduate,Autumn Unified Exam,English
250550252,calf,love,monkey,sunwukong,horse,warhorse,bird,airplane,fish,submarine,female,Han,Guizhou,Anesthesiology,Clinical College,Second-batch Undergraduate,Autumn Unified Exam,English
250550253,grenade,flashbang,dam,aerospace,valley,tide,prison,waterfall,imbalance,bow,male,Han,Shandong,Anesthesiology,Clinical College,Second-batch Undergraduate,Autumn Unified Exam,English
250550254,strawberry,airplane,flag,guard,submarine,sky,territory,book,campus,people,female,Han,Guizhou,Anesthesiology,Clinical College,Second-batch Undergraduate,Autumn Unified Exam,English
250550255,nose,eyelash,pants,apple,textbook,basketball,rock,toenail,stone,mouth,male,Han,Shandong,Anesthesiology,Clinical College,Second-batch Undergraduate,Autumn Unified Exam,English
250550256,network,scenery,sport,food,music,art,dance,clothes,bed,light,male,Tujia,Chongqing,Anesthesiology,Clinical College,Second-batch Undergraduate,Autumn Unified Exam,English
250550257,computer,fork,airplane,dumpling,table,bird,road,hood,sky,alien,female,Han,Guizhou,Anesthesiology,Clinical College,Second-batch Undergraduate,Autumn Unified Exam,English
250550258,milk,cellphone,computer,subway,shoes,scarf,kitten,sofa,train,stool,female,Han,Sichuan,Anesthesiology,Clinical College,Second-batch Undergraduate,National Unified Exam,English
250550259,scissors,kangaroo,shoes,champagne,beauty,revolver,jeans,sunset,warrant,cur,male,Han,Sichuan,Anesthesiology,Clinical College,Second-batch Undergraduate,National Unified Exam,English
250750101,shoes,school,bookmark,extinguisher,mouse,corn,schoolbag,tree,fence,lamp,female,Han,Guizhou,Stomatology,Clinical College,Second-batch Undergraduate,Autumn Unified Exam,English
250750102,homework,chinese,love,seabed,comfort,finished,style,husband,hobby,hotpot,male,Shui,Guizhou,Stomatology,Clinical College,Second-batch Undergraduate,Autumn Unified Exam,English
250750106,innovation,burden,integrity,model,achievement,lecture,match,classroom,ranger,labcoat,female,Gelao,Guizhou,Stomatology,Clinical College,Second-batch Undergraduate,Autumn Unified Exam,English
250750108,name,light,banana,schoolbag,pants,curtain,podium,teacher,desk,computer,female,Han,Guizhou,Stomatology,Clinical College,Second-batch Undergraduate,Autumn Unified Exam,English
250750111,performance,emotion,performance,design,calculation,fun,notes,seat,companion,music,female,Buyi,Guizhou,Stomatology,Clinical College,Second-batch Undergraduate,Autumn Unified Exam,English
250750112,chili,laptop,bodywash,scarf,mug,flowers,banana,contacts,button,rope,female,Han,Guangxi,Stomatology,Clinical College,Second-batch Undergraduate,Autumn Unified Exam,English
250750114,banana,beauty,operate,association,work,family,relative,arrogance,confidence,thanks,female,Han,Guizhou,Stomatology,Clinical College,Second-batch Undergraduate,Autumn Unified Exam,English
250750117,gift,address,life,happiness,books,journey,career,right,platform,fruit,male,Han,Hunan,Stomatology,Clinical College,Second-batch Undergraduate,Regular HS Unified Exam,English
250750118,banana,lipstick,game,video,textbook,microphone,schoolbag,table,pencil,ruler,female,Han,Jiangxi,Stomatology,Clinical College,Second-batch Undergraduate,Autumn Unified Exam,English
250750119,darkness,brightness,white,peachblossom,peachtree,sakura,willow,plum,tofu,soymilk,male,Dong,Guizhou,Stomatology,Clinical College,Second-batch Undergraduate,Autumn Unified Exam,English
250750120,pet,flower,instrument,cellphone,clothes,food,book,plant,car,house,female,Han,Fujian,Stomatology,Clinical College,Second-batch Undergraduate,Autumn Unified Exam,English
250750122,canvas,gold,jacket,satellite,skyeye,comb,volleyball,paraglider,headphones,ring,female,Buyi,Guizhou,Stomatology,Clinical College,Second-batch Undergraduate,Autumn Unified Exam,English
250750123,book,pen,spoon,spatula,whiteout,backpack,tent,bedroll,alpenstock,cabinet,female,Han,Hunan,Stomatology,Clinical College,Second-batch Undergraduate,Regular HS Unified Exam,English
250750125,hello,thing,skip,agree,english,airing,smack,paper,pendant,periphery,female,Han,Guizhou,Stomatology,Clinical College,Second-batch Undergraduate,Autumn Unified Exam,English
250750126,red,orchard,cellphone,round,sweetness,computer,tablet,juice,big,bite,female,Han,Guizhou,Stomatology,Clinical College,Second-batch Undergraduate,Autumn Unified Exam,English
250750129,eat,toilet,airplane,river,hair,socks,thanks,mouse,detective,mars,female,Buyi,Guizhou,Stomatology,Clinical College,Second-batch Undergraduate,Autumn Unified Exam,English
250750131,house,mountains,train,train,hospital,park,toothbrush,towel,salt,banana,female,Han,Guizhou,Stomatology,Clinical College,Second-batch Undergraduate,Autumn Unified Exam,English
250750132,soymilk,airplane,bed,rhythm,symbol,language,fable,panda,red,petal,female,Han,Guizhou,Stomatology,Clinical College,Second-batch Undergraduate,Autumn Unified Exam,English
250750134,wallet,umbrella,pencil,eraser,cellphone,schoolbag,key,computer,raincoat,money,female,Han,Guangxi,Stomatology,Clinical College,Second-batch Undergraduate,Autumn Unified Exam,English
250750135,cellphone,computer,television,ship,airplane,motor,bus,subway,train,train,male,Tujia,Guizhou,Stomatology,Clinical College,Second-batch Undergraduate,Autumn Unified Exam,English
250750136,school,seat,cola,happy,car,passenger,clothes,family,hope,dream,male,Han,Guizhou,Stomatology,Clinical College,Second-batch Undergraduate,Autumn Unified Exam,English
250750137,shoes,atmosphere,crocodile,country,courier,noodles,streamer,badminton,airplane,flower,male,Han,Jiangxi,Stomatology,Clinical College,Second-batch Undergraduate,Autumn Unified Exam,English
250750138,apple,backpack,extinguisher,flower,car,house,satellite,rope,panda,towel,male,Han,Guangdong,Stomatology,Clinical College,Second-batch Undergraduate,Regular Unified Exam,English
250750139,sheep,universe,world,territory,fruiter,humanity,reproduction,teeth,insight,deception,male,Han,Chongqing,Stomatology,Clinical College,Second-batch Undergraduate,Autumn Unified Exam,English
250750140,romance,seawater,hello,surfing,drink,petal,anonymous,buddy,consumption,soy,female,Han,Guizhou,Stomatology,Clinical College,Second-batch Undergraduate,Autumn Unified Exam,English
250750141,pool,sun,trees,wristwatch,rocket,polybag,flowerpot,match,chain,comb,female,Miao,Guizhou,Stomatology,Clinical College,Second-batch Undergraduate,Autumn Unified Exam,English
250750143,balance,mouse,streetlight,toilet,crosswalk,elevator,keyboard,report,rod,memorial,male,Han,Jiangxi,Stomatology,Clinical College,Second-batch Undergraduate,Autumn Unified Exam,English
250750144,potato,banana-leaf,table,stick,study,finger,shampoo,necklace,screen,candy,female,Han,Guizhou,Stomatology,Clinical College,Second-batch Undergraduate,Autumn Unified Exam,English
250750146,airplane,brain,game,apple,computer,pen,building,stereo,tree,rainwater,male,Han,Guangdong,Stomatology,Clinical College,Second-batch Undergraduate,Regular Unified Exam,Japanese
250750147,mango,car,money,platypus,star,garbage,sewer,villa,soap,series,female,Han,Guangdong,Stomatology,Clinical College,Second-batch Undergraduate,Regular Unified Exam,English
250750150,runway,soymilk,house,broom,game,computer,tree,data,dream,idea,female,Buyi,Guizhou,Stomatology,Clinical College,Second-batch Undergraduate,Autumn Unified Exam,English
250750151,shadow,spring,equinox,solstice,xiaoman,grain,awakening,frost,dew,snowstorm,female,Qiang,Sichuan,Stomatology,Clinical College,Second-batch Undergraduate,National Unified Exam,English
250750152,banana,truck,movie,pillow,toothbrush,shoes,schoolbag,tide,volcano,telescope,male,Han,Fujian,Stomatology,Clinical College,Second-batch Undergraduate,Autumn Unified Exam,English
250750154,hair,architecture,book,typhoon,headphones,trees,apple,mathematics,toothpaste,tissue,female,Han,Sichuan,Stomatology,Clinical College,Second-batch Undergraduate,National Unified Exam,English
250750201,space,organism,object,disappointed,food,password,name,account,health,chemistry,male,Miao,Guizhou,Stomatology,Clinical College,Second-batch Undergraduate,Autumn Unified Exam,English
250750212,nurse,cloud,banana,rainbow,zither,plum,lychee,tomato,guava,bayberry,female,Han,Guizhou,Stomatology,Clinical College,Second-batch Undergraduate,Autumn Unified Exam,English
250750213,book,seat,classroom,textbook,teacher,professor,doctor,master,student,podium,female,Han,Guizhou,Stomatology,Clinical College,Second-batch Undergraduate,Autumn Unified Exam,English
250750214,key,wristwatch,toothbrush,train,hair,loquat,stairs,mirror,carpet,lamb,female,Gelao,Guizhou,Stomatology,Clinical College,Second-batch Undergraduate,Autumn Unified Exam,English
250750215,fur,rubber,foam,network,seed,blade,sofa,ivory,wheat,mud,female,Han,Guizhou,Stomatology,Clinical College,Second-batch Undergraduate,Autumn Unified Exam,English
250750216,watermelon,sewingmachine,playground,market,gingerbread,restaurant,tank,football,shot,camera,female,Han,Guizhou,Stomatology,Clinical College,Second-batch Undergraduate,Autumn Unified Exam,English
250750217,clothes,trees,banana,camera,table,lamp,textbook,cellphone,drink,toothpaste,female,Han,Guizhou,Stomatology,Clinical College,Second-batch Undergraduate,Autumn Unified Exam,English
250750218,pomelo,camphor,bee,ant,bears,osmanthus,redcabbage,rapeseed,amber,walnut,female,Han,Guizhou,Stomatology,Clinical College,Second-batch Undergraduate,Autumn Unified Exam,English
250750222,car,airplane,rocket,satellite,spacecraft,submarine,tank,gun,cutter,chopsticks,female,Han,Guizhou,Stomatology,Clinical College,Second-batch Undergraduate,Autumn Unified Exam,English
250750223,thinking,fruit,snot,toy,handicraft,house,game,cellphone,color,mood,female,Han,Guizhou,Stomatology,Clinical College,Second-batch Undergraduate,Autumn Unified Exam,English
250750225,opinion,thinking,imagine,intelligence,index,hobby,faith,rule,interest,develop,female,Chuanqing,Guizhou,Stomatology,Clinical College,Second-batch Undergraduate,Autumn Unified Exam,English
250750226,schoolbag,apple,earth,maxiskirt,book,wristwatch,hair,rocket,diamond,fish,female,Han,Guizhou,Stomatology,Clinical College,Second-batch Undergraduate,Autumn Unified Exam,English
250750227,ticket,statue,bedroom,friend,vase,showerhead,pesticide,airplane,contacts,schoolbag,female,Han,Hunan,Stomatology,Clinical College,Second-batch Undergraduate,Regular HS Unified Exam,English
250750229,microphone,affairs,information,passage,aroma,environment,trouble,bacon,chopsticks,intersection,female,Han,Fujian,Stomatology,Clinical College,Second-batch Undergraduate,Autumn Unified Exam,English
250750233,train,airconditioner,spouse,schoolbag,lizard,computer,camera,leaf,text,magma,male,Han,Guizhou,Stomatology,Clinical College,Second-batch Undergraduate,Autumn Unified Exam,English
250750236,ballet,psychology,leaf,chopsticks,tile,bowling,mattress,meteorite,cave,electrocardiogram,male,Miao,Guizhou,Stomatology,Clinical College,Second-batch Undergraduate,Autumn Unified Exam,English
250750240,toothbrush,umbrella,cup,towel,pillow,tissue,washbasin,box,toothpick,swab,male,Han,Fujian,Stomatology,Clinical College,Second-batch Undergraduate,Autumn Unified Exam,English
250750242,glass,lcd,opera,movie,broom,grip,music,basketball,runway,restaurant,male,Han,Fujian,Stomatology,Clinical College,Second-batch Undergraduate,Autumn Unified Exam,English
250750245,alarm,data,english,potato,today,groupchat,link,lecture,smile,sound,female,Han,Fujian,Stomatology,Clinical College,Second-batch Undergraduate,Autumn Unified Exam,English
250750248,remote,earring,airconditioner,stereo,fragrance,grille,siren,jeans,belt,overalls,male,Han,Chongqing,Stomatology,Clinical College,Second-batch Undergraduate,Autumn Unified Exam,English
250750249,hoe,apple,dustpan,azalea,highscore,attraction,tumbler,pistachio,swimsuit,rollerskates,female,Han,Chongqing,Stomatology,Clinical College,Second-batch Undergraduate,Autumn Unified Exam,English
250750250,car,gymnasium,classroom,airplane,cosmetics,rice,runway,pocketknife,microwave,pingpong,male,Han,Guangdong,Stomatology,Clinical College,Second-batch Undergraduate,Regular Unified Exam,English
250750251,think,meaning,action,knowledge,behavior,discipline,efficiency,ocean,hope,morality,female,Buyi,Guizhou,Stomatology,Clinical College,Second-batch Undergraduate,Autumn Unified Exam,English
250750252,achievement,yinyang,joy,happiness,starscape,century,karma,shell,will,rapport,male,Miao,Guizhou,Stomatology,Clinical College,Second-batch Undergraduate,Autumn Unified Exam,English
250840103,router,compass,notebook,asset,editor-in-chief,card,waxwork,sculpture,stoplight,signpost,female,Han,Guangxi,Medical Laboratory Technology,Clinical College,Second-batch Undergraduate,Autumn Unified Exam,English
250840104,bookstore,mint,sauerkraut,homework,government,plastic,forest,poker,cardboard,wire,female,Tujia,Guizhou,Medical Laboratory Technology,Clinical College,Second-batch Undergraduate,Autumn Unified Exam,English
250840106,happy,color,car,tin,speed,passion,complex,convenient,diverse,poverty,female,Han,Guizhou,Medical Laboratory Technology,Clinical College,Second-batch Undergraduate,Autumn Unified Exam,English
250840113,egg,backrest,hair,clip,task,food,wool,idiot,faucet,showerhead,female,Han,Guizhou,Medical Laboratory Technology,Clinical College,Second-batch Undergraduate,Autumn Unified Exam,English
250840117,moonlight,people,moon,time,recorder,username,name,table,integrity,friendly,female,Miao,Guizhou,Medical Laboratory Technology,Clinical College,Second-batch Undergraduate,Autumn Unified Exam,English
250840120,garlic,cabbage,family,peachtree,rooftop,pavilion,grandfather,player,aquarium,bigfish,female,Han,Guizhou,Medical Laboratory Technology,Clinical College,Second-batch Undergraduate,Autumn Unified Exam,English
250840121,watermelon,vermicelli,playground,heart,knee,clothes,parents,cosmetics,bedspread,cleanser,female,Chuanqing,Guizhou,Medical Laboratory Technology,Clinical College,Second-batch Undergraduate,Autumn Unified Exam,English
250840123,game,sleep,watermelon,basketball,skillet,chinese,alcohol,broom,leaf,achievement,male,Miao,Guizhou,Medical Laboratory Technology,Clinical College,Second-batch Undergraduate,Autumn Unified Exam,English
250840124,sunspot,thinking,fungus,bacteria,star,matter,oxygen,nitrogen,co2,particle,female,Han,Guizhou,Medical Laboratory Technology,Clinical College,Second-batch Undergraduate,Autumn Unified Exam,English
250840129,juice,tree,book,watermelon,banana,pomelo,pear,flower,apple,grass,female,Han,Guizhou,Medical Laboratory Technology,Clinical College,Second-batch Undergraduate,Autumn Unified Exam,English
250840131,school,practice,study,sport,eat,listen,sleep,stroll,game,entertainment,male,Han,Guizhou,Medical Laboratory Technology,Clinical College,Second-batch Undergraduate,Autumn Unified Exam,English
250840133,banana,woods,cub,vehicle,sky,universe,spaceship,shoes,panda,computer,female,Han,Guizhou,Medical Laboratory Technology,Clinical College,Second-batch Undergraduate,Autumn Unified Exam,English
250840135,bear,lightning,tshirt,qrcode,glass,square,restaurant,scar,schoolbus,hairpin,female,Han,Guizhou,Medical Laboratory Technology,Clinical College,Second-batch Undergraduate,Autumn Unified Exam,English
250840136,blueberry,earth,world,consciousness,matter,moon,values,environment,soil,milk,female,Han,Guizhou,Medical Laboratory Technology,Clinical College,Second-batch Undergraduate,Autumn Unified Exam,English
250840137,plum,isolated,willpower,meaning,nation,target,thought,aspiration,disciple,snack,female,Han,Guizhou,Medical Laboratory Technology,Clinical College,Second-batch Undergraduate,Autumn Unified Exam,English
250840138,peanut,deer,sunshine,corn,sky,mountain,scenery,airplane,stool,screw,female,Miao,Guizhou,Medical Laboratory Technology,Clinical College,Second-batch Undergraduate,Autumn Unified Exam,English
250840139,organism,qrcode,sweetsop,specialty,fan,wisdom,series,wuhan,effort,xiamen,female,Han,Guizhou,Medical Laboratory Technology,Clinical College,Second-batch Undergraduate,Autumn Unified Exam,English
250840141,fruit,quilt,desk,comb,house,shoes,leaf,desert,screw,fabric,female,Miao,Guizhou,Medical Laboratory Technology,Clinical College,Second-batch Undergraduate,Autumn Unified Exam,English
250840144,clothes,pants,serious,study,class,play,sky,earth,house,airconditioner,female,Han,Guizhou,Medical Laboratory Technology,Clinical College,Second-batch Undergraduate,Autumn Unified Exam,English
250840146,wristwatch,rubberband,forest,lawn,balloon,flower,hairpin,coffee,light,fingernail,female,Yi,Guizhou,Medical Laboratory Technology,Clinical College,Second-batch Undergraduate,Autumn Unified Exam,English
250840148,toilet,cellphone,clothes,ear,football,curls,lodging,orange,ring,carriage,female,Han,Guizhou,Medical Laboratory Technology,Clinical College,Second-batch Undergraduate,Autumn Unified Exam,English
250840149,gun,banana,tissue,toothbrush,light,chair,television,pen,microphone,stereo,female,Tujia,Guizhou,Medical Laboratory Technology,Clinical College,Second-batch Undergraduate,Autumn Unified Exam,English
250840150,pretty,effort,appreciation,success,failure,student,excellent,good,honesty,trustworthy,female,Buyi,Guizhou,Medical Laboratory Technology,Clinical College,Second-batch Undergraduate,Autumn Unified Exam,English
250840153,basketball,redflag,loach,banana,hotpot,schoolbag,road,stoplight,cloud,tile,female,Han,Guizhou,Medical Laboratory Technology,Clinical College,Second-batch Undergraduate,Autumn Unified Exam,English
250840154,happy,happy,stroll,rainwater,tranquil,harmonious,tranquil,firelight,flame,seawater,female,Han,Guizhou,Medical Laboratory Technology,Clinical College,Second-batch Undergraduate,Autumn Unified Exam,English
250840155,sketchbook,drama,topic,pen,clothes,paper,pants,flower,grass,shoes,female,Yi,Guizhou,Medical Laboratory Technology,Clinical College,Second-batch Undergraduate,Autumn Unified Exam,English
250840156,sunshine,mood,forest,ocean,sky,color,lover,like,rainbow,weekend,female,Bai,Guizhou,Medical Laboratory Technology,Clinical College,Second-batch Undergraduate,Autumn Unified Exam,English
250840160,class,shopping,running,eat,write,dance,rise,toothbrushing,reading,smile,female,Han,Guizhou,Medical Laboratory Technology,Clinical College,Second-batch Undergraduate,Autumn Unified Exam,English
250840161,tassel,composition,sunshine,folder,document,table,philosophy,physics,pendant,doll,female,Han,Guizhou,Medical Laboratory Technology,Clinical College,Second-batch Undergraduate,Autumn Unified Exam,English
250840204,sunshine,beach,leaves,zephyr,sun,cactus,earth,hurricane,tide,greenbelt,female,Zhuang,Guangxi,Medical Laboratory Technology,Clinical College,Second-batch Undergraduate,Autumn Unified Exam,English
250840209,seed,stairs,qrcode,racecourse,spray,sunshine,beach,bridge,yard,candle,male,Han,Guizhou,Medical Laboratory Technology,Clinical College,Second-batch Undergraduate,Autumn Unified Exam,English
250840210,coffee,bridge,hope,suitcase,temperature,migrant,annulus,stars,ocean,seed,male,Han,Guizhou,Medical Laboratory Technology,Clinical College,Second-batch Undergraduate,Autumn Unified Exam,English
250840211,jumprope,chalk,radio,lamp,pencil,ballpoint,pen,tissue,schoolbag,blackboard,female,Dong,Guizhou,Medical Laboratory Technology,Clinical College,Second-batch Undergraduate,Autumn Unified Exam,English
250840213,cup,pencil,tshirt,red,fruiter,football,fingernail,glasses,necklace,lamb,female,Han,Guizhou,Medical Laboratory Technology,Clinical College,Second-batch Undergraduate,Autumn Unified Exam,English
250840215,friend,bracelet,cup,chair,table,schoolbag,pen,pencil,ruler,necklace,female,Han,Guizhou,Medical Laboratory Technology,Clinical College,Second-batch Undergraduate,Autumn Unified Exam,English
250840223,airplane,cloud,pylon,rocket,dragon,chernozem,flour,redhead,microphone,battery,male,Han,Guizhou,Medical Laboratory Technology,Clinical College,Second-batch Undergraduate,Autumn Unified Exam,English
250840224,clothes,shampoo,shoes,socks,glasses,mask,disinfectant,alcohol,soap,bodywash,female,Han,Guizhou,Medical Laboratory Technology,Clinical College,Second-batch Undergraduate,Autumn Unified Exam,English
250840225,books,train,refrigerator,pencil,football,lamp,washer,dictionary,cinema,hospital,male,Han,Guizhou,Medical Laboratory Technology,Clinical College,Second-batch Undergraduate,Autumn Unified Exam,English
250840226,basketball,basestation,shotgun,rifle,lamp,grenade,explosive,magazine,grip,rocket,male,Chuanqing,Guizhou,Medical Laboratory Technology,Clinical College,Second-batch Undergraduate,Autumn Unified Exam,English
250840227,banana,pen,book,table,moon,sun,rainbow,star,schoolbag,network,male,Han,Guizhou,Medical Laboratory Technology,Clinical College,Second-batch Undergraduate,Autumn Unified Exam,English
250840228,world,driver,cash,watermelon,bank,classroom,flower,troops,comics,culture,male,Han,Guizhou,Medical Laboratory Technology,Clinical College,Second-batch Undergraduate,Autumn Unified Exam,English
250840231,fingernail,hair,notebook,pen,ear,chair,bed,window,eye,table,female,Han,Guizhou,Medical Laboratory Technology,Clinical College,Second-batch Undergraduate,Autumn Unified Exam,English
250840232,cheese,schoolbag,airplane,cloud,orange,camel,frame,pylon,rainbow,stereo,male,Gelao,Guizhou,Medical Laboratory Technology,Clinical College,Second-batch Undergraduate,Autumn Unified Exam,Russian
250840233,body,ambiguous,romance,shoes,fitness,basketball,university,action,ideal,country,male,Han,Guizhou,Medical Laboratory Technology,Clinical College,Second-batch Undergraduate,Autumn Unified Exam,English
250840235,cake,lollipop,strawberry,cream,pink,rainbow,cloud,sky,manicure,contacts,female,Han,Guizhou,Medical Laboratory Technology,Clinical College,Second-batch Undergraduate,Autumn Unified Exam,English
250840236,banana,notebook,oxygen,refrigerator,computer,flower,birdie,bee,tree,backpack,female,Han,Guizhou,Medical Laboratory Technology,Clinical College,Second-batch Undergraduate,Autumn Unified Exam,English
250840239,love,seal,attention,forget,millet,waves,requirement,remember,lovehate,summit,female,Chuanqing,Guizhou,Medical Laboratory Technology,Clinical College,Second-batch Undergraduate,Autumn Unified Exam,English
250840242,play,ink,number,cook,mountain,millet,forbid,exert,serious,solemnity,male,Han,Guizhou,Medical Laboratory Technology,Clinical College,Second-batch Undergraduate,Autumn Unified Exam,English
250840243,clock,puppy,car,gunpowder,schoolbag,lunchbox,map,hat,comb,cup,female,Han,Guizhou,Medical Laboratory Technology,Clinical College,Second-batch Undergraduate,Autumn Unified Exam,English
250840248,banana,rice,cabbage,runway,backyard,frontyard,garden,road,highway,trees,female,Buyi,Guizhou,Medical Laboratory Technology,Clinical College,Second-batch Undergraduate,Autumn Unified Exam,English
250840251,lipstick,fish,apple,park,doll,game,family,candy,tone,screen,female,Chuanqing,Guizhou,Medical Laboratory Technology,Clinical College,Second-batch Undergraduate,Autumn Unified Exam,English
250840253,shoes,washbasin,study,trees,banana,airconditioner,pen,workbook,cellphone,birdie,female,Han,Guizhou,Medical Laboratory Technology,Clinical College,Second-batch Undergraduate,Autumn Unified Exam,English
250840256,rebar,rocket,leaf,cup,dog,soup,diamond,hat,airconditioner,bed,female,Han,Guizhou,Medical Laboratory Technology,Clinical College,Second-batch Undergraduate,Autumn Unified Exam,English
250840257,novel,jewelry,emotion,ability,resilience,temperament,freedom,travel,plan,confidence,female,Han,Guizhou,Medical Laboratory Technology,Clinical College,Second-batch Undergraduate,Autumn Unified Exam,English
250840258,death,die,death,abort,sacrifice,die,nirvana,death,demise,death,female,Han,Guizhou,Medical Laboratory Technology,Clinical College,Second-batch Undergraduate,Autumn Unified Exam,English
250840261,sunflower,sun,banana,slide,chalk,rocket,glasses,cave,bridge,ruler,male,Han,Guizhou,Medical Laboratory Technology,Clinical College,Second-batch Undergraduate,Autumn Unified Exam,English
250940101,rice,child,mask,secret,cement,time,nation,country,life,pancake,male,Han,Guizhou,Public Administration,Public Administration College,Second-batch Undergraduate,Autumn Unified Exam,English
250940103,banana,assets,hello,venue,book,court,cola,medicine,pants,foundation,female,Han,Guizhou,Public Administration,Public Administration College,Second-batch Undergraduate,Autumn Unified Exam,English
250940104,ferriswheel,clothes,book,lamp,cosmetics,shampoo,cleanser,bicycle,cup,quilt,female,Miao,Guizhou,Public Administration,Public Administration College,Second-batch Undergraduate,Autumn Unified Exam,English
250940106,runway,cybercafe,rocket,cruller,soymilk,computer,playground,school,forest,billiards,male,Tujia,Guizhou,Public Administration,Public Administration College,Second-batch Undergraduate,Autumn Unified Exam,English
250940107,cellphone,computer,canteen,billiards,pear,cat,fish,bicycle,classroom,university,male,Han,Guizhou,Public Administration,Public Administration College,Second-batch Undergraduate,Autumn Unified Exam,English
250940108,record,classroom,floor,grain,care,respect,wait,fun,desire,congratulate,female,Buyi,Guizhou,Public Administration,Public Administration College,Second-batch Undergraduate,Autumn Unified Exam,English
250940109,wristwatch,watercard,flag,hairpin,light,book,television,camera,streamer,cellphone,female,Han,Guizhou,Public Administration,Public Administration College,Second-batch Undergraduate,Autumn Unified Exam,English
250940110,walk,cilantro,irony,insert,move,meditation,mockery,pity,electron,celebrity,female,Han,Guizhou,Public Administration,Public Administration College,Second-batch Undergraduate,Autumn Unified Exam,Russian
250940111,apple,forest,carrot,train,airplane,clothes,table,study,university,monkey,female,Li,Guizhou,Public Administration,Public Administration College,Second-batch Undergraduate,Autumn Unified Exam,English
250940112,child,soldier,universe,time,world,ocean,health,happy,earth,tree,female,Han,Guizhou,Public Administration,Public Administration College,Second-batch Undergraduate,Autumn Unified Exam,English
250940114,dust,train,baozi,hotwater,space,garbage,steel,road,shop,lucky,female,Han,Guizhou,Public Administration,Public Administration College,Second-batch Undergraduate,Autumn Unified Exam,English
250940116,dust,egg,carrier,hanger,baozi,grass,running,antenna,ballet,insect,female,Han,Guizhou,Public Administration,Public Administration College,Second-batch Undergraduate,Autumn Unified Exam,English
250940117,cellphone,moon,puppet,apple,pants,podium,mars,basketball,ocean,city,male,Han,Guizhou,Public Administration,Public Administration College,Second-batch Undergraduate,Autumn Unified Exam,English
250940118,soil,dust,socks,friend,tigress,rain,home,bench,computer,classroom,female,Han,Guizhou,Public Administration,Public Administration College,Second-batch Undergraduate,Autumn Unified Exam,English
250940119,schoolbag,book,rocket,playground,lawn,field,sky,chair,stool,table,female,Miao,Guizhou,Public Administration,Public Administration College,Second-batch Undergraduate,Autumn Unified Exam,English
250940122,boring,sky,life,don't,okay,opening,evening,house,human-machine,only,female,Han,Guizhou,Public Administration,Public Administration College,Second-batch Undergraduate,Autumn Unified Exam,Russian
250940123,tone,suit,fruit,dust,curtain,earth,planet,charger,sky,luck,male,Han,Guizhou,Public Administration,Public Administration College,Second-batch Undergraduate,Autumn Unified Exam,English
250940137,cake,bighead,dragonfruit,volcano,afro,lighter,flame,radish,candle,smurf,female,Han,Guizhou,Public Administration,Public Administration College,Second-batch Undergraduate,Autumn Unified Exam,English
250940139,floatie,lifejacket,airplane,cleaver,scissors,basket,sofa,curtain,chair,toilet,male,Buyi,Guizhou,Public Administration,Public Administration College,Second-batch Undergraduate,Autumn Unified Exam,English
250940148,brush,stereo,shoelace,dachshund,rim,toner,mountain,curtain,airconditioner,motorcycle,female,Han,Guizhou,Public Administration,Public Administration College,Second-batch Undergraduate,Autumn Unified Exam,English
250940149,pineapple,chair,clothes,comb,book,spoon,headphones,stereo,glasses,flower,female,Han,Guizhou,Public Administration,Public Administration College,Second-batch Undergraduate,Autumn Unified Exam,English
250940150,fruit,rope,bus,pencil,chess,key,umbrella,elevator,architecture,cup,female,Han,Guizhou,Public Administration,Public Administration College,Second-batch Undergraduate,Autumn Unified Exam,English
251340130,pineapple,dragonfruit,kiwi,philosophy,value,pancake,racecar,watermelon,orange,screw,female,Han,Guizhou,English,Public Administration College,Second-batch Undergraduate,Autumn Unified Exam,English
251740103,marble,earth,apple,carrier,sofa,airplane,stone,meteorite,floor,cloud,male,Buyi,Guizhou,Information & Computing Science,Intelligent Information Engineering College,Second-batch Undergraduate,Autumn Unified Exam,English
251740104,banana,submarine,trees,missile,fan,sun,raindrop,tank,rice,ocean,male,Han,Guizhou,Information & Computing Science,Intelligent Information Engineering College,Second-batch Undergraduate,Autumn Unified Exam,English
251740106,cream,fireworks,friend,mountain,skyscraper,sky,land,galaxy,airconditioner,brave,female,Han,Guizhou,Information & Computing Science,Intelligent Information Engineering College,Second-batch Undergraduate,Autumn Unified Exam,English
251740108,oracle,stepper,graphene,puerh,pencil,elephant,mooncake,sun,sanskrit,chiru,male,Han,Guizhou,Information & Computing Science,Intelligent Information Engineering College,Second-batch Undergraduate,Autumn Unified Exam,English
251740109,drink,woods,ruins,clothing,painting,humanity,garbage,weather,orb,evolution,male,Hui,Guizhou,Information & Computing Science,Intelligent Information Engineering College,Second-batch Undergraduate,Autumn Unified Exam,English
251740110,banana,basketball,running,study,computer,apple,book,pen,rubber,bench,male,Han,Guizhou,Information & Computing Science,Intelligent Information Engineering College,Second-batch Undergraduate,Autumn Unified Exam,English
251740111,baozi,spaceship,space,meteorite,pineapple,jade,cruller,bun,eggroll,airplane,male,Han,Guizhou,Information & Computing Science,Intelligent Information Engineering College,Second-batch Undergraduate,Autumn Unified Exam,English
251740113,world,website,clothes,cinema,galaxy,virtual,classical,architecture,idol,canal,male,Hui,Guizhou,Information & Computing Science,Intelligent Information Engineering College,Second-batch Undergraduate,Autumn Unified Exam,English
251740114,universe,mars,airplane,flower,birdie,hotpot,meat,forest,park,ocean,female,Han,Guizhou,Information & Computing Science,Intelligent Information Engineering College,Second-batch Undergraduate,Autumn Unified Exam,English
251740122,car,river,continue,excellent,receive,phone,egg,virus,strike,driver,female,Han,Guizhou,Information & Computing Science,Intelligent Information Engineering College,Second-batch Undergraduate,Autumn Unified Exam,English
251740127,sprite,airconditioner,building,badminton,car,chef,supermarket,hair,amplifier,book,female,Chuanqing,Guizhou,Information & Computing Science,Intelligent Information Engineering College,Second-batch Undergraduate,Autumn Unified Exam,English
251740128,banana,pedal,milktea,bracelet,summit,slipper,urea,rice,audi,nike,male,Han,Guizhou,Information & Computing Science,Intelligent Information Engineering College,Second-batch Undergraduate,Autumn Unified Exam,English
251740133,bucket,mosquito,birthday,classmate,love,keyboard,brain,mood,hobby,browser,female,Yi,Guizhou,Information & Computing Science,Intelligent Information Engineering College,Second-batch Undergraduate,Autumn Unified Exam,English
251740134,country,airplane,nuke,penicillin,intelligence,house,army,peace,rice,pineapple,male,Han,Guizhou,Information & Computing Science,Intelligent Information Engineering College,Second-batch Undergraduate,Autumn Unified Exam,Japanese
251740137,watermelon,cigarette,lawn,exam,socks,airconditioner,coffee,store,pinyin,manicure,female,Han,Guizhou,Information & Computing Science,Intelligent Information Engineering College,Second-batch Undergraduate,Autumn Unified Exam,English
251740138,grape,carrier,apple,subway,egg,virus,cell,airport,soil,technology,female,Han,Guizhou,Information & Computing Science,Intelligent Information Engineering College,Second-batch Undergraduate,Autumn Unified Exam,English
252340102,tool,computer,leaf,bulb,flag,teammate,picture,mathematics,sweat,sports,male,Han,Guizhou,Pharmaceutical Engineering,Basic Medicine College,Second-batch Undergraduate,Autumn Unified Exam,English
252340103,toothbrush,train,cup,milktea,sky,ocean,skyscraper,cave,textbook,weapon,male,Chuanqing,Guizhou,Pharmaceutical Engineering,Basic Medicine College,Second-batch Undergraduate,Autumn Unified Exam,English
252340104,method,reference,pressure,camera,profession,typical,resurrect,populace,nation,disgusting,male,Han,Guizhou,Pharmaceutical Engineering,Basic Medicine College,Second-batch Undergraduate,Autumn Unified Exam,English
252340105,runway,garden,swimming,truancy,highjump,pitch,eat,longjump,investment,wood,male,Han,Guizhou,Pharmaceutical Engineering,Basic Medicine College,Second-batch Undergraduate,Autumn Unified Exam,English
252340107,shoes,kiwi,banana,badminton,playground,tomato,mooncake,clothes,study,hero,female,Miao,Guizhou,Pharmaceutical Engineering,Basic Medicine College,Second-batch Undergraduate,Autumn Unified Exam,English
252340111,potato,watermelon,tile,bowl,tomato,tissue,egg,drumstick,chicken,wing,male,Miao,Guizhou,Pharmaceutical Engineering,Basic Medicine College,Second-batch Undergraduate,Autumn Unified Exam,English
252340113,ring,stylus,flowerpot,train,compact,potato,mecha,moon,tackle,canvas,female,Buyi,Guizhou,Pharmaceutical Engineering,Basic Medicine College,Second-batch Undergraduate,Autumn Unified Exam,English
252340114,sweet,sweet,naive,purity,kind,stubbornness,decline,interpreter,meaning,know,male,Han,Guizhou,Pharmaceutical Engineering,Basic Medicine College,Second-batch Undergraduate,Autumn Unified Exam,English
252340115,banana,streetlight,light,firecracker,tshirt,library,storybook,iot,ai,computer,male,Han,Guizhou,Pharmaceutical Engineering,Basic Medicine College,Second-batch Undergraduate,Autumn Unified Exam,English
252340116,car,cloud,universe,axe,plant,puppy,tweezers,window,copybook,couplet,female,Buyi,Guizhou,Pharmaceutical Engineering,Basic Medicine College,Second-batch Undergraduate,Autumn Unified Exam,English
252340118,banana,streetlight,cup,train,flowerpot,trashcan,ashtray,rake,guardrail,forest,male,Miao,Guizhou,Pharmaceutical Engineering,Basic Medicine College,Second-batch Undergraduate,Autumn Unified Exam,English
252340119,flower,sweet,runway,rain,tree,standard,abundant,safety,firecracker,crosswalk,male,Zhuang,Guizhou,Pharmaceutical Engineering,Basic Medicine College,Second-batch Undergraduate,Autumn Unified Exam,English
252340120,hat,bandage,shoes,piano,glasses,towel,streetlight,umbrella,headphones,envelope,male,Han,Guizhou,Pharmaceutical Engineering,Basic Medicine College,Second-batch Undergraduate,Autumn Unified Exam,English
252340123,running,editor,codename,storekeeper,lane,garage,hotpot,serum,healthcare,facility,male,Buyi,Guizhou,Pharmaceutical Engineering,Basic Medicine College,Second-batch Undergraduate,Autumn Unified Exam,English
252340125,future,dream,technology,code,editor,copy,paste,login,admit,success,male,Han,Guizhou,Pharmaceutical Engineering,Basic Medicine College,Second-batch Undergraduate,Autumn Unified Exam,English
252340126,fan,notebook,string,wristwatch,snack,cellphone,lipstick,perfume,schoolbag,backpack,female,Han,Guizhou,Pharmaceutical Engineering,Basic Medicine College,Second-batch Undergraduate,Autumn Unified Exam,English
252340129,river,instrument,bird,honeycomb,shark,mermaid,flower,sky,paintbrush,paint,female,Miao,Guizhou,Pharmaceutical Engineering,Basic Medicine College,Second-batch Undergraduate,Autumn Unified Exam,English
252340131,hotel,playground,car,ai,kitchen,classroom,medicine,road,chair,projector,male,Han,Guizhou,Pharmaceutical Engineering,Basic Medicine College,Second-batch Undergraduate,Autumn Unified Exam,English
252340132,sail,window,delicacy,tissue,chat,talk,books,walk,rise,sickness,male,Han,Guizhou,Pharmaceutical Engineering,Basic Medicine College,Second-batch Undergraduate,Autumn Unified Exam,English
252340133,cellphone,car,textbook,clothes,eye,nail,orbit,card,chopsticks,hotpot,female,Bai,Guizhou,Pharmaceutical Engineering,Basic Medicine College,Second-batch Undergraduate,Autumn Unified Exam,English
252340134,bicycle,building,table,jewelry,tree,video,potato,sound,cellphone,planet,female,Miao,Guizhou,Pharmaceutical Engineering,Basic Medicine College,Second-batch Undergraduate,Autumn Unified Exam,English
252340136,technology,transcendence,intelligence,memory,excellence,replace,future,innovation,benefit,simplicity,female,Han,Guizhou,Pharmaceutical Engineering,Basic Medicine College,Second-batch Undergraduate,Autumn Unified Exam,English
252340137,hair,flashlight,clothes,weed,corn,fingernail,glue,faucet,glasses,mirror,male,Han,Guizhou,Pharmaceutical Engineering,Basic Medicine College,Second-batch Undergraduate,Autumn Unified Exam,English
252340138,apple,dormitory,hotpot,cellphone,id,charger,milktea,rocket,canteen,classroom,female,Han,Guizhou,Pharmaceutical Engineering,Basic Medicine College,Second-batch Undergraduate,Autumn Unified Exam,English
252340142,potato,lid,watermelon,ship,rope,shovel,warning,notice,disadvantage,lawyer,male,Han,Guizhou,Pharmaceutical Engineering,Basic Medicine College,Second-batch Undergraduate,Autumn Unified Exam,English
252340145,shoe,house,sport,apple,river,receiver,forest,skateboard,swimming,lamp,male,Han,Guizhou,Pharmaceutical Engineering,Basic Medicine College,Second-batch Undergraduate,Autumn Unified Exam,Russian
252340149,number,fish,tree,brush,dali,puppy,hair,machine,window,school,female,Chuanqing,Guizhou,Pharmaceutical Engineering,Basic Medicine College,Second-batch Undergraduate,Autumn Unified Exam,English
252340150,durian,runway,lecture,friend,puppy,pet,dream,future,process,count,female,Han,Guizhou,Pharmaceutical Engineering,Basic Medicine College,Second-batch Undergraduate,Autumn Unified Exam,English
252840101,pulp,leap,eat,sleep,blowdry,piano-playing,walk,jump,run,bullet,male,Miao,Guizhou,Medical Information Engineering,Intelligent Information Engineering College,Second-batch Undergraduate,Autumn Unified Exam,English
252840102,pork,chicken,cookie,bread,rod,beef,glove,mask,cup,cake,male,Tujia,Guizhou,Medical Information Engineering,Intelligent Information Engineering College,Second-batch Undergraduate,Autumn Unified Exam,English
252840104,radish,rocket,starscape,switch,runway,lamb,lover,watermelon,website,society,male,Han,Guizhou,Medical Information Engineering,Intelligent Information Engineering College,Second-batch Undergraduate,Autumn Unified Exam,English
252840105,bicycle,sweater,hair,rail,soil,cake,factory,sound,calm,vitality,female,Yi,Guizhou,Medical Information Engineering,Intelligent Information Engineering College,Second-batch Undergraduate,Autumn Unified Exam,English
252840109,fruit,ringleader,keyboard,plants,weather,cloud,airflow,river,vole,talk,female,Han,Guizhou,Medical Information Engineering,Intelligent Information Engineering College,Second-batch Undergraduate,Autumn Unified Exam,English
252840110,snack,homework,bracelet,game,clothes,pen,software,time,interest,aphorism,female,Han,Guizhou,Medical Information Engineering,Intelligent Information Engineering College,Second-batch Undergraduate,Autumn Unified Exam,English
252840115,trees,airplane,skyscraper,puppy,banana,chair,palm,advertisement,car,rocket,male,Han,Guizhou,Medical Information Engineering,Intelligent Information Engineering College,Second-batch Undergraduate,Autumn Unified Exam,English
252840116,sunglasses,score,humor,mouse,coffee,machine,platform,hope,fantasy,position,male,Dong,Guizhou,Medical Information Engineering,Intelligent Information Engineering College,Second-batch Undergraduate,Autumn Unified Exam,Japanese
252840118,life,universe,meaning,time,star,shadow,planet,dust,grand,longing,male,Han,Guizhou,Medical Information Engineering,Intelligent Information Engineering College,Second-batch Undergraduate,Autumn Unified Exam,English
252840120,thinking,charcoal,rice,mathematics,rigorous,weather,friend,mouse,uncle,genius,male,Miao,Guizhou,Medical Information Engineering,Intelligent Information Engineering College,Second-batch Undergraduate,Autumn Unified Exam,English
252840121,tree,sky,bedroom,relative,mood,hobby,spouse,friendship,love,psychology,female,Han,Guizhou,Medical Information Engineering,Intelligent Information Engineering College,Second-batch Undergraduate,Autumn Unified Exam,English
252840122,airplane,brook,mountain,delicacy,animal,sky,clothes,ant,keyboard,teeth,female,Han,Guizhou,Medical Information Engineering,Intelligent Information Engineering College,Second-batch Undergraduate,Autumn Unified Exam,English
252840124,elevator,refrigerator,rocket,cruller,shark,dinosaur,cabbage,helmet,truck,firearms,male,Han,Guizhou,Medical Information Engineering,Intelligent Information Engineering College,Second-batch Undergraduate,Autumn Unified Exam,English
252840126,apple,watermelon,playground,badminton,keyboard,airplane,pineapple,moon,universe,noodles,female,Miao,Guizhou,Medical Information Engineering,Intelligent Information Engineering College,Second-batch Undergraduate,Autumn Unified Exam,English
252840128,life,universe,aerospace,blackhole,solarsystem,homeland,resource,imagination,spacestation,destruction,male,Han,Guizhou,Medical Information Engineering,Intelligent Information Engineering College,Second-batch Undergraduate,Autumn Unified Exam,English
252840129,airplane,eyebrow,trees,pen,lightning,goldfish,backpack,coffee,storefront,house,female,Han,Guizhou,Medical Information Engineering,Intelligent Information Engineering College,Second-batch Undergraduate,Autumn Unified Exam,English
252840134,chair,surfboard,island,god,thought,palm,whirlpool,gale,lightning,rampart,male,Miao,Guizhou,Medical Information Engineering,Intelligent Information Engineering College,Second-batch Undergraduate,Autumn Unified Exam,English
252840136,pen,quilt,essence,reading,apple,puppy,clothes,machine,time,universe,female,Han,Guizhou,Medical Information Engineering,Intelligent Information Engineering College,Second-batch Undergraduate,Autumn Unified Exam,English
252840137,apple,vase,car,marble,gun,book,hair,soil,shoes,light,male,Han,Guizhou,Medical Information Engineering,Intelligent Information Engineering College,Second-batch Undergraduate,Autumn Unified Exam,English
253140101,universe,mountain,water,air,ore,asteroid,orion,planet,cell,cancer,male,Han,Guizhou,Sports Rehabilitation,Sports Health College,Arts/PE Undergraduate,Autumn Unified Exam,English
253140102,apple,shoes,tree,runway,love,animal,edamame,flame,clothes,fish,male,Buyi,Guizhou,Sports Rehabilitation,Sports Health College,Arts/PE Undergraduate,Autumn Unified Exam,Japanese
253140103,basketball,space,sugarcane,cucumber,flame,tree,shoes,rocket,love,father,male,Han,Guizhou,Sports Rehabilitation,Sports Health College,Arts/PE Undergraduate,Autumn Unified Exam,English
253140105,vehicle,traffic,blocks,driver,elevator,runway,sleep,walk,convene,dismiss,male,Tujia,Guizhou,Sports Rehabilitation,Sports Health College,Arts/PE Undergraduate,Autumn Unified Exam,English
253140112,tomato,tree,tulip,cloud,whale,mars,soil,ocean,comet,atom,male,Miao,Guizhou,Sports Rehabilitation,Sports Health College,Arts/PE Undergraduate,Autumn Unified Exam,English
253140113,barbell,pear,dumbbell,blocks,rope,nuke,shell,apple,runway,banana,male,Miao,Guizhou,Sports Rehabilitation,Sports Health College,Arts/PE Undergraduate,Autumn Unified Exam,Japanese
253140115,talent,text,sky,dream,galaxy,environment,trade,music,technology,art,male,Dong,Guizhou,Sports Rehabilitation,Sports Health College,Arts/PE Undergraduate,Autumn Unified Exam,English
253140119,water,astronaut,runway,goldmedal,water,rocket,computer,work,feather,ink,male,Buyi,Guizhou,Sports Rehabilitation,Sports Health College,Arts/PE Undergraduate,Autumn Unified Exam,English
253140120,lighter,happiness,message,brook,imagine,international,love,safety,repression,reason,male,Han,Guizhou,Sports Rehabilitation,Sports Health College,Arts/PE Undergraduate,Autumn Unified Exam,English
253140124,pen,laptop,mantou,trashcan,chair,airconditioner,rocket,quilt,water,runway,male,Han,Guizhou,Sports Rehabilitation,Sports Health College,Arts/PE Undergraduate,Autumn Unified Exam,English
253140125,car,dream,sports,glasses,swimming,technology,network,friend,game,weather,male,Han,Guizhou,Sports Rehabilitation,Sports Health College,Arts/PE Undergraduate,Autumn Unified Exam,Russian
253140127,breakfast,soymilk,forest,fruit,satellite,aerospace,online,password,paddy,grain,female,Dong,Guizhou,Sports Rehabilitation,Sports Health College,Arts/PE Undergraduate,Autumn Unified Exam,English
253140129,apple,health,ocean,wedding,sky,eco,instrument,future,bottle,lifesaving,male,Miao,Guizhou,Sports Rehabilitation,Sports Health College,Arts/PE Undergraduate,Autumn Unified Exam,English
253140131,shoes,flight,apple,electronics,cultivation,ordinary,death,god,color,future,male,Han,Guizhou,Sports Rehabilitation,Sports Health College,Arts/PE Undergraduate,Autumn Unified Exam,English
253140137,plum,schoolbag,pear,ear,evidence,method,sportscar,redbull,child,soil,male,Miao,Guizhou,Sports Rehabilitation,Sports Health College,Arts/PE Undergraduate,Autumn Unified Exam,English
253140141,window,bedsheet,windbreaker,pants,orange,watermelon,glasses,paper,screen,light,female,Buyi,Guizhou,Sports Rehabilitation,Sports Health College,Arts/PE Undergraduate,Autumn Unified Exam,English
253140145,airplane,sport,forest,field,dust,comfortable,friend,training,storehouse,rocket,female,Han,Guizhou,Sports Rehabilitation,Sports Health College,Arts/PE Undergraduate,Autumn Unified Exam,English
253140146,mao,country,lamp,isolationism,millet,bun,notebook,love,raindrop,university,female,Han,Guizhou,Sports Rehabilitation,Sports Health College,Arts/PE Undergraduate,Autumn Unified Exam,English
253140150,computer,rose,law,airplane,rice,cellphone,poetry,bridge,thermometer,football,female,Buyi,Guizhou,Sports Rehabilitation,Sports Health College,Arts/PE Undergraduate,Autumn Unified Exam,English
253140301,mute,bridegroom,honey,starscape,ocean,bittermelon,dog,stinkytofu,cabbage,badge,male,Han,Guizhou,Sports Rehabilitation,Sports Health College,Arts/PE Undergraduate,Autumn Unified Exam,English
253140303,basketball,racecourse,airgun,parkour,scenery,airplane,ocean,family,education,altitude,male,Dong,Guizhou,Sports Rehabilitation,Sports Health College,Arts/PE Undergraduate,Autumn Unified Exam,Japanese
253140304,airplane,basketball,apple,train,peacock,ant,ginkgo,eye,blocks,games,male,Han,Guizhou,Sports Rehabilitation,Sports Health College,Arts/PE Undergraduate,Autumn Unified Exam,English
253140305,apple,table,chair,soil,sky,stream,lightning,cloud,pants,shoes,male,Miao,Guizhou,Sports Rehabilitation,Sports Health College,Arts/PE Undergraduate,Autumn Unified Exam,English
253140306,cellphone,game,books,trees,happy,flower,education,art,material,type,male,Dong,Guizhou,Sports Rehabilitation,Sports Health College,Arts/PE Undergraduate,Autumn Unified Exam,English
253140307,fruit,world,animal,tree,ocean,exercise,person,car,street,floor,male,Chuanqing,Guizhou,Sports Rehabilitation,Sports Health College,Arts/PE Undergraduate,Autumn Unified Exam,English
253140308,vitamin,humanity,pear,tree,eat,fruit,health,delicious,nutrition,breakfast,male,Miao,Guizhou,Sports Rehabilitation,Sports Health College,Arts/PE Undergraduate,Autumn Unified Exam,Japanese
253140309,pedal,banana,pajamas,mesh,mouse,rubber,tangyuan,music,store,rack,male,Han,Guizhou,Sports Rehabilitation,Sports Health College,Arts/PE Undergraduate,Autumn Unified Exam,English
253140310,airplane,meteorite,ocean,elephant,basketball,wristwatch,travel,superman,pig,city,male,Miao,Guizhou,Sports Rehabilitation,Sports Health College,Arts/PE Undergraduate,Autumn Unified Exam,English
253140311,trees,flower,camera,strength,schoolbag,glasses,gravitation,mechanics,force,pen,female,Han,Guizhou,Sports Rehabilitation,Sports Health College,Arts/PE Undergraduate,Autumn Unified Exam,Japanese
253140313,apple,achievement,author,publisher,time,ceramics,glass,scratch,people,hospital,male,Tujia,Guizhou,Sports Rehabilitation,Sports Health College,Arts/PE Undergraduate,Autumn Unified Exam,English
253140315,rain,eat,airconditioner,banquet,dust,religion,paint,clay,broadcasting,hello,female,Han,Guizhou,Sports Rehabilitation,Sports Health College,Arts/PE Undergraduate,Autumn Unified Exam,English
253140317,strawberry,rabbit,toy,symphony,orbit,ai,architecture,sky,organ,nature,female,Han,Guizhou,Sports Rehabilitation,Sports Health College,Arts/PE Undergraduate,Autumn Unified Exam,English
253140318,spareribs,cloth,endure,time,world,sleep,benevolence,righteousness,toughness,throw,male,Han,Guizhou,Sports Rehabilitation,Sports Health College,Arts/PE Undergraduate,Autumn Unified Exam,English
253140320,meaning,orbit,industry,food,structure,dense,secret,chemistry,sports,physics,male,Han,Guizhou,Sports Rehabilitation,Sports Health College,Arts/PE Undergraduate,Autumn Unified Exam,English
253140321,wristwatch,seed,mask,microscope,pen,constitution,curtain,whale,desert,bread,male,Miao,Guizhou,Sports Rehabilitation,Sports Health College,Arts/PE Undergraduate,Autumn Unified Exam,Japanese
253140322,runway,forest,airplane,glasses,word,university,elephant,world,refrigerator,season,male,Han,Guizhou,Sports Rehabilitation,Sports Health College,Arts/PE Undergraduate,Autumn Unified Exam,English
253140323,meaning,end,careful,orbit,orb,feasible,willing,memory,fragrance,method,male,Han,Guizhou,Sports Rehabilitation,Sports Health College,Arts/PE Undergraduate,Autumn Unified Exam,English
253140329,tank,moon,banana,sun,streetlight,cardboard,pen,canvas,rocket,lamp,male,Han,Guizhou,Sports Rehabilitation,Sports Health College,Arts/PE Undergraduate,Autumn Unified Exam,Japanese
253140332,playground,shot,squirrel,pine,submarine,airplane,pingpong,spacestation,mango,parade,male,Han,Guizhou,Sports Rehabilitation,Sports Health College,Arts/PE Undergraduate,Autumn Unified Exam,English
253140343,airplane,hotel,school,data,education,hat,height,footsteps,traffic,life,male,Miao,Guizhou,Sports Rehabilitation,Sports Health College,Arts/PE Undergraduate,Autumn Unified Exam,English
253140344,rocket,sky,house,bar,cycling,relax,school,tension,bodyweight,bridge,male,Han,Guizhou,Sports Rehabilitation,Sports Health College,Arts/PE Undergraduate,Autumn Unified Exam,English
253140345,school,classroom,class,book,pen,notes,teacher,classmate,listen,podium,male,Han,Guizhou,Sports Rehabilitation,Sports Health College,Arts/PE Undergraduate,Autumn Unified Exam,English
253140347,mushroom,coat,cloud,english,mathematics,chinese,politics,history,dense,geography,female,Han,Guizhou,Sports Rehabilitation,Sports Health College,Arts/PE Undergraduate,Autumn Unified Exam,English
253140348,boat,springwater,train,carrier,animal,liver,game,cannon,computer,locomotive,male,Han,Guizhou,Sports Rehabilitation,Sports Health College,Arts/PE Undergraduate,Autumn Unified Exam,Japanese
253140349,wildflower,bee,friend,sun,life,travel,airplane,tank,books,movie,female,Han,Guizhou,Sports Rehabilitation,Sports Health College,Arts/PE Undergraduate,Autumn Unified Exam,English
253240128,trees,leaf,sunshine,moisture,train,train,flower,grass,cloud,sky,female,Han,Guizhou,Stomatology Technology,Clinical College,Second-batch Undergraduate,Autumn Unified Exam,English
253240134,moon,signal,tomorrow,campus,hobby,shoes,sandbag,doll,sandstorm,river,female,Miao,Guizhou,Stomatology Technology,Clinical College,Second-batch Undergraduate,Autumn Unified Exam,English
253240136,sky,book,folder,case,teapot,ludo,airplane,mud,hair,gold,female,Han,Guizhou,Stomatology Technology,Clinical College,Second-batch Undergraduate,Autumn Unified Exam,English
253240139,juice,car,bar,potato,airplane,flower,cloud,lightning,soil,bean,female,Han,Guizhou,Stomatology Technology,Clinical College,Second-batch Undergraduate,Autumn Unified Exam,English
253240140,clothes,puppy,schoolhouse,kitten,trees,cloud,table,hair,headphones,classmate,female,Hui,Guizhou,Stomatology Technology,Clinical College,Second-batch Undergraduate,Autumn Unified Exam,English
253240142,fruit,shoes,teacher,livelihood,war,international,family,trees,dream,tranquil,female,Han,Guizhou,Stomatology Technology,Clinical College,Second-batch Undergraduate,Autumn Unified Exam,English
253240146,ginger,bible,liner,intelligence,soy,violin,confidence,purple,personality,mugwort,female,Dong,Guizhou,Stomatology Technology,Clinical College,Second-batch Undergraduate,Autumn Unified Exam,English
253540107,piano,universe,law,sailboat,gene,poetry,microscope,desert,philosophy,stamp,male,Han,Guizhou,Social Sports Guidance & Management,Sports Health College,Arts/PE Undergraduate,Autumn Unified Exam,English
253540108,strawberry,car,house,school,basketball,shoes,police,forest,lake,cloud,male,Han,Guizhou,Social Sports Guidance & Management,Sports Health College,Arts/PE Undergraduate,Autumn Unified Exam,English
253540110,adult,child,study,cellphone,bedroom,bucket,shoes,eye,message,matter,male,Han,Guizhou,Social Sports Guidance & Management,Sports Health College,Arts/PE Undergraduate,Autumn Unified Exam,English
253540111,apple,canvas,paintbrush,eraser,tshirt,shoes,skateboard,basketball,street,shopping,female,Shui,Guizhou,Social Sports Guidance & Management,Sports Health College,Arts/PE Undergraduate,Autumn Unified Exam,English
253540112,cellphone,ruler,pole,basketball,house,socks,ring,pencil,brush,tissue,male,Han,Guizhou,Social Sports Guidance & Management,Sports Health College,Arts/PE Undergraduate,Autumn Unified Exam,English
253540113,snowwhite,rollercoaster,vinegar,classroom,sidewalk,quilt,cigarette,camera,builder,exhausted,male,Dong,Guizhou,Social Sports Guidance & Management,Sports Health College,Arts/PE Undergraduate,Autumn Unified Exam,English
253540115,mine,water,fire,vision,banana,wood,airplane,ion,gun,knife,male,Han,Guizhou,Social Sports Guidance & Management,Sports Health College,Arts/PE Undergraduate,Autumn Unified Exam,Russian
253540116,water,fire,rope,knife,gun,tree,fish,stone,mud,mine,male,Tujia,Guizhou,Social Sports Guidance & Management,Sports Health College,Arts/PE Undergraduate,Autumn Unified Exam,English
253540117,family,relative,library,shoes,path,road,photo,clothes,work,friend,female,Miao,Guizhou,Social Sports Guidance & Management,Sports Health College,Arts/PE Undergraduate,Autumn Unified Exam,English
253540119,equipment,playground,water,pen,cup,schoolbag,notebook,library,station,shoes,male,Miao,Guizhou,Social Sports Guidance & Management,Sports Health College,Arts/PE Undergraduate,Autumn Unified Exam,English
253540120,difficulty,climate,notebook,cup,future,family,recollection,runway,aerospace,crowd,male,Han,Guizhou,Social Sports Guidance & Management,Sports Health College,Arts/PE Undergraduate,Autumn Unified Exam,English
253540121,emotion,kinship,friend,fruit,milk,vegetable,cow,toy,product,food,female,Han,Guizhou,Social Sports Guidance & Management,Sports Health College,Arts/PE Undergraduate,Autumn Unified Exam,English
253540123,clothes,travel,doll,glasses,wristwatch,cup,playground,dance,music,freedom,female,Han,Guizhou,Social Sports Guidance & Management,Sports Health College,Arts/PE Undergraduate,Autumn Unified Exam,English
253540124,books,basketball,refrigerator,poetry,pen,train,flower,computer,law,smile,male,Han,Guizhou,Social Sports Guidance & Management,Sports Health College,Arts/PE Undergraduate,Autumn Unified Exam,English
253540125,air,honesty,lucky,silence,climate,temperature,quiet,fact,credit,ability,male,Han,Guizhou,Social Sports Guidance & Management,Sports Health College,Arts/PE Undergraduate,Autumn Unified Exam,Japanese
253540126,football,progress,civilization,sincerity,lucky,powerful,confidence,persist,rigorous,ban,male,Buyi,Guizhou,Social Sports Guidance & Management,Sports Health College,Arts/PE Undergraduate,Autumn Unified Exam,Japanese
253540127,apple,create,humanity,basketball,dance,africa,computer,missile,human-machine,arbitration,male,Dong,Guizhou,Social Sports Guidance & Management,Sports Health College,Arts/PE Undergraduate,Autumn Unified Exam,English
253540128,apple,glass,scissors,step,pen,original,family,banknote,safflower,cub,male,Han,Guizhou,Social Sports Guidance & Management,Sports Health College,Arts/PE Undergraduate,Autumn Unified Exam,English
253540130,strawberry,love,mango,dragonfruit,cantaloupe,taxi,subway,cherry,hotpot,body,female,Han,Guizhou,Social Sports Guidance & Management,Sports Health College,Arts/PE Undergraduate,Autumn Unified Exam,English
253540131,hair,hair,clothes,cabinet,ladder,stairs,plate,porcelain,air,gas,male,Tujia,Guizhou,Social Sports Guidance & Management,Sports Health College,Arts/PE Undergraduate,Autumn Unified Exam,Japanese
253540132,cucumber,cup,cellphone,ginger,water,bread,cake,flower,trees,palace,male,Dong,Guizhou,Social Sports Guidance & Management,Sports Health College,Arts/PE Undergraduate,Autumn Unified Exam,English
253540133,fruit,food,apple,wood,beast,poultry,life,ocean,universe,galaxy,male,Miao,Guizhou,Social Sports Guidance & Management,Sports Health College,Arts/PE Undergraduate,Autumn Unified Exam,English
253540134,willingness,tendency,technology,humanity,use,idle,prophet,devil,preview,pinnacle,male,Tujia,Guizhou,Social Sports Guidance & Management,Sports Health College,Arts/PE Undergraduate,Autumn Unified Exam,English
253540136,match,rule,football,playground,basketball,badminton,pingpong,pitch,athlete,cue,male,Han,Guizhou,Social Sports Guidance & Management,Sports Health College,Arts/PE Undergraduate,Autumn Unified Exam,English
253540138,metaphysics,technology,information,life,rookie,life,dream,sports,reckoning,burden,male,Han,Guizhou,Social Sports Guidance & Management,Sports Health College,Arts/PE Undergraduate,Autumn Unified Exam,Japanese
253540139,youth,vitality,passion,sunshine,regret,beauty,time,recollection,unforgettable,wonderful,male,Han,Guizhou,Social Sports Guidance & Management,Sports Health College,Arts/PE Undergraduate,Autumn Unified Exam,Japanese
253540141,basketball,microphone,glasses,coat,pants,nail,wisdom,lighter,honesty,strong,male,Shui,Guizhou,Social Sports Guidance & Management,Sports Health College,Arts/PE Undergraduate,Autumn Unified Exam,Japanese
253540142,banana,train,pinpoint,flower,cellphone,barbell,notes,kite,number,work,male,Gelao,Guizhou,Social Sports Guidance & Management,Sports Health College,Arts/PE Undergraduate,Autumn Unified Exam,English
253540144,apple,hobby,eat,football,sport,playground,match,champion,advance,worldcup,male,Shui,Guizhou,Social Sports Guidance & Management,Sports Health College,Arts/PE Undergraduate,Autumn Unified Exam,English
253540145,investigation,virtue,innovation,intelligence,universe,unprecedented,reason,imagine,prosperity,affluence,male,Buyi,Guizhou,Social Sports Guidance & Management,Sports Health College,Arts/PE Undergraduate,Autumn Unified Exam,English
253540146,apple,computer,notebook,host,moon,gpu,rubber,screen,surveillance,pineapple,male,Han,Guizhou,Social Sports Guidance & Management,Sports Health College,Arts/PE Undergraduate,Autumn Unified Exam,English
253540147,car,eat,school,head,learn,practice,exercise,running,swimming,football,male,Han,Guizhou,Social Sports Guidance & Management,Sports Health College,Arts/PE Undergraduate,Autumn Unified Exam,English
253540148,china,formerly,success,miss,schoolbag,rainwear,people,smart,world,menace,male,Han,Guizhou,Social Sports Guidance & Management,Sports Health College,Arts/PE Undergraduate,Autumn Unified Exam,English
253540149,butterfly,panda,dumbbell,barbell,watermelon,mango,court,pitch,court,court,female,Tujia,Guizhou,Social Sports Guidance & Management,Sports Health College,Arts/PE Undergraduate,Autumn Unified Exam,English
253540218,apple,jinchengjiang,ucl,space,schoolbag,seafood,yam,scholarship,detergent,patrolman,female,Han,Guizhou,Social Sports Guidance & Management,Sports Health College,Arts/PE Undergraduate,Autumn Unified Exam,English
253540233,newyear,void,banana,table,miracle,reading,exam,homework,free,theme,male,Dong,Guizhou,Social Sports Guidance & Management,Sports Health College,Arts/PE Undergraduate,Autumn Unified Exam,Japanese
253540235,song,tube,gas,milliliter,buddy,beast,lipid,odd,pearl,road,male,Han,Guizhou,Social Sports Guidance & Management,Sports Health College,Arts/PE Undergraduate,Autumn Unified Exam,English
253540246,blueberry,hair,schoolbag,textbook,home,school,dog,cat,window,elevator,female,Han,Guizhou,Social Sports Guidance & Management,Sports Health College,Arts/PE Undergraduate,Autumn Unified Exam,English
253540249,pear,technology,apple,stool,hongkong,world,love,ideal,dream,china,female,Gelao,Guizhou,Social Sports Guidance & Management,Sports Health College,Arts/PE Undergraduate,Autumn Unified Exam,English
253540302,ocean,bomb,past,story,apple,red,land,juice,clothes,produce,male,Miao,Guizhou,Social Sports Guidance & Management,Sports Health College,Arts/PE Undergraduate,Autumn Unified Exam,English
253540303,shell,airplane,train,missile,carrier,ship,train,rifle,grenade,satellite,male,Miao,Guizhou,Social Sports Guidance & Management,Sports Health College,Arts/PE Undergraduate,Autumn Unified Exam,English
253540304,airplane,watergun,infrared,stinkytofu,syringe,sauce,swatter,badminton,redflag,boat,male,Yi,Guizhou,Social Sports Guidance & Management,Sports Health College,Arts/PE Undergraduate,Autumn Unified Exam,English
253540305,mealcard,id,banana,bow,apple,shot,chalk,rocket,medal,runway,male,Han,Guizhou,Social Sports Guidance & Management,Sports Health College,Arts/PE Undergraduate,Autumn Unified Exam,English
253540308,trees,house,highway,car,railway,train,sky,airplane,space,rocket,male,Hui,Guizhou,Social Sports Guidance & Management,Sports Health College,Arts/PE Undergraduate,Autumn Unified Exam,English
253540311,pretty,haircut,comment,tidy,mom,baby,brother,drawing,refuse,look,male,Han,Guizhou,Social Sports Guidance & Management,Sports Health College,Arts/PE Undergraduate,Autumn Unified Exam,English
253540313,banana,motorcycle,hair,clothes,train,textbook,arm,basketball,raining,sun,male,Han,Guizhou,Social Sports Guidance & Management,Sports Health College,Arts/PE Undergraduate,Autumn Unified Exam,English
253540321,blade,weapon,knife,sky,photography,paint,brain,magma,keycard,ocean,male,Han,Guizhou,Social Sports Guidance & Management,Sports Health College,Arts/PE Undergraduate,Autumn Unified Exam,English
253540322,goodie,villain,beauty,road,kaili,bijie,brother,sister,agree,refuse,female,Dong,Guizhou,Social Sports Guidance & Management,Sports Health College,Arts/PE Undergraduate,Autumn Unified Exam,English
253540323,sleep,fire,dog,sheep,donkey,cow,deer,horse,monkey,chicken,male,Miao,Guizhou,Social Sports Guidance & Management,Sports Health College,Arts/PE Undergraduate,Autumn Unified Exam,Japanese
253740101,weekend,online,effort,opening,encourage,notebook,achievement,fruit,snack,scenery,male,Buyi,Guizhou,Leisure Sports,Sports Health College,Arts/PE Undergraduate,Autumn Unified Exam,English
253740102,apple,banana,cantaloupe,dragonfruit,sugarcane,orange,pineapple,grape,jackfruit,watermelon,male,Han,Guizhou,Leisure Sports,Sports Health College,Arts/PE Undergraduate,Autumn Unified Exam,English
253740103,bath,pencil,pants,table,subway,elevator,map,trees,stream,floor,male,Buyi,Guizhou,Leisure Sports,Sports Health College,Arts/PE Undergraduate,Autumn Unified Exam,English
253740104,watermelon,red,green,circle,delicious,cheap,sweetness,juice,platter,rind,female,Tujia,Guizhou,Leisure Sports,Sports Health College,Arts/PE Undergraduate,Autumn Unified Exam,English
253740105,mango,freedom,sport,study,lively,confusion,exploration,car,mountain,contentment,male,Han,Guizhou,Leisure Sports,Sports Health College,Arts/PE Undergraduate,Autumn Unified Exam,English
253740106,apple,banana,longan,lychee,hotel,subway,airplane,car,train,train,male,Miao,Guizhou,Leisure Sports,Sports Health College,Arts/PE Undergraduate,Autumn Unified Exam,English
253740107,road,trees,leaf,pit,soil,illumination,bag,moisture,nutrition,labor,male,Tujia,Guizhou,Leisure Sports,Sports Health College,Arts/PE Undergraduate,Autumn Unified Exam,English
253740108,mood,poetry,mountains,life,starscape,cell,ecology,conservation,petroleum,motivation,male,Yi,Guizhou,Leisure Sports,Sports Health College,Arts/PE Undergraduate,Autumn Unified Exam,English
253740110,happy,happy,abstract,sleeper,lively,melancholy,winner,engineering,management,football,male,Miao,Guizhou,Leisure Sports,Sports Health College,Arts/PE Undergraduate,Autumn Unified Exam,English
253740111,clothes,rod,plastic,book,bench,flower,ripple,moon,thread,sun,male,Miao,Guizhou,Leisure Sports,Sports Health College,Arts/PE Undergraduate,Autumn Unified Exam,English
253740112,powerful,help,running,brave,kind,gentleness,understand,strong,optimistic,persist,male,Tujia,Guizhou,Leisure Sports,Sports Health College,Arts/PE Undergraduate,Autumn Unified Exam,English
253740113,fruit,basketball,games,mathematics,feather,animal,lamp,mattress,tile,taxi,male,Buyi,Guizhou,Leisure Sports,Sports Health College,Arts/PE Undergraduate,Autumn Unified Exam,English
253740114,banana,apple,pear,orange,pomelo,watermelon,dragonfruit,kiwi,papaya,muskmelon,male,Gelao,Guizhou,Leisure Sports,Sports Health College,Arts/PE Undergraduate,Autumn Unified Exam,English
253740115,train,bus,scooter,motorcycle,car,tanker,snowplow,train,gondola,bicycle,male,Tujia,Guizhou,Leisure Sports,Sports Health College,Arts/PE Undergraduate,Autumn Unified Exam,Russian
253740116,bread,ink,branch,airconditioner,car,fish,rock,wind,darkmatter,emotion,male,Han,Guizhou,Leisure Sports,Sports Health College,Arts/PE Undergraduate,Autumn Unified Exam,Japanese
253740117,universe,microscope,contract,calculus,quantum,sun,engraving,contract,supplychain,yangge,male,Han,Guizhou,Leisure Sports,Sports Health College,Arts/PE Undergraduate,Autumn Unified Exam,English
253740118,fruit,food,green,red,circle,water,delicious,seasons,extensive,cheap,female,Han,Guizhou,Leisure Sports,Sports Health College,Arts/PE Undergraduate,Autumn Unified Exam,English
253740119,dream,marriage,airplane,snowmountain,windbreaker,spiderlily,warmth,finance,taboo,paradise,male,Han,Guizhou,Leisure Sports,Sports Health College,Arts/PE Undergraduate,Autumn Unified Exam,English
253740120,university,snowflake,banana,terrace,clothes,cell,glasses,land,sunshine,textbook,male,Miao,Guizhou,Leisure Sports,Sports Health College,Arts/PE Undergraduate,Autumn Unified Exam,English
253740121,gym,banana,runway,pitch,court,court,basketball,football,volleyball,tennis,male,Li,Guizhou,Leisure Sports,Sports Health College,Arts/PE Undergraduate,Autumn Unified Exam,English
253740123,basketball,weather,tunnel,management,personnel,time,umbrella,sports,hobby,language,male,Han,Guizhou,Leisure Sports,Sports Health College,Arts/PE Undergraduate,Autumn Unified Exam,English
253740124,food,like,orange,yellow,tree,fragrance,drink,exam,medicine,item,female,Miao,Guizhou,Leisure Sports,Sports Health College,Arts/PE Undergraduate,Autumn Unified Exam,English
253740125,aid,emotion,dance,jog,sing,write,mentality,form,format,responsibility,male,Buyi,Guizhou,Leisure Sports,Sports Health College,Arts/PE Undergraduate,Autumn Unified Exam,English
253740126,name,teammate,badminton,pingpong,football,volleyball,court,pitch,court,pool,male,Han,Guizhou,Leisure Sports,Sports Health College,Arts/PE Undergraduate,Autumn Unified Exam,English
253740127,duck,tangyuan,resources,market,yadea,chili,appearance,swimming,communication,schoolbag,female,Han,Guizhou,Leisure Sports,Sports Health College,Arts/PE Undergraduate,Autumn Unified Exam,English
253740129,starscape,garden,books,cooking,piano,cooperation,courage,rule,running,stroll,female,Miao,Guizhou,Leisure Sports,Sports Health College,Arts/PE Undergraduate,Autumn Unified Exam,English
253740132,forever,control,jade,human-machine,obgyn,strength,compete,world,lightning,summit,male,Miao,Guizhou,Leisure Sports,Sports Health College,Arts/PE Undergraduate,Autumn Unified Exam,English
253740133,watermelon,strength,game,optimistic,sport,badminton,football,sleep,sunshine,confidence,male,Han,Guizhou,Leisure Sports,Sports Health College,Arts/PE Undergraduate,Autumn Unified Exam,English
253740134,book,trees,pencil,movie,study,life,inspirational,effort,money,river,male,Han,Guizhou,Leisure Sports,Sports Health College,Arts/PE Undergraduate,Autumn Unified Exam,English
253740136,apple,mirror,stud,comb,chopsticks,whistle,spoon,television,headphones,lamp,female,Han,Guizhou,Leisure Sports,Sports Health College,Arts/PE Undergraduate,Autumn Unified Exam,English
253740140,book,sky,slipper,hair,brand,glass,stereo,cell,air,virus,male,Miao,Guizhou,Leisure Sports,Sports Health College,Arts/PE Undergraduate,Autumn Unified Exam,English
253740142,authentic,cave,runway,court,subway,pool,sky,earth,fruit,vegetable,male,Shui,Guizhou,Leisure Sports,Sports Health College,Arts/PE Undergraduate,Autumn Unified Exam,English
253740143,bun,fresh,understand,reckoning,thing,anger,authentic,cheap,enemy,movement,male,Dong,Guizhou,Leisure Sports,Sports Health College,Arts/PE Undergraduate,Autumn Unified Exam,English
253740144,basketball,eat,gaming,walk,clap,leap,shoes,meddle,stretch,trample,male,Han,Guizhou,Leisure Sports,Sports Health College,Arts/PE Undergraduate,Autumn Unified Exam,English
253740145,classroom,screw,banana,mop,stool,brother,tree,grid,glasses,rope,female,Han,Guizhou,Leisure Sports,Sports Health College,Arts/PE Undergraduate,Autumn Unified Exam,English
253740146,eat,cup,school,travel,depart,escape,study,fiddle,guava,beef,female,Han,Guizhou,Leisure Sports,Sports Health College,Arts/PE Undergraduate,Autumn Unified Exam,English
253740147,money,pen,seat,color,paper,playground,tree,flower,book,mathematics,male,Han,Guizhou,Leisure Sports,Sports Health College,Arts/PE Undergraduate,Autumn Unified Exam,English
253740148,leave,two,inside,fear,wu,fish,treasure,TRUE,old,home,male,Miao,Guizhou,Leisure Sports,Sports Health College,Arts/PE Undergraduate,Autumn Unified Exam,English
253740149,eat,sleep,study,profit,romance,basketball,travel,picnic,mountaineering,cycling,male,Shui,Guizhou,Leisure Sports,Sports Health College,Arts/PE Undergraduate,Autumn Unified Exam,English
253740151,runway,match,fabric,clothes,part,machine,fruit,drink,timber,book,male,Han,Guizhou,Leisure Sports,Sports Health College,Arts/PE Undergraduate,Autumn Unified Exam,English
253740152,student,pear,hair,pen,knife,carbon,cloth,paint,machine,cellphone,female,Han,Guizhou,Leisure Sports,Sports Health College,Arts/PE Undergraduate,Autumn Unified Exam,English
253740153,computer,food,game,table,basketball,mouse,sleep,onslaught,eat,training,male,Han,Guizhou,Leisure Sports,Sports Health College,Arts/PE Undergraduate,Autumn Unified Exam,English
253740154,train,sun,river,leaf,bear,monkey,farmer,robot,basket,sugar,male,Han,Guizhou,Leisure Sports,Sports Health College,Arts/PE Undergraduate,Autumn Unified Exam,English
253740155,watermelon,basketball,car,shoes,eat,hydrate,table,bench,curtain,book,male,Miao,Guizhou,Leisure Sports,Sports Health College,Arts/PE Undergraduate,Autumn Unified Exam,English
253740156,banana,pen,swimming,airplane,parade,sing,rocket,soldier,sunglasses,game,male,Han,Guizhou,Leisure Sports,Sports Health College,Arts/PE Undergraduate,Autumn Unified Exam,English
253740160,train,winter,watermelon,salt,chocolate,puppy,table,spring,literature,mathematics,female,Han,Guizhou,Leisure Sports,Sports Health College,Arts/PE Undergraduate,Autumn Unified Exam,English
253740205,delicious,better,tasty,mixture,red,basic,plan,success,regret,slow,female,Tujia,Guizhou,Leisure Sports,Sports Health College,Arts/PE Undergraduate,Autumn Unified Exam,English
253740207,handsome,airplane,noodles,photo,tower,snow,tank,pants,cannon,house,male,Han,Guizhou,Leisure Sports,Sports Health College,Arts/PE Undergraduate,Autumn Unified Exam,English
253740208,hotpot,just,sunshine,space,funny,sunrise,booze,france,payment,truck,female,Tujia,Guizhou,Leisure Sports,Sports Health College,Arts/PE Undergraduate,Autumn Unified Exam,English
253740209,milktea,road,wire,train,root,cave,rollercoaster,router,lighthouse,vat,male,Han,Guizhou,Leisure Sports,Sports Health College,Arts/PE Undergraduate,Autumn Unified Exam,English
253740211,exceed,voice,nothing,schoolbag,fruit,vegetable,child,friend,yogurt,doctor,male,Han,Guizhou,Leisure Sports,Sports Health College,Arts/PE Undergraduate,Autumn Unified Exam,English
253740212,cleaver,eat,assault,sleep,opening,homecoming,happy,cake,game,glasses,male,Gelao,Guizhou,Leisure Sports,Sports Health College,Arts/PE Undergraduate,Autumn Unified Exam,Russian
253740213,cake,game,apple,running,eat,airconditioner,window,pencil,pet,glasses,male,Han,Guizhou,Leisure Sports,Sports Health College,Arts/PE Undergraduate,Autumn Unified Exam,English
253740215,shirt,stream,bread,flight,frog,sky,ant,ocean,seashell,universe,male,Han,Guizhou,Leisure Sports,Sports Health College,Arts/PE Undergraduate,Autumn Unified Exam,English
253740216,preliminary,homecoming,kdrama,hug,domestic,soon,sleep,hunan,packet,stone,male,Han,Guizhou,Leisure Sports,Sports Health College,Arts/PE Undergraduate,Autumn Unified Exam,English
253740217,ai,replace,use,effect,way,way,convenient,effect,machinery,emotion,male,Miao,Guizhou,Leisure Sports,Sports Health College,Arts/PE Undergraduate,Autumn Unified Exam,English
253740223,baozi,cabbage,dumpling,bomb,trees,car,rainwater,sun,cloud,peach,male,Han,Guizhou,Leisure Sports,Sports Health College,Arts/PE Undergraduate,Autumn Unified Exam,Japanese
253740225,cup,quilt,watermelon,advance,leap,swimming,close,observation,information,country,male,Han,Guizhou,Leisure Sports,Sports Health College,Arts/PE Undergraduate,Autumn Unified Exam,English
253740226,rule,design,use,meaning,guarantee,possible,input,arm,bracelet,rapidity,male,Han,Guizhou,Leisure Sports,Sports Health College,Arts/PE Undergraduate,Autumn Unified Exam,English
253740228,shoes,cave,car,book,house,color,sky,rainbow,chair,mountain,female,Han,Guizhou,Leisure Sports,Sports Health College,Arts/PE Undergraduate,Autumn Unified Exam,English
253740230,banana,pool,cycling,library,joyride,eat,rest,scenery,cute,continue,male,Miao,Guizhou,Leisure Sports,Sports Health College,Arts/PE Undergraduate,Autumn Unified Exam,English
253740232,arm,gloom,air,cloud,wall,park,flower,bottle,pool,waterfall,male,Han,Guizhou,Leisure Sports,Sports Health College,Arts/PE Undergraduate,Autumn Unified Exam,English
253740233,bread,backpack,headphones,ear,cloud,flower,leaf,sunshine,candle,umbrella,male,Han,Guizhou,Leisure Sports,Sports Health College,Arts/PE Undergraduate,Autumn Unified Exam,English
253740234,streetlight,sky,runway,grassland,seahorse,desert,architecture,yangtze,space,ant,male,Han,Guizhou,Leisure Sports,Sports Health College,Arts/PE Undergraduate,Autumn Unified Exam,English
253740236,enrollment,qrcode,scenery,delicacy,wine,wisdom,history,power,traffic,bill,male,Han,Guizhou,Leisure Sports,Sports Health College,Arts/PE Undergraduate,Autumn Unified Exam,English
253740237,astronaut,floor,sunwukong,stereo,light,soil,house,rice,villain,birdie,female,Han,Guizhou,Leisure Sports,Sports Health College,Arts/PE Undergraduate,Autumn Unified Exam,English
253740239,scenery,platform,innovation,ecology,culture,spirit,emotion,integrity,filiality,patriotism,male,Tujia,Guizhou,Leisure Sports,Sports Health College,Arts/PE Undergraduate,Autumn Unified Exam,English
253740240,chip,lushi,ledger,code,shield,bookmark,compass,pottery,advanced,performance,male,Han,Guizhou,Leisure Sports,Sports Health College,Arts/PE Undergraduate,Autumn Unified Exam,English
253740241,apple,resource,protagonist,idea,assertiveness,end,bland,life,character,behavior,female,Han,Guizhou,Leisure Sports,Sports Health College,Arts/PE Undergraduate,Autumn Unified Exam,English
253740242,sugar,wire,projector,road,tree,flower,pen,river,camera,boat,male,Buyi,Guizhou,Leisure Sports,Sports Health College,Arts/PE Undergraduate,Autumn Unified Exam,English
253740245,seat,schoolbag,pen,pants,apple,tree,refrigerator,corn,chestnut,curtain,female,Han,Guizhou,Leisure Sports,Sports Health College,Arts/PE Undergraduate,Autumn Unified Exam,English
253740246,culture,rigorous,nature,platform,erudite,abstract,thinking,evaluation,innovation,research,male,Shui,Guizhou,Leisure Sports,Sports Health College,Arts/PE Undergraduate,Autumn Unified Exam,Japanese
253740250,spaceship,coffeetable,wristwatch,test,cellphone,basketball,billiards,banana,fishing,movie,male,Chuanqing,Guizhou,Leisure Sports,Sports Health College,Arts/PE Undergraduate,Autumn Unified Exam,English
253740251,apple,bottle,basketball,pants,glasses,pen,airplane,bank,cellphone,water,male,Buyi,Guizhou,Leisure Sports,Sports Health College,Arts/PE Undergraduate,Autumn Unified Exam,English
253740253,watermelon,orange,computer,tablet,cellphone,headphones,stereo,chess,stratego,microphone,male,Han,Guizhou,Leisure Sports,Sports Health College,Arts/PE Undergraduate,Autumn Unified Exam,English
253740254,notebook,fruit,thinking,sport,life,window,light,forest,classroom,freedom,female,Miao,Guizhou,Leisure Sports,Sports Health College,Arts/PE Undergraduate,Autumn Unified Exam,English
253740259,moon,cellphone,universe,sleeve,bamboo,eye,city,manicure,ringtone,chair,female,Han,Guizhou,Leisure Sports,Sports Health College,Arts/PE Undergraduate,Autumn Unified Exam,English
253740260,hotel,pencil,honey,basketball,shoes,nest,tail,reputation,screw,speaker,male,Han,Guizhou,Leisure Sports,Sports Health College,Arts/PE Undergraduate,Autumn Unified Exam,English
253840102,banana,cough,dragonfruit,lighter,toilet,elder,corn,shoes,neighborhood,toy,female,Han,Guizhou,Rehabilitation Therapy,Medical & Health Care College,Second-batch Undergraduate,Autumn Unified Exam,English
253840104,genius,must,control,definitely,handsome,excellent,diligent,advance,innovation,patriotism,male,Han,Guizhou,Rehabilitation Therapy,Medical & Health Care College,Second-batch Undergraduate,Autumn Unified Exam,English
253840105,congestion,shotgun,watermelon,rocket,lamp,magazine,baozi,chili,bomb,banana,male,Han,Guizhou,Rehabilitation Therapy,Medical & Health Care College,Second-batch Undergraduate,Autumn Unified Exam,English
253840106,bird,tree,road,water,flower,mountain,rocket,airplane,dragonfly,soil,female,Miao,Guizhou,Rehabilitation Therapy,Medical & Health Care College,Second-batch Undergraduate,Autumn Unified Exam,English
253840107,destination,run,track,predawn,midnight,start,expression,face,mood,smile,male,Buyi,Guizhou,Rehabilitation Therapy,Medical & Health Care College,Second-batch Undergraduate,Autumn Unified Exam,English
253840108,camera,airplane,exit,car,schoolbag,cellphone,disability,breakfast,album,gift,female,Han,Guizhou,Rehabilitation Therapy,Medical & Health Care College,Second-batch Undergraduate,Autumn Unified Exam,English
253840109,tears,fiber,ants,rocket,matrix,knife,pen,cave,savage,waterfall,male,Miao,Guizhou,Rehabilitation Therapy,Medical & Health Care College,Second-batch Undergraduate,Autumn Unified Exam,English
253840110,machinery,engineering,student,universe,professor,defense,military,talent,motherland,society,male,Han,Guizhou,Rehabilitation Therapy,Medical & Health Care College,Second-batch Undergraduate,Autumn Unified Exam,English
253840111,dance,sacrifice,textbook,carrier,cub,outerspace,water,bicycle,pen,language,female,Han,Guizhou,Rehabilitation Therapy,Medical & Health Care College,Second-batch Undergraduate,Autumn Unified Exam,English
253840112,donation,integrity,apple,freedom,independence,chair,health,schoolbag,luck,monsoon,female,Han,Guizhou,Rehabilitation Therapy,Medical & Health Care College,Second-batch Undergraduate,Autumn Unified Exam,English
253840113,strawberry,speaker,orange,baseball,skateboard,banana,schoolbag,airplane,cup,shoes,female,Han,Guizhou,Rehabilitation Therapy,Medical & Health Care College,Second-batch Undergraduate,Autumn Unified Exam,English
253840114,heavy,accept,excited,excitement,stimulus,discomfort,process,happy,health,sadness,female,Chuanqing,Guizhou,Rehabilitation Therapy,Medical & Health Care College,Second-batch Undergraduate,Autumn Unified Exam,English
253840115,cet4,esports,firefly,life,vehicle,pet,physics,mountain,coil,shark,male,Han,Guizhou,Rehabilitation Therapy,Medical & Health Care College,Second-batch Undergraduate,Autumn Unified Exam,English
253840116,moon,showerhead,alcohol,pen,motorcycle,icecream,vase,necklace,soul,curtain,male,Han,Guizhou,Rehabilitation Therapy,Medical & Health Care College,Second-batch Undergraduate,Autumn Unified Exam,English
253840117,banana,submachinegun,house,universe,maiden,concrete,mash,flower,phone,congee,female,Han,Guizhou,Rehabilitation Therapy,Medical & Health Care College,Second-batch Undergraduate,Autumn Unified Exam,English
253840118,apple,lychee,banana,watermelon,pear,strawberry,orange,mango,sun,moon,male,Han,Guizhou,Rehabilitation Therapy,Medical & Health Care College,Second-batch Undergraduate,Autumn Unified Exam,English
253840119,rocket,airplane,banana,apple,machinery,chain,train,train,library,museum,male,Han,Guizhou,Rehabilitation Therapy,Medical & Health Care College,Second-batch Undergraduate,Autumn Unified Exam,English
253840121,potato,fries,ketchup,tomato,egg,chick,phoenix,flame,rocket,innovation,female,Han,Guizhou,Rehabilitation Therapy,Medical & Health Care College,Second-batch Undergraduate,Autumn Unified Exam,English
253840122,world,problem,rocket,starscape,music,grassland,future,universe,animal,hoe,female,Han,Guizhou,Rehabilitation Therapy,Medical & Health Care College,Second-batch Undergraduate,Autumn Unified Exam,English
253840123,space,tofu,rocket,safe,like,data,hobby,safety,banana,tofu,female,Buyi,Guizhou,Rehabilitation Therapy,Medical & Health Care College,Second-batch Undergraduate,Autumn Unified Exam,English
253840124,rabbit,blankness,lemonade,safe,happy,eucalyptus,festival,galaxy,space,space,female,Han,Guizhou,Rehabilitation Therapy,Medical & Health Care College,Second-batch Undergraduate,Autumn Unified Exam,English
253840125,clothes,apple,delicacy,machinery,manicure,banana,universe,ocean,sun,seafood,female,Han,Guizhou,Rehabilitation Therapy,Medical & Health Care College,Second-batch Undergraduate,Autumn Unified Exam,English
253840128,notebook,curse,space,ocean,stool,kite,banana,country,air,wife,female,Han,Guizhou,Rehabilitation Therapy,Medical & Health Care College,Second-batch Undergraduate,Autumn Unified Exam,English
253840131,badminton,pool,pet,friend,lounge,hunter,bronze,star,ocean,crack,male,Han,Guizhou,Rehabilitation Therapy,Medical & Health Care College,Second-batch Undergraduate,Autumn Unified Exam,English
253840132,banana,annotate,achievement,star,paradise,target,desire,development,country,achievement,female,Buyi,Guizhou,Rehabilitation Therapy,Medical & Health Care College,Second-batch Undergraduate,Autumn Unified Exam,English
253840133,armor,harm,ocean,player,corpse,magma,theater,mask,belief,thread,male,Han,Guizhou,Rehabilitation Therapy,Medical & Health Care College,Second-batch Undergraduate,Autumn Unified Exam,English
253840135,soundcard,cantaloupe,gasoline,parachute,watergun,gourd,bass,inkwash,marshmallow,bodywash,male,Han,Guizhou,Rehabilitation Therapy,Medical & Health Care College,Second-batch Undergraduate,Autumn Unified Exam,English
253840136,peach,dumbbell,basketball,bottle,train,basestation,blade,drone,lawn,cooler,male,Dong,Guizhou,Rehabilitation Therapy,Medical & Health Care College,Second-batch Undergraduate,Autumn Unified Exam,Japanese
253840137,dormitory,home,doctor,train,book,tree,piano,umbrella,lamp,dictionary,female,Han,Guizhou,Rehabilitation Therapy,Medical & Health Care College,Second-batch Undergraduate,Autumn Unified Exam,English
253840138,train,apple,sunshine,earth,soil,branch,space,rocket,window,animation,female,Miao,Guizhou,Rehabilitation Therapy,Medical & Health Care College,Second-batch Undergraduate,Autumn Unified Exam,English
253840139,rebar,avocado,meteorite,sundae,table,cage,rocket,bus,engine,tire,male,Miao,Guizhou,Rehabilitation Therapy,Medical & Health Care College,Second-batch Undergraduate,Autumn Unified Exam,English
253840140,banana,humanity,car,eye,community,rocket,clothes,road,key,satellite,male,Han,Guizhou,Rehabilitation Therapy,Medical & Health Care College,Second-batch Undergraduate,Autumn Unified Exam,English
253840141,train,tank,cannon,machinegun,gunpowder,casing,ball,locomotive,hokage,king,male,Dong,Guizhou,Rehabilitation Therapy,Medical & Health Care College,Second-batch Undergraduate,Autumn Unified Exam,English
253840142,roommate,ant,leaf,starscape,river,shreds,seashell,food,cardboard,mahjong,female,Tujia,Guizhou,Rehabilitation Therapy,Medical & Health Care College,Second-batch Undergraduate,Autumn Unified Exam,English
253840143,tablet,rubber,forest,eraser,runway,imagine,notebook,curtain,skillet,sofa,female,Yao,Guizhou,Rehabilitation Therapy,Medical & Health Care College,Second-batch Undergraduate,Autumn Unified Exam,English
253840144,ocean,ship,starscape,crossing,blackhole,intelligence,meteorite,rocket,position,explore,male,Han,Guizhou,Rehabilitation Therapy,Medical & Health Care College,Second-batch Undergraduate,Autumn Unified Exam,English
253840145,schoolbag,history,cup,celebrity,books,ruler,pen,hat,umbrella,angel,female,Miao,Guizhou,Rehabilitation Therapy,Medical & Health Care College,Second-batch Undergraduate,Autumn Unified Exam,English
253840146,seat,schoolbag,forest,book,monitor,plank,light,aircraft,curtain,headphones,female,Shui,Guizhou,Rehabilitation Therapy,Medical & Health Care College,Second-batch Undergraduate,Autumn Unified Exam,English
253840147,sky,fox,machine,talent,excess,herb,slacker,eat,hell,insect,female,Buyi,Guizhou,Rehabilitation Therapy,Medical & Health Care College,Second-batch Undergraduate,Autumn Unified Exam,English
253840148,doll,noun,cub,kitten,puppy,piglet,dinosaur,elephant,spiderman,batman,male,Han,Guizhou,Rehabilitation Therapy,Medical & Health Care College,Second-batch Undergraduate,Autumn Unified Exam,English
253840149,watermelon,land,ring,emotion,shoes,twist,pants,surprise,socks,chip,male,Han,Guizhou,Rehabilitation Therapy,Medical & Health Care College,Second-batch Undergraduate,Autumn Unified Exam,English
253840150,snack,lakewater,apple,chair,bee,airplane,trees,technology,coffee,architecture,male,Han,Guizhou,Rehabilitation Therapy,Medical & Health Care College,Second-batch Undergraduate,Autumn Unified Exam,English
253840151,thing,politeness,fruit,food,universe,space,humanity,behavior,outrageous,garbage,female,Han,Guizhou,Rehabilitation Therapy,Medical & Health Care College,Second-batch Undergraduate,Autumn Unified Exam,English
253840152,strawberry,potato,rice,watermelon,banana,pumpkin,apple,runway,tulip,noodle,female,Han,Guizhou,Rehabilitation Therapy,Medical & Health Care College,Second-batch Undergraduate,Autumn Unified Exam,Russian
253840153,pen,sugar,shoe,car,soil,tree,water,bread,cloud,red,male,Han,Guizhou,Rehabilitation Therapy,Medical & Health Care College,Second-batch Undergraduate,Autumn Unified Exam,English
253840154,password,blackhole,mystery,ape,stowaway,pear,centipede,prefectural,universe,galaxy,female,Han,Guizhou,Rehabilitation Therapy,Medical & Health Care College,Second-batch Undergraduate,Autumn Unified Exam,English
253840155,cellphone,classroom,park,sun,friendship,love,elephant,books,teacher,piano,female,Han,Guizhou,Rehabilitation Therapy,Medical & Health Care College,Second-batch Undergraduate,Autumn Unified Exam,English
253840156,goods,retirement,lever,goal,lecture,classroom,news,interview,report,revisit,female,Han,Guizhou,Rehabilitation Therapy,Medical & Health Care College,Second-batch Undergraduate,Autumn Unified Exam,English
253840157,panda,cup,cherry,book,mirror,pedestrian,streetlight,eye,delicacy,skirt,female,Han,Guizhou,Rehabilitation Therapy,Medical & Health Care College,Second-batch Undergraduate,Autumn Unified Exam,English
253840158,hair,needle,rose,lollipop,corn,sneakers,cookie,ruler,potato,cheese,female,Han,Guizhou,Rehabilitation Therapy,Medical & Health Care College,Second-batch Undergraduate,Autumn Unified Exam,English
253840203,fruit,vegetable,egg,bread,milk,school,animal,hometown,tomorrow,university,female,Buyi,Guizhou,Rehabilitation Therapy,Medical & Health Care College,Second-batch Undergraduate,Autumn Unified Exam,English
253840206,bee,winter,hotpot,homework,banana,airplane,room,universe,kelp,doctor,male,Han,Guizhou,Rehabilitation Therapy,Medical & Health Care College,Second-batch Undergraduate,Autumn Unified Exam,English
253840209,expression,update,apple,banana,grape,wine,analyze,transform,dream,time,female,Han,Guizhou,Rehabilitation Therapy,Medical & Health Care College,Second-batch Undergraduate,Autumn Unified Exam,English
253840210,future,ambition,aspiration,dream,regret,hometown,city,mainline,gunsmoke,fate,male,Buyi,Guizhou,Rehabilitation Therapy,Medical & Health Care College,Second-batch Undergraduate,Autumn Unified Exam,English
253840211,banana,fetus,banana,quilt,sun,plank,house,flower,snowflake,pen,female,Han,Guizhou,Rehabilitation Therapy,Medical & Health Care College,Second-batch Undergraduate,Autumn Unified Exam,English
253840212,sunshine,opening,sun,cabbage,wall,playground,trees,child,luck,friendship,female,Han,Guizhou,Rehabilitation Therapy,Medical & Health Care College,Second-batch Undergraduate,Autumn Unified Exam,English
253840213,shoes,airplane,ant,universe,dust,elephant,noodles,skyeye,coal,rocket,male,Han,Guizhou,Rehabilitation Therapy,Medical & Health Care College,Second-batch Undergraduate,Autumn Unified Exam,English
253840214,toothbrush,apple,coffee,palace,train,glasses,mountain,book,cellphone,panda,female,Dong,Guizhou,Rehabilitation Therapy,Medical & Health Care College,Second-batch Undergraduate,Autumn Unified Exam,English
253840217,coffee,submarine,canteen,realty,pool,apple,english,talk,hearsay,yiwu,female,Zhuang,Guizhou,Rehabilitation Therapy,Medical & Health Care College,Second-batch Undergraduate,Autumn Unified Exam,English
253840218,curtain,sun,plate,airplane,cannon,boot,lipstick,chips,kayak,jigsaw,female,Han,Guizhou,Rehabilitation Therapy,Medical & Health Care College,Second-batch Undergraduate,Autumn Unified Exam,English
253840219,ship,trees,piano,tomato,banana,house,river,basketball,dance,model,female,Han,Guizhou,Rehabilitation Therapy,Medical & Health Care College,Second-batch Undergraduate,Autumn Unified Exam,English
253840223,explore,graverobber,girl,master,space,apple,air,discouragement,house,earth,female,Miao,Guizhou,Rehabilitation Therapy,Medical & Health Care College,Second-batch Undergraduate,Autumn Unified Exam,English
253840225,bonus,eye,cola,sky,comb,trees,football,ocean,wristwatch,clothes,female,Tujia,Guizhou,Rehabilitation Therapy,Medical & Health Care College,Second-batch Undergraduate,Autumn Unified Exam,English
253840226,bracelet,ear,ticket,house,airplane,computer,steel,apple,company,work,female,Han,Guizhou,Rehabilitation Therapy,Medical & Health Care College,Second-batch Undergraduate,Autumn Unified Exam,English
253840228,hair,knowledge,milk,strawberry,car,restaurant,bookstore,cake,cellphone,clothes,female,Gelao,Guizhou,Rehabilitation Therapy,Medical & Health Care College,Second-batch Undergraduate,Autumn Unified Exam,English
253840229,poverty,respect,encourage,right,modesty,abandon,potential,courage,confession,securities,male,Han,Guizhou,Rehabilitation Therapy,Medical & Health Care College,Second-batch Undergraduate,Autumn Unified Exam,English
253840231,rocket,apple,car,doctor,chairman,alien,celestial,person,emperor,clothes,male,Han,Guizhou,Rehabilitation Therapy,Medical & Health Care College,Second-batch Undergraduate,Autumn Unified Exam,English
253840233,universe,starscape,plant,fiber,atom,mixture,materialism,element,fire,planet,male,Han,Guizhou,Rehabilitation Therapy,Medical & Health Care College,Second-batch Undergraduate,Autumn Unified Exam,English
253840240,wristwatch,cup,trees,sky,milk,bread,airplane,train,balloon,animal,female,Han,Guizhou,Rehabilitation Therapy,Medical & Health Care College,Second-batch Undergraduate,Autumn Unified Exam,English
253840241,rice,mansion,airplane,ballpoint,tree,network,soil,nail,hospital,air,female,Han,Guizhou,Rehabilitation Therapy,Medical & Health Care College,Second-batch Undergraduate,Autumn Unified Exam,English
253840242,popcorn,curtain,supermarket,tree,tank,milktea,chicken,movie,fries,table,female,Han,Guizhou,Rehabilitation Therapy,Medical & Health Care College,Second-batch Undergraduate,Autumn Unified Exam,English
253840243,sunset,seafood,sun,navigation,supper,sunset,afterglow,umbrella,carrier,chicken,female,Han,Guizhou,Rehabilitation Therapy,Medical & Health Care College,Second-batch Undergraduate,Autumn Unified Exam,English
253840244,crosswalk,sun,lawn,playground,space,bread,clothes,fingernail,drink,car,female,Buyi,Guizhou,Rehabilitation Therapy,Medical & Health Care College,Second-batch Undergraduate,Autumn Unified Exam,English
253840245,universe,dust,watermelon,submarine,missile,star,time,fruit,laser,history,male,Han,Guizhou,Rehabilitation Therapy,Medical & Health Care College,Second-batch Undergraduate,Autumn Unified Exam,Russian
253840246,spaceship,image,classroom,forest,cabin,child,aerospace,discipline,freedom,apple,female,Han,Guizhou,Rehabilitation Therapy,Medical & Health Care College,Second-batch Undergraduate,Autumn Unified Exam,English
253840247,canteen,airplane,plant,bridge,train,train,missile,map,mushroom,fossil,female,Miao,Guizhou,Rehabilitation Therapy,Medical & Health Care College,Second-batch Undergraduate,Autumn Unified Exam,English
253840249,banana,souvenir,language,action,plan,tone,action,progress,study,life,female,Han,Guizhou,Rehabilitation Therapy,Medical & Health Care College,Second-batch Undergraduate,Autumn Unified Exam,English
253840250,cucumber,railing,corridor,mars,appletree,potato,screwdriver,toy,glasses,puppy,male,Gelao,Guizhou,Rehabilitation Therapy,Medical & Health Care College,Second-batch Undergraduate,Autumn Unified Exam,English
253840251,banana,dragonfruit,pear,lychee,watermelon,longan,plum,sugarcane,orange,pomelo,male,Tujia,Guizhou,Rehabilitation Therapy,Medical & Health Care College,Second-batch Undergraduate,Autumn Unified Exam,English
253840252,stereo,powerstrip,curtain,bulb,projector,clothes,wire,airconditioner,fence,rebar,female,Han,Guizhou,Rehabilitation Therapy,Medical & Health Care College,Second-batch Undergraduate,Autumn Unified Exam,English
253840253,tone,miss,fruit,action,birdie,nail,glasses,demure,bead,retain,female,Han,Guizhou,Rehabilitation Therapy,Medical & Health Care College,Second-batch Undergraduate,Autumn Unified Exam,English
253840254,homework,work,friendship,books,history,music,dream,toy,knife,shovel,male,Tujia,Guizhou,Rehabilitation Therapy,Medical & Health Care College,Second-batch Undergraduate,Autumn Unified Exam,English
253840256,glasses,windowsill,frame,glove,cooler,key,shoe,rooftop,tree,sky,female,Han,Guizhou,Rehabilitation Therapy,Medical & Health Care College,Second-batch Undergraduate,Autumn Unified Exam,English
253840301,spouse,altitude,whale,flower,family,poster,glasses,clothes,country,society,male,Buyi,Guizhou,Rehabilitation Therapy,Medical & Health Care College,Second-batch Undergraduate,Autumn Unified Exam,English
253840316,apple,house,yard,starscape,black,star,satellite,mars,alien,universe,male,Tujia,Guizhou,Rehabilitation Therapy,Medical & Health Care College,Second-batch Undergraduate,Autumn Unified Exam,Japanese
253840326,highschooler,desert,plant,outerspace,carrier,capital,whitehorse,dance,wuchang,nuke,male,Han,Guizhou,Rehabilitation Therapy,Medical & Health Care College,Second-batch Undergraduate,Autumn Unified Exam,English
253840327,drill,diamond,meteorite,vanilla,sky,ocean,volcano,earth,pineapple,sausage,male,Buyi,Guizhou,Rehabilitation Therapy,Medical & Health Care College,Second-batch Undergraduate,Autumn Unified Exam,English
253840337,sky,speechless,miracle,earth,investigation,volcano,fruit,computer,cruise,antenna,male,Han,Guizhou,Rehabilitation Therapy,Medical & Health Care College,Second-batch Undergraduate,Autumn Unified Exam,English
253840338,firefly,star,firefly,nightingale,air,sea,love,galaxy,orbit,train,female,Han,Guizhou,Rehabilitation Therapy,Medical & Health Care College,Second-batch Undergraduate,Autumn Unified Exam,English
253840339,wood,sky,galaxy,flower,blackhole,panda,moth,willow,lakewater,eye,female,Miao,Guizhou,Rehabilitation Therapy,Medical & Health Care College,Second-batch Undergraduate,Autumn Unified Exam,English
253840344,high,starter,butt,human-machine,inlaws,harvest,breakup,powerful,gyaca,okay,female,Han,Guizhou,Rehabilitation Therapy,Medical & Health Care College,Second-batch Undergraduate,Autumn Unified Exam,English
253840345,orchid,subway,light,soil,locomotive,cloud,fertilizer,bus,scalper,downpour,female,Han,Guizhou,Rehabilitation Therapy,Medical & Health Care College,Second-batch Undergraduate,Autumn Unified Exam,English
253840346,lemon,fur,sun,soda,gunpowder,ginger,flour,screw,forest,seawater,female,Buyi,Guizhou,Rehabilitation Therapy,Medical & Health Care College,Second-batch Undergraduate,Autumn Unified Exam,Japanese
253840348,dragon,rocket,cloud,flower,strawberry,backstreet,picture,life,blocks,military-civilian,female,Han,Guizhou,Rehabilitation Therapy,Medical & Health Care College,Second-batch Undergraduate,Autumn Unified Exam,English
253840349,date,aisle,runway,street,pedestrian,beauty,cannon,screen,sky,bread,female,Han,Guizhou,Rehabilitation Therapy,Medical & Health Care College,Second-batch Undergraduate,Autumn Unified Exam,English
253840350,pen,wall,steel,fiber,iron,animal,light,soil,information,chapter,female,Han,Guizhou,Rehabilitation Therapy,Medical & Health Care College,Second-batch Undergraduate,Autumn Unified Exam,English
253840351,sculpture,floor,book,clothes,railing,paper,plant,cloud,seashell,floor,female,Han,Guizhou,Rehabilitation Therapy,Medical & Health Care College,Second-batch Undergraduate,Autumn Unified Exam,English
253840352,computer,rose,rice,bicycle,poetry,chess,mask,book,thermos,elevator,female,Han,Guizhou,Rehabilitation Therapy,Medical & Health Care College,Second-batch Undergraduate,Autumn Unified Exam,English
253840353,mask,photo,sport,calligraphy,lemon,expression,puppy,dumbbell,balloon,air,female,Han,Guizhou,Rehabilitation Therapy,Medical & Health Care College,Second-batch Undergraduate,Autumn Unified Exam,English
253840354,car,pumpkin,train,classroom,appletree,basket,stream,clothes,classroom,dance,female,Han,Guizhou,Rehabilitation Therapy,Medical & Health Care College,Second-batch Undergraduate,Autumn Unified Exam,English
253840355,college,bracelet,floor,fruiter,humanity,animal,sky,forest,data,science,female,Han,Guizhou,Rehabilitation Therapy,Medical & Health Care College,Second-batch Undergraduate,Autumn Unified Exam,English
253840357,heart,keyboard,pen,clothes,hairpin,glove,glasses,bracelet,screen,fingerprint,female,Han,Guizhou,Rehabilitation Therapy,Medical & Health Care College,Second-batch Undergraduate,Autumn Unified Exam,English
253940113,forest,grassland,airplane,carrier,train,rocket,train,apartment,highway,railway,female,Han,Guizhou,Health Service & Management,Medical & Health Care College,Second-batch Undergraduate,Autumn Unified Exam,English
253940117,policy,work,impurity,thought,weather,suitcase,upperclassman,stool,windbreaker,table,female,Chuanqing,Guizhou,Health Service & Management,Medical & Health Care College,Second-batch Undergraduate,Autumn Unified Exam,English
253940118,persimmon,bell,canvas,plaster,teeth,screw,comb,piano,squirrel,brain,female,Han,Guizhou,Health Service & Management,Medical & Health Care College,Second-batch Undergraduate,Autumn Unified Exam,English
253940123,color,typhoon,lamb,universe,stairs,fireworks,blindfold,leaf,knight,up,female,Han,Guizhou,Health Service & Management,Medical & Health Care College,Second-batch Undergraduate,Autumn Unified Exam,English
253940130,egg,playground,canteen,bodywash,toothbrush,wallet,bus,cosmetics,mealcard,doll,female,Han,Guizhou,Health Service & Management,Medical & Health Care College,Second-batch Undergraduate,Autumn Unified Exam,English
253940132,hotpot,vegetable,milk,grape,yogurt,milktea,straw,condiment,barbecue,happy,female,Han,Guizhou,Health Service & Management,Medical & Health Care College,Second-batch Undergraduate,Autumn Unified Exam,English
253940133,confidence,optimistic,encourage,persist,strive,banana,recollection,growth,joy,smile,male,Han,Guizhou,Health Service & Management,Medical & Health Care College,Second-batch Undergraduate,Autumn Unified Exam,English
253940135,schoolbag,wave,trophy,headphones,glasses,chips,poster,cola,apple,mirror,female,Miao,Guizhou,Health Service & Management,Medical & Health Care College,Second-batch Undergraduate,Autumn Unified Exam,English
253940136,humanity,suitcase,socket,gpu,monitor,console,integration,guest,copy,achievement,male,Han,Guizhou,Health Service & Management,Medical & Health Care College,Second-batch Undergraduate,Autumn Unified Exam,Japanese
253940138,cellphone,wristwatch,book,backpack,comb,shoes,skirt,umbrella,coat,key,female,Miao,Guizhou,Health Service & Management,Medical & Health Care College,Second-batch Undergraduate,Autumn Unified Exam,English
253940142,brand,identity,schoolbag,seat,pen,wallet,id,license,teacher,sky,female,Buyi,Guizhou,Health Service & Management,Medical & Health Care College,Second-batch Undergraduate,Autumn Unified Exam,Japanese
254040102,cup,qrcode,topic,hair,gift,stove,basement,population,teacher,people,male,Han,Guizhou,Elderly Care Management,Medical & Health Care College,Second-batch Undergraduate,Autumn Unified Exam,Japanese
254040107,food,drink,clothes,moon,starscape,flag,bag,cellphone,quilt,celebrity,female,Han,Guizhou,Elderly Care Management,Medical & Health Care College,Second-batch Undergraduate,Autumn Unified Exam,English
254040108,tangyuan,class,idol,like,passion,anxiety,effort,city,stranger,positive,female,Tujia,Guizhou,Elderly Care Management,Medical & Health Care College,Second-batch Undergraduate,Autumn Unified Exam,English
254040111,friend,spaceship,runway,flower,relative,universe,galaxy,computer,doctor,airplane,female,Han,Guizhou,Elderly Care Management,Medical & Health Care College,Second-batch Undergraduate,Autumn Unified Exam,English
254040113,trees,bracelet,shoes,wristwatch,headband,scarf,timber,car,glasses,tissue,female,Miao,Guizhou,Elderly Care Management,Medical & Health Care College,Second-batch Undergraduate,Autumn Unified Exam,English
254040114,name,child,hat,button,chopsticks,mask,face,chestnut,brain,salary,female,Han,Guizhou,Elderly Care Management,Medical & Health Care College,Second-batch Undergraduate,Autumn Unified Exam,English
254040117,life,life,bonfire,banquet,hem,fame,mussel,pearl,woodcutter,smoke,female,Han,Guizhou,Elderly Care Management,Medical & Health Care College,Second-batch Undergraduate,Autumn Unified Exam,English
254040124,steel,ramen,mantou,schoolbag,river,analects,bicycle,hair,slipper,king,female,Han,Guizhou,Elderly Care Management,Medical & Health Care College,Second-batch Undergraduate,Autumn Unified Exam,English
254040125,badge,classic,keychain,postcard,doll,network,mattress,printer,inspiration,photocopier,female,Han,Guizhou,Elderly Care Management,Medical & Health Care College,Second-batch Undergraduate,Autumn Unified Exam,English
254040131,outdoors,expression,gaze,card,landscape,example,painter,system,worldview,knowledge,female,Han,Guizhou,Elderly Care Management,Medical & Health Care College,Second-batch Undergraduate,Autumn Unified Exam,English
254040133,moisturizer,tutoring,civilization,life,oath,tears,loan,gpu,bar,underpants,male,Han,Guizhou,Elderly Care Management,Medical & Health Care College,Second-batch Undergraduate,Autumn Unified Exam,English
254040136,trees,carpool,shelf,extinguisher,skincare,attic,utilities,device,sink,interview,female,Yi,Guizhou,Elderly Care Management,Medical & Health Care College,Second-batch Undergraduate,Autumn Unified Exam,English
254040138,strawberry,spring,airconditioner,milktea,bootcamp,running,hemorrhoids,eye,logic,soul,female,Han,Guizhou,Elderly Care Management,Medical & Health Care College,Second-batch Undergraduate,Autumn Unified Exam,English
254040139,necklace,moisturizer,bootcamp,cake,lion,snowmountain,key,forest,radio,gold,female,Han,Guizhou,Elderly Care Management,Medical & Health Care College,Second-batch Undergraduate,Autumn Unified Exam,English
254040140,river,landscape,books,pillar,courage,cake,bread,toothbrush,soap,bouquet,female,Han,Guizhou,Elderly Care Management,Medical & Health Care College,Second-batch Undergraduate,Autumn Unified Exam,English
254040141,fruit,cube,university,task,bracelet,thing,stubborn,runway,clothes,computer,female,Miao,Guizhou,Elderly Care Management,Medical & Health Care College,Second-batch Undergraduate,Autumn Unified Exam,English
254040142,honesty,naive,runway,apple,time,dawn,attraction,textbook,sky,darkness,female,Han,Guizhou,Elderly Care Management,Medical & Health Care College,Second-batch Undergraduate,Autumn Unified Exam,English
254040143,love,future,life,creativity,factory,study,novel,friendship,watermelon,personality,female,Han,Guizhou,Elderly Care Management,Medical & Health Care College,Second-batch Undergraduate,Autumn Unified Exam,English
254040147,curtain,sky,forest,notebook,rocket,river,beast,cup,shoes,hell,female,Buyi,Guizhou,Elderly Care Management,Medical & Health Care College,Second-batch Undergraduate,Autumn Unified Exam,English
254040148,train,qrcode,newton,workhorse,beauty,wheat,love,beauty,packet,streetwear,female,Han,Guizhou,Elderly Care Management,Medical & Health Care College,Second-batch Undergraduate,Autumn Unified Exam,English
254040149,cloud,sky,soil,forest,flower,grass,railing,stairs,runway,fence,female,Han,Guizhou,Elderly Care Management,Medical & Health Care College,Second-batch Undergraduate,Autumn Unified Exam,English
254040150,moonlight,radiation,schoolbag,curtain,tape,curtain,barcode,light,illumination,sunshine,female,Han,Guizhou,Elderly Care Management,Medical & Health Care College,Second-batch Undergraduate,Autumn Unified Exam,English
254140107,bracelet,sunshine,prisoner,sun,eye,easteregg,coat,rocket,balloon,friend,female,Tujia,Guizhou,Food Hygiene & Nutrition,Basic Medicine College,Second-batch Undergraduate,Autumn Unified Exam,English
254140109,egg,sterilization,photo,disinfection,lighter,weather,manicure,breathe,game,height,female,Han,Guizhou,Food Hygiene & Nutrition,Basic Medicine College,Second-batch Undergraduate,Autumn Unified Exam,Japanese
254140110,runway,keyboard,camera,pet,retriever,lecture,certificate,champion,country,nation,female,Han,Guizhou,Food Hygiene & Nutrition,Basic Medicine College,Second-batch Undergraduate,Autumn Unified Exam,English
254140111,blood,sand,bus,submarine,pocket,garbage,stairs,hike,rocket,fireworks,female,Dong,Guizhou,Food Hygiene & Nutrition,Basic Medicine College,Second-batch Undergraduate,Autumn Unified Exam,English
254140113,trojan,sachet,forest,color,butterfly,nature,perfect,finger,starlight,redflag,female,Miao,Guizhou,Food Hygiene & Nutrition,Basic Medicine College,Second-batch Undergraduate,Autumn Unified Exam,English
254140114,notebook,computer,game,food,hero,person,air,pen,happy,country,female,Tujia,Guizhou,Food Hygiene & Nutrition,Basic Medicine College,Second-batch Undergraduate,Autumn Unified Exam,English
254140116,school,tropics,rain,plank,cloud,dispersion,tree,sound,line,infinite,female,Han,Guizhou,Food Hygiene & Nutrition,Basic Medicine College,Second-batch Undergraduate,Autumn Unified Exam,English
254140117,banana,crocodile,romance,classroom,train,freedom,woods,betrayal,trust,toy,female,Han,Guizhou,Food Hygiene & Nutrition,Basic Medicine College,Second-batch Undergraduate,Autumn Unified Exam,English
254140118,lychee,television,celebrity,enthusiasm,world,entertainment,game,partner,fan,money,female,Han,Guizhou,Food Hygiene & Nutrition,Basic Medicine College,Second-batch Undergraduate,Autumn Unified Exam,English
254140119,snowflake,spaceship,land,space,text,code,emotion,philosophy,clock,organism,female,Han,Guizhou,Food Hygiene & Nutrition,Basic Medicine College,Second-batch Undergraduate,Autumn Unified Exam,English
254140121,talent,sky,universe,world,sublimate,trend,meteor,mature,city,substantial,male,Han,Guizhou,Food Hygiene & Nutrition,Basic Medicine College,Second-batch Undergraduate,Autumn Unified Exam,Japanese
254140123,meteor,confidant,durian,workhorse,firefly,grassland,people,thought,gold,treasure,female,Han,Guizhou,Food Hygiene & Nutrition,Basic Medicine College,Second-batch Undergraduate,Autumn Unified Exam,English
254140124,football,sky,match,fruit,coat,weather,future,humanity,mahjong,blue,male,Han,Guizhou,Food Hygiene & Nutrition,Basic Medicine College,Second-batch Undergraduate,Autumn Unified Exam,English
254140125,pay,harvest,food,survival,study,progress,nation,country,landscape,scenery,female,Han,Guizhou,Food Hygiene & Nutrition,Basic Medicine College,Second-batch Undergraduate,Autumn Unified Exam,English
254140126,spaceship,bluebird,rocket,boat,bow,octopus,capsule,hotpot,petroleum,bread,female,Han,Guizhou,Food Hygiene & Nutrition,Basic Medicine College,Second-batch Undergraduate,Autumn Unified Exam,English
254140127,concert,farming,travel,dust,space,icecube,mall,alcohol,sunset,cook,female,Han,Guizhou,Food Hygiene & Nutrition,Basic Medicine College,Second-batch Undergraduate,Autumn Unified Exam,Japanese
254140128,tom,perfect,sapling,current,peachblossom,grid,combing,footbath,project,coin,female,Han,Guizhou,Food Hygiene & Nutrition,Basic Medicine College,Second-batch Undergraduate,Autumn Unified Exam,Japanese
254140129,dust,sunshine,storm,leaf,music,sport,painting,starlight,movie,story,female,Han,Guizhou,Food Hygiene & Nutrition,Basic Medicine College,Second-batch Undergraduate,Autumn Unified Exam,English
254140131,reincarnation,typhoon,rocket,country,tears,lawn,darkness,excellent,pen,refrigerator,female,Han,Guizhou,Food Hygiene & Nutrition,Basic Medicine College,Second-batch Undergraduate,Autumn Unified Exam,English
254140132,nianhua,flower,wallet,airplane,train,aviation,shoes,bracelet,time,address,female,Han,Guizhou,Food Hygiene & Nutrition,Basic Medicine College,Second-batch Undergraduate,Autumn Unified Exam,English
254140133,flag,rubber,lightning,summit,satellite,moss,basketball,comics,love,obsession,male,Han,Guizhou,Food Hygiene & Nutrition,Basic Medicine College,Second-batch Undergraduate,Autumn Unified Exam,English
254140134,cloud,rocket,mango,flag,ship,conifer,computer,eyelash,doctor,milktea,female,Han,Guizhou,Food Hygiene & Nutrition,Basic Medicine College,Second-batch Undergraduate,Autumn Unified Exam,English
254140135,banana,ownership,platform,airconditioner,step,shadow,minute,window,bedsheet,building,male,Han,Guizhou,Food Hygiene & Nutrition,Basic Medicine College,Second-batch Undergraduate,Autumn Unified Exam,English
254140136,universe,soymilk,icecream,aurora,cantaloupe,kitten,sun,trees,home,egg,female,Han,Guizhou,Food Hygiene & Nutrition,Basic Medicine College,Second-batch Undergraduate,Autumn Unified Exam,English
254140137,seed,bracelet,crayon,socks,cloud,blueberry,step,forest,candle,rose,female,Han,Guizhou,Food Hygiene & Nutrition,Basic Medicine College,Second-batch Undergraduate,Autumn Unified Exam,English
254140138,animal,humanity,food,cellphone,paradise,achievement,seat,wall,floor,bulb,female,Han,Guizhou,Food Hygiene & Nutrition,Basic Medicine College,Second-batch Undergraduate,Autumn Unified Exam,English
254140139,paper,dumpling,playground,dust,footsteps,snow,airplane,flower,airconditioner,mountain,female,Han,Guizhou,Food Hygiene & Nutrition,Basic Medicine College,Second-batch Undergraduate,Autumn Unified Exam,English
254140140,trees,chili,stove,watermelon,chick,prop,agate,cash,vermicelli,rice,male,Han,Guizhou,Food Hygiene & Nutrition,Basic Medicine College,Second-batch Undergraduate,Autumn Unified Exam,English
254140142,father,education,subway,soymilk,park,typewriter,typhoon,love,humanity,underpass,male,Miao,Guizhou,Food Hygiene & Nutrition,Basic Medicine College,Second-batch Undergraduate,Autumn Unified Exam,English
254140144,apple,runway,seat,woods,airconditioner,cellphone,clothes,friend,schoolbag,love,female,Han,Guizhou,Food Hygiene & Nutrition,Basic Medicine College,Second-batch Undergraduate,Autumn Unified Exam,English
254140145,train,ramen,figurine,schoolbag,trophy,cosmetics,fish,submarine,coconut,alien,female,Gelao,Guizhou,Food Hygiene & Nutrition,Basic Medicine College,Second-batch Undergraduate,Autumn Unified Exam,English
254140146,egg,air,slipper,universe,airplane,ocean,meteorite,thief,sun,bacteria,male,Han,Guizhou,Food Hygiene & Nutrition,Basic Medicine College,Second-batch Undergraduate,Autumn Unified Exam,English
254140147,monster,gravitation,daytime,universe,starscape,water,hell,safety,darkness,life,female,Tujia,Guizhou,Food Hygiene & Nutrition,Basic Medicine College,Second-batch Undergraduate,Autumn Unified Exam,English
254140148,rocket,submarine,anime,camping,recorder,phonograph,allergy,idea,mapleleaf,algebra,female,Han,Guizhou,Food Hygiene & Nutrition,Basic Medicine College,Second-batch Undergraduate,Autumn Unified Exam,English
254140149,baozi,airplane,durian,hospital,infant,dust,dolphin,television,joke,knowledge,female,Han,Guizhou,Food Hygiene & Nutrition,Basic Medicine College,Second-batch Undergraduate,Autumn Unified Exam,English
254140150,pineapple,rocket,fabric,beauty,game,morality,carelessness,love,stroll,glutton,male,Buyi,Guizhou,Food Hygiene & Nutrition,Basic Medicine College,Second-batch Undergraduate,Autumn Unified Exam,English
254240101,cellphone,clothes,apple,airplane,ocean,diamond,chemistry,soul,laser,motivation,male,Han,Guizhou,Intelligent Medical Engineering,Intelligent Information Engineering College,Second-batch Undergraduate,Autumn Unified Exam,English
254240102,fish,takeout,chicken,sausage,potato,egg,tomato,rice,steak,chicken,male,Han,Guizhou,Intelligent Medical Engineering,Intelligent Information Engineering College,Second-batch Undergraduate,Autumn Unified Exam,English
254240103,table,apple,soil,energy,light,hope,green,hair,air,cabbage,male,Buyi,Guizhou,Intelligent Medical Engineering,Intelligent Information Engineering College,Second-batch Undergraduate,Autumn Unified Exam,English
254240104,hesitation,regret,risk,table,brilliance,meticulousness,style,debugging,language,past,male,Buyi,Guizhou,Intelligent Medical Engineering,Intelligent Information Engineering College,Second-batch Undergraduate,Autumn Unified Exam,English
254240105,teacher,watermelon,bicycle,racket,glasses,ai,qrcode,light,tree,curtain,male,Han,Guizhou,Intelligent Medical Engineering,Intelligent Information Engineering College,Second-batch Undergraduate,Autumn Unified Exam,English
254240106,insect,person,bug,alien,watermelon,planet,dust,universe,stone,galaxy,male,Han,Guizhou,Intelligent Medical Engineering,Intelligent Information Engineering College,Second-batch Undergraduate,Autumn Unified Exam,English
254240107,apple,sky,gasoline,kitten,drone,word,fence,ideal,child,zipper,male,Bai,Guizhou,Intelligent Medical Engineering,Intelligent Information Engineering College,Second-batch Undergraduate,Autumn Unified Exam,English
254240108,star,chinese,puppy,train,conduct,today,reliability,ambition,modesty,advance,male,Han,Guizhou,Intelligent Medical Engineering,Intelligent Information Engineering College,Second-batch Undergraduate,Autumn Unified Exam,English
254240109,castle,monkey,fluid,squid,starscape,silt,taro,universe,paint,apple,male,Han,Guizhou,Intelligent Medical Engineering,Intelligent Information Engineering College,Second-batch Undergraduate,Autumn Unified Exam,English
254240110,extinguisher,lightning,insole,shampoo,cola,sword,fan,bottle,brook,boardgame,male,Han,Guizhou,Intelligent Medical Engineering,Intelligent Information Engineering College,Second-batch Undergraduate,Autumn Unified Exam,English
254240111,abscond,carefully,laughter,feeling,sun,moon,school,star,red,sky,female,Dong,Guizhou,Intelligent Medical Engineering,Intelligent Information Engineering College,Second-batch Undergraduate,Autumn Unified Exam,Japanese
254240112,pomelo,country,apple,banana,people,youth,hometown,school,childhood,recollection,male,Han,Guizhou,Intelligent Medical Engineering,Intelligent Information Engineering College,Second-batch Undergraduate,Autumn Unified Exam,English
254240114,refrigerator,complete,body,strive,positive,serious,effort,corpse,strive,perfect,female,Buyi,Guizhou,Intelligent Medical Engineering,Intelligent Information Engineering College,Second-batch Undergraduate,Autumn Unified Exam,English
254240115,silt,pencil,house,projector,bag,belt,workbook,scissors,sewing,poetry,female,Yi,Guizhou,Intelligent Medical Engineering,Intelligent Information Engineering College,Second-batch Undergraduate,Autumn Unified Exam,English
254240116,marker,rocket,banana,spacestation,university,volcano,stool,flower,amusementpark,notebook,female,Hui,Guizhou,Intelligent Medical Engineering,Intelligent Information Engineering College,Second-batch Undergraduate,Autumn Unified Exam,English
254240118,bridge,lovehate,watermelon,thinking,mode,cultivation,ism,life,object,regret,male,Han,Guizhou,Intelligent Medical Engineering,Intelligent Information Engineering College,Second-batch Undergraduate,Autumn Unified Exam,English
254240120,banana,schoolbag,rubber,boat,hat,cup,keyboard,cellphone,bracelet,cat,female,Hui,Guizhou,Intelligent Medical Engineering,Intelligent Information Engineering College,Second-batch Undergraduate,Autumn Unified Exam,English
254240123,mountain,schoolbag,clothes,snack,car,pencil,table,land,puppy,redflag,female,Han,Guizhou,Intelligent Medical Engineering,Intelligent Information Engineering College,Second-batch Undergraduate,Autumn Unified Exam,English
254240125,season,economy,cloud,weather,scenery,seasons,world,peace,success,individual,female,Miao,Guizhou,Intelligent Medical Engineering,Intelligent Information Engineering College,Second-batch Undergraduate,Autumn Unified Exam,English
254240127,engineering,invincible,armor,brilliance,success,cloud,fortune,comeback,override,galaxy,male,Han,Guizhou,Intelligent Medical Engineering,Intelligent Information Engineering College,Second-batch Undergraduate,Autumn Unified Exam,English
254240128,rocket,rubberband,microscope,analects,ai,karst,banana,zither,dancing,insulin,female,Dong,Guizhou,Intelligent Medical Engineering,Intelligent Information Engineering College,Second-batch Undergraduate,Autumn Unified Exam,English
254240129,computer,chair,book,airconditioner,waterheater,paper,satellite,pen,rocket,rubberband,female,Miao,Guizhou,Intelligent Medical Engineering,Intelligent Information Engineering College,Second-batch Undergraduate,Autumn Unified Exam,English
254240132,shoes,cellphone,chopsticks,television,radio,sofa,underpass,headphones,fertilizer,microphone,male,Han,Guizhou,Intelligent Medical Engineering,Intelligent Information Engineering College,Second-batch Undergraduate,Autumn Unified Exam,English
254240134,torch,certificate,spaceship,strawberry,computer,road,lollipop,train,bicycle,rubberband,female,Han,Guizhou,Intelligent Medical Engineering,Intelligent Information Engineering College,Second-batch Undergraduate,Autumn Unified Exam,English
254240136,running,refill,banana,radish,headphones,hair,schoolbag,photo,achievement,button,female,Han,Guizhou,Intelligent Medical Engineering,Intelligent Information Engineering College,Second-batch Undergraduate,Autumn Unified Exam,English
254240137,post,weathervane,style,breeze,scenery,picture,map,place,footsteps,location,female,Buyi,Guizhou,Intelligent Medical Engineering,Intelligent Information Engineering College,Second-batch Undergraduate,Autumn Unified Exam,English
254240141,music,yangtze,backpack,textbook,actor,work,sunshine,pet,grain,olfaction,female,Han,Guizhou,Intelligent Medical Engineering,Intelligent Information Engineering College,Second-batch Undergraduate,Autumn Unified Exam,English
254240143,innovation,development,assault,banana,vegetable,erudite,life,brothers,space,trees,male,Han,Guizhou,Intelligent Medical Engineering,Intelligent Information Engineering College,Second-batch Undergraduate,Autumn Unified Exam,English
254340107,future,youth,dreamland,house,red,vitality,vitality,world,peace,technology,female,Buyi,Guizhou,Broadcasting & Hosting Arts,Public Administration College,Arts/PE Undergraduate,Autumn Unified Exam,English
254340108,omen,wellbeing,solid,peace,enthusiasm,universal,unknown,disguise,explore,use,female,Buyi,Guizhou,Broadcasting & Hosting Arts,Public Administration College,Arts/PE Undergraduate,Autumn Unified Exam,English
254340110,interstellar,notebook,airplane,orbit,racket,school,bookmark,ledger,nebula,transmitter,female,Han,Guizhou,Broadcasting & Hosting Arts,Public Administration College,Arts/PE Undergraduate,Autumn Unified Exam,English
254340111,firmament,labrador,ruble,raccoon,milu,ostrich,corona,crescent,sky,leyline,male,Buyi,Guizhou,Broadcasting & Hosting Arts,Public Administration College,Arts/PE Undergraduate,Autumn Unified Exam,English
254340114,fish,fan,lever,ring,bag,hairpin,timer,book,extinguisher,sky,female,Han,Guizhou,Broadcasting & Hosting Arts,Public Administration College,Arts/PE Undergraduate,Autumn Unified Exam,English
254340121,shoes,light,notebook,notebook,computer,camera,boot,hazy,orbit,college,female,Han,Guizhou,Broadcasting & Hosting Arts,Public Administration College,Arts/PE Undergraduate,Autumn Unified Exam,English
254340124,grass,sky,sun,floret,daytime,sleep,finger,wall,blackboard,branch,female,Yi,Guizhou,Broadcasting & Hosting Arts,Public Administration College,Arts/PE Undergraduate,Autumn Unified Exam,English
254340129,building,sky,banana,camera,yogurt,strait,wig,orange,bittermelon,jade,female,Tujia,Guizhou,Broadcasting & Hosting Arts,Public Administration College,Arts/PE Undergraduate,Autumn Unified Exam,English
254340131,book,train,life,cola,aisle,flag,plaza,course,toy,animal,female,Han,Guizhou,Broadcasting & Hosting Arts,Public Administration College,Arts/PE Undergraduate,Autumn Unified Exam,English
254340133,east,shape,easterly,house,shoes,bloodstain,rim,chess,collar,necklace,female,Han,Guizhou,Broadcasting & Hosting Arts,Public Administration College,Arts/PE Undergraduate,Autumn Unified Exam,English
254340135,potato,soil,broom,skirt,salt,grape,subject,experiment,light,horn,female,Han,Guizhou,Broadcasting & Hosting Arts,Public Administration College,Arts/PE Undergraduate,Autumn Unified Exam,English
254340136,dog,journalist,music,student,classroom,teacher,masses,snail,restaurant,doctor,female,Han,Guizhou,Broadcasting & Hosting Arts,Public Administration College,Arts/PE Undergraduate,Autumn Unified Exam,English
254340138,alarm,stamp,book,pencil,piano,guitar,egg,sofa,bread,lamp,female,Han,Chongqing,Broadcasting & Hosting Arts,Public Administration College,Arts/PE Undergraduate,Autumn Unified Exam,English
254340147,cloud,lakewater,flower,storm,flood,nature,flame,skyscraper,rainbow,volcano,male,Han,Shandong,Broadcasting & Hosting Arts,Public Administration College,Arts/PE Undergraduate,Autumn Unified Exam,English
254340148,hotel,room,car,mountain,redflag,airconditioner,magma,sandstorm,flower,tiger,male,Han,Shandong,Broadcasting & Hosting Arts,Public Administration College,Arts/PE Undergraduate,Autumn Unified Exam,English
254440101,mermaid,ocean,vacation,flower,hotpot,star,snowflake,wildcat,milktea,snowman,female,Han,Guizhou,Chinese Pharmacy,Basic Medicine College,Second-batch Undergraduate,Autumn Unified Exam,English
254440102,game,pomegranate,salt,copybook,stele,couplet,barbecue,meeting,nightmarket,springtime,female,Han,Guizhou,Chinese Pharmacy,Basic Medicine College,Second-batch Undergraduate,Autumn Unified Exam,English
254440105,forte,rag,proof,food,medicine,medicine,clinical,medicine,nursing,firearms,male,Han,Guizhou,Chinese Pharmacy,Basic Medicine College,Second-batch Undergraduate,Autumn Unified Exam,English
254440107,manicure,piano,durian,hanger,backpack,doll,foundation,lipstick,hair,mathematics,female,Gelao,Guizhou,Chinese Pharmacy,Basic Medicine College,Second-batch Undergraduate,Autumn Unified Exam,English
254440108,money,books,pen,banana,culture,hammer,tribe,bone,stream,ink,male,Han,Guizhou,Chinese Pharmacy,Basic Medicine College,Second-batch Undergraduate,Autumn Unified Exam,English
254440109,watermelon,bulb,compass,brush,sweat,stairs,runway,ladder,glasses,backpack,female,Han,Guizhou,Chinese Pharmacy,Basic Medicine College,Second-batch Undergraduate,Autumn Unified Exam,English
254440110,boy,cellphone,text,teacher,pet,hair,trees,rubber,airplane,tower,male,Han,Guizhou,Chinese Pharmacy,Basic Medicine College,Second-batch Undergraduate,Autumn Unified Exam,English
254440111,tree,lamp,contacts,stone,rubber,glass,schoolbag,plastic,synthetics,cotton,female,Miao,Guizhou,Chinese Pharmacy,Basic Medicine College,Second-batch Undergraduate,Autumn Unified Exam,English
254440112,step,umbrella,tree,cloud,tomato,curtain,bedsheet,stone,glass,plastic,female,Han,Guizhou,Chinese Pharmacy,Basic Medicine College,Second-batch Undergraduate,Autumn Unified Exam,English
254440113,firearms,medicine,nonsense,proof,system,legality,water,task,resource,method,male,Yi,Guizhou,Chinese Pharmacy,Basic Medicine College,Second-batch Undergraduate,Autumn Unified Exam,English
254440114,pineapple,frog,notebook,cake,armor,soil,photo,booklet,drawer,knife,male,Yi,Guizhou,Chinese Pharmacy,Basic Medicine College,Second-batch Undergraduate,Autumn Unified Exam,English
254440115,bed,nailpolish,runway,umbrella,house,hardhat,mountain,bridge,contacts,car,female,Han,Guizhou,Chinese Pharmacy,Basic Medicine College,Second-batch Undergraduate,Autumn Unified Exam,English
254440116,suitcase,chopsticks,mask,raft,pencil,petal,chip,sickle,trashcan,kneepad,male,Buyi,Guizhou,Chinese Pharmacy,Basic Medicine College,Second-batch Undergraduate,Autumn Unified Exam,English
254440117,corn,shoes,spareribs,bread,milk,boat,carrier,airplane,navy,airforce,female,Han,Guizhou,Chinese Pharmacy,Basic Medicine College,Second-batch Undergraduate,Autumn Unified Exam,English
254440120,sky,basketball,seabed,lyrics,sport,travel,fruit,clothes,house,blood,male,Han,Guizhou,Chinese Pharmacy,Basic Medicine College,Second-batch Undergraduate,Autumn Unified Exam,English
254440122,milktea,cola,brush,rack,television,remote,runway,sneakers,cellphone,banana,female,Buyi,Guizhou,Chinese Pharmacy,Basic Medicine College,Second-batch Undergraduate,Autumn Unified Exam,English
254440123,hair,running,backpack,box,guohua,color,write,ink,luggage,button,female,Han,Guizhou,Chinese Pharmacy,Basic Medicine College,Second-batch Undergraduate,Autumn Unified Exam,English
254440125,hair,series,rice,sleep,talk,raise,drama,mantou,scratch,hydrate,female,Han,Guizhou,Chinese Pharmacy,Basic Medicine College,Second-batch Undergraduate,Autumn Unified Exam,English
254440127,cabbage,beer,radish,water,rabbit,cat,person,pig,bear,bird,male,Gelao,Guizhou,Chinese Pharmacy,Basic Medicine College,Second-batch Undergraduate,Autumn Unified Exam,Japanese
254440128,rocket,wall,apple,submarine,wheelchair,temple,monkey,machinery,forest,ocean,male,Han,Guizhou,Chinese Pharmacy,Basic Medicine College,Second-batch Undergraduate,Autumn Unified Exam,English
254440129,gale,muffler,infrared,ultraviolet,airbag,wall,bulletproof,nightvision,thermograph,smokescreen,male,Han,Guizhou,Chinese Pharmacy,Basic Medicine College,Second-batch Undergraduate,Autumn Unified Exam,English
254440130,glasses,eye,typhoon,lamp,refrigerator,suitcase,toothbrush,scissors,towel,towel,female,Miao,Guizhou,Chinese Pharmacy,Basic Medicine College,Second-batch Undergraduate,Autumn Unified Exam,English
254440131,banana,strawberry,garlic,pear,lawn,rice,coil,grape,watermelon,pineapple,female,Han,Guizhou,Chinese Pharmacy,Basic Medicine College,Second-batch Undergraduate,Autumn Unified Exam,English
254440132,umbrella,table,cup,pants,wristwatch,rubberband,couplet,light,ricepaper,mask,female,Han,Guizhou,Chinese Pharmacy,Basic Medicine College,Second-batch Undergraduate,Autumn Unified Exam,English
254440133,banana,hairpin,bracelet,gourd,cellphone,computer,stud,seat,book,wall,female,Gelao,Guizhou,Chinese Pharmacy,Basic Medicine College,Second-batch Undergraduate,Autumn Unified Exam,English
254440134,tank,grass,firearms,airplane,clothes,airconditioner,glasses,pork,drink,wallet,male,Buyi,Guizhou,Chinese Pharmacy,Basic Medicine College,Second-batch Undergraduate,Autumn Unified Exam,English
254440137,safety,cellphone,market,supermarket,fruit,vegetable,ingredient,staple,apple,watermelon,female,Han,Guizhou,Chinese Pharmacy,Basic Medicine College,Second-batch Undergraduate,Autumn Unified Exam,English
254440138,durian,seashell,cat,cicada,clotheshorse,paint,coconut,ocean,springhead,boat,female,Han,Guizhou,Chinese Pharmacy,Basic Medicine College,Second-batch Undergraduate,Autumn Unified Exam,English
254440139,source,hair,car,lighter,ore,wood,scanner,alcohol,gallbladder,soda,male,Han,Guizhou,Chinese Pharmacy,Basic Medicine College,Second-batch Undergraduate,Autumn Unified Exam,English
254440140,tears,hair,runway,fabric,space,alien,timber,dinner,glass,ink,female,Han,Guizhou,Chinese Pharmacy,Basic Medicine College,Second-batch Undergraduate,Autumn Unified Exam,English
254440141,highway,car,apple,camera,brush,soap,trashcan,notebook,medicine,house,female,Han,Guizhou,Chinese Pharmacy,Basic Medicine College,Second-batch Undergraduate,Autumn Unified Exam,English
254440143,grave,soymilk,cellphone,chopsticks,books,gravitation,draft,notes,picture,album,male,Tujia,Guizhou,Chinese Pharmacy,Basic Medicine College,Second-batch Undergraduate,Autumn Unified Exam,English
254440144,fruit,start,milk,homecoming,life,toothache,welfare,packet,midautumn,bootcamp,female,Buyi,Guizhou,Chinese Pharmacy,Basic Medicine College,Second-batch Undergraduate,Autumn Unified Exam,English
254440145,tool,animal,book,portrait,portrayal,school,clothes,truth,imagine,cup,female,Han,Guizhou,Chinese Pharmacy,Basic Medicine College,Second-batch Undergraduate,Autumn Unified Exam,English
254440146,car,livestock,ocean,tree,mountain,flower,cloud,stream,cookie,cake,female,Han,Guizhou,Chinese Pharmacy,Basic Medicine College,Second-batch Undergraduate,Autumn Unified Exam,English
254440147,convenient,economical,efficiency,persistence,extensiveness,authoritativeness,flexibility,timeliness,quick,precision,female,Han,Guizhou,Chinese Pharmacy,Basic Medicine College,Second-batch Undergraduate,Autumn Unified Exam,English
254440149,stud,dye,bread,milk,banana,shoes,skincare,rocket,radio,syringe,female,Han,Guizhou,Chinese Pharmacy,Basic Medicine College,Second-batch Undergraduate,Autumn Unified Exam,English
254440150,milktea,hotpot,blaze,notebook,airplane,glasses,earring,clothes,tablet,cellphone,female,Han,Guizhou,Chinese Pharmacy,Basic Medicine College,Second-batch Undergraduate,Autumn Unified Exam,English
254440151,running,grassland,weapon,attention,lawn,pole,flower,milk,step,flag,female,Han,Guizhou,Chinese Pharmacy,Basic Medicine College,Second-batch Undergraduate,Autumn Unified Exam,English
254440153,airplane,pineapple,book,curtain,piano,shirt,eye,cellphone,cup,letter,female,Buyi,Guizhou,Chinese Pharmacy,Basic Medicine College,Second-batch Undergraduate,Autumn Unified Exam,English
254440154,building,car,jacket,runway,cuttingboard,book,airconditioner,umbrella,bracelet,sofa,female,Han,Guizhou,Chinese Pharmacy,Basic Medicine College,Second-batch Undergraduate,Autumn Unified Exam,English
254440155,orchid,land,mountains,coral,runway,window,starscape,ocean,environment,gold,female,Miao,Guizhou,Chinese Pharmacy,Basic Medicine College,Second-batch Undergraduate,Autumn Unified Exam,English
254440156,future,sky,paper,wallet,nation,school,doctor,classroom,role,thought,male,Chuanqing,Guizhou,Chinese Pharmacy,Basic Medicine College,Second-batch Undergraduate,Autumn Unified Exam,Japanese
254440157,cheese,apple,reading,write,runway,jumprope,cherry,food,chess,dance,female,Han,Guizhou,Chinese Pharmacy,Basic Medicine College,Second-batch Undergraduate,Autumn Unified Exam,English
254440158,soymilk,hat,apple,cup,toothbrush,mirror,desk,pen,shoe,tshirt,female,Han,Guizhou,Chinese Pharmacy,Basic Medicine College,Second-batch Undergraduate,Autumn Unified Exam,English
254440159,happy,pain,fruit,icecube,cheese,overcast,daytime,mountain,mungbean,ocean,female,Han,Guizhou,Chinese Pharmacy,Basic Medicine College,Second-batch Undergraduate,Autumn Unified Exam,Japanese
254440160,rectangle,nursing,banana,backpack,hair,fingernail,ring,typhoon,sandstorm,mudslide,female,Han,Guizhou,Chinese Pharmacy,Basic Medicine College,Second-batch Undergraduate,Autumn Unified Exam,English
